{
"type": "FeatureCollection",
"name": "GEO3_Area",
"crs": { "type": "name", "properties": { "name": "urn:ogc:def:crs:OGC:1.3:CRS84" } },
"features": [
{ "type": "Feature", "properties": { "FID_": 0, "Entity": "LWPolyline", "Layer": "morska linia brzegowa", "Color": 202, "Linetype": "ACAD_ISO03W100", "Elevation": 0.0, "LineWt": 25, "RefName": null }, "geometry": { "type": "MultiPolygon", "coordinates": [ [ [ [ 14.632692442338534, 53.518212983405988 ], [ 14.632663047209411, 53.517829109783911 ], [ 14.632603640528091, 53.517602844701479 ], [ 14.63262877180113, 53.517468943476118 ], [ 14.632414408551806, 53.517203922932325 ], [ 14.63226973048368, 53.517162142425789 ], [ 14.632264845395854, 53.516977649731167 ], [ 14.632200125172131, 53.516930005621703 ], [ 14.632175376526396, 53.516810867793183 ], [ 14.632260378928885, 53.516709769485999 ], [ 14.632255608737363, 53.516581707595151 ], [ 14.632380397797975, 53.516552078409156 ], [ 14.632380790044916, 53.516367510666633 ], [ 14.632326240012976, 53.516120503257319 ], [ 14.632141642500764, 53.516057844270208 ], [ 14.63224648014878, 53.516034084253626 ], [ 14.632266766602193, 53.515867460237217 ], [ 14.632186871254161, 53.515831721044563 ], [ 14.632326860013286, 53.515805014482318 ], [ 14.632321926232017, 53.515730505846435 ], [ 14.632282008374883, 53.515691834923274 ], [ 14.632222192526559, 53.515635219230276 ], [ 14.63164744498398, 53.515917671141786 ], [ 14.630982834552487, 53.516304257917817 ], [ 14.630542857069035, 53.516482524950568 ], [ 14.630038196641015, 53.516660860348495 ], [ 14.629062729297933, 53.517455596979367 ], [ 14.628878519549765, 53.517693598462778 ], [ 14.628734073645509, 53.518022030021832 ], [ 14.628789770228641, 53.518222046956147 ], [ 14.629076994803764, 53.518446055560922 ], [ 14.629076834264607, 53.51855083027646 ], [ 14.629140590577361, 53.518622284860079 ], [ 14.629092623238376, 53.518693663394401 ], [ 14.628956709276073, 53.518684075098193 ], [ 14.628860998994064, 53.518645949010242 ], [ 14.628924541996593, 53.518793602169595 ], [ 14.629012336775066, 53.518874657317092 ], [ 14.629130330560294, 53.519192850502591 ], [ 14.629260581302358, 53.51916054667435 ], [ 14.629342158837645, 53.519228641879103 ], [ 14.629287608353064, 53.519294338925057 ], [ 14.629471950869315, 53.519439042240023 ], [ 14.629689257372275, 53.519452116269932 ], [ 14.629694590143501, 53.519497510431727 ], [ 14.629661929350712, 53.519542788075753 ], [ 14.629786811771304, 53.519607602685646 ], [ 14.62984078518161, 53.519798538725567 ], [ 14.629818791272534, 53.519934514847918 ], [ 14.629889242891785, 53.519999340570216 ], [ 14.629900063336549, 53.520089951629728 ], [ 14.630019574604463, 53.520096431007381 ], [ 14.629997805655785, 53.520103103381622 ], [ 14.629997752253484, 53.520264848081077 ], [ 14.630165602855829, 53.520468805596472 ], [ 14.630192634340348, 53.520585344426124 ], [ 14.630355150296905, 53.520692239345287 ], [ 14.63046382554348, 53.520731213611768 ], [ 14.630539691604634, 53.520867223083322 ], [ 14.630506861305941, 53.520983756833729 ], [ 14.630639636413688, 53.521338027946989 ], [ 14.630755260656528, 53.521583877589528 ], [ 14.630908179650058, 53.521633052077725 ], [ 14.631028132956015, 53.521589122604453 ], [ 14.631028423767448, 53.521451730384982 ], [ 14.631250167524772, 53.521215459505818 ], [ 14.631278725612615, 53.520687722200933 ], [ 14.631398690724987, 53.520676770909233 ], [ 14.631480193906755, 53.520545739200792 ], [ 14.63149521038317, 53.520483334086258 ], [ 14.631614978230413, 53.520495204268734 ], [ 14.631637989817039, 53.520414942457869 ], [ 14.631675248315847, 53.520343530628892 ], [ 14.63161539879024, 53.52030767236662 ], [ 14.631650391447938, 53.520254135866828 ], [ 14.631770337968629, 53.520245339565108 ], [ 14.63184551717527, 53.520060823143567 ], [ 14.63174080772054, 53.519929756649312 ], [ 14.631995509866677, 53.519977537142097 ], [ 14.632055403090602, 53.519938992807177 ], [ 14.632096030441097, 53.519513371211836 ], [ 14.631946417499732, 53.519361499098352 ], [ 14.632141289325507, 53.519284192190433 ], [ 14.632531823447513, 53.518689096201015 ], [ 14.632437232902133, 53.5185908604521 ], [ 14.632467273511784, 53.518534342268254 ], [ 14.632627158584672, 53.518457017242 ], [ 14.632692442338534, 53.518212983405988 ] ] ] ] } },
{ "type": "Feature", "properties": { "FID_": 0, "Entity": "LWPolyline", "Layer": "morska linia brzegowa", "Color": 202, "Linetype": "ACAD_ISO03W100", "Elevation": 0.0, "LineWt": 25, "RefName": null }, "geometry": { "type": "MultiPolygon", "coordinates": [ [ [ [ 14.276046944324813, 53.739019168084631 ], [ 14.276059327269328, 53.739024665718951 ], [ 14.276229700418881, 53.739386403193429 ], [ 14.276138928939739, 53.739481172179929 ], [ 14.276063298641089, 53.739595077760917 ], [ 14.276121248744641, 53.739908306951968 ], [ 14.27602200767493, 53.739878711581753 ], [ 14.276052452542121, 53.739986942628263 ], [ 14.276234942376609, 53.740091624318481 ], [ 14.276560273777211, 53.740121875001734 ], [ 14.276770246310166, 53.740319703689096 ], [ 14.277484151767004, 53.740415359743466 ], [ 14.277872137068348, 53.740457104891874 ], [ 14.278242855680094, 53.740397841620975 ], [ 14.278367745402841, 53.740251609521749 ], [ 14.279055446402982, 53.740220331195623 ], [ 14.279756641323969, 53.740411622334761 ], [ 14.279783161213873, 53.740231590601496 ], [ 14.280128155156623, 53.740035427236705 ], [ 14.28070320168225, 53.739839552711786 ], [ 14.28108830151708, 53.739736011306675 ], [ 14.281704853560619, 53.739721262565084 ], [ 14.281885725703582, 53.739663605771774 ], [ 14.282186986394061, 53.739672074879167 ], [ 14.282148530977333, 53.739511603970456 ], [ 14.281980113488975, 53.739571343765569 ], [ 14.281793773368507, 53.739570521760555 ], [ 14.28160044664773, 53.73960505748682 ], [ 14.28111540977439, 53.739635835004925 ], [ 14.280804510488625, 53.739663829187492 ], [ 14.28108121540985, 53.739468177335461 ], [ 14.281555712269403, 53.739229910421592 ], [ 14.281650993240889, 53.739025365915396 ], [ 14.281853309727037, 53.738854186682531 ], [ 14.282442889465091, 53.738576273074642 ], [ 14.282352051027821, 53.738480069089398 ], [ 14.282650916308674, 53.73835424096427 ], [ 14.282797558361832, 53.738335636192801 ], [ 14.282873575968125, 53.738405429437123 ], [ 14.283108130788065, 53.738265640216603 ], [ 14.283254683575022, 53.738081862118271 ], [ 14.283171936302516, 53.738052827149971 ], [ 14.283077061760686, 53.738124578807927 ], [ 14.282932384022025, 53.738063565827943 ], [ 14.28290223165067, 53.73795525322442 ], [ 14.28265287842787, 53.737892399618339 ], [ 14.28198952286162, 53.737838654102944 ], [ 14.28177109178217, 53.737787830856554 ], [ 14.281215493256621, 53.737828962523452 ], [ 14.279883481992163, 53.737787056937627 ], [ 14.279725910101146, 53.737819886672241 ], [ 14.279592672701728, 53.737781337898085 ], [ 14.279326740292605, 53.737869245363022 ], [ 14.279511350695431, 53.738156674695496 ], [ 14.279329148572113, 53.738263030896306 ], [ 14.279251802609283, 53.738380136202082 ], [ 14.279078671402678, 53.738414318300009 ], [ 14.27853343705414, 53.738527064750116 ], [ 14.278503255061192, 53.738625462744565 ], [ 14.278216459738942, 53.738684119311557 ], [ 14.278163486649104, 53.738630943088047 ], [ 14.278041516391689, 53.738624478895474 ], [ 14.277711118771485, 53.738674949571028 ], [ 14.277424588427477, 53.738776319381067 ], [ 14.277422115803414, 53.738814476279259 ], [ 14.277236362691779, 53.738811683734674 ], [ 14.276924719666175, 53.738890991091267 ], [ 14.276739717931211, 53.738808731613688 ], [ 14.27644166164748, 53.73889832723588 ], [ 14.276046944324813, 53.739019168084631 ] ] ] ] } },
{ "type": "Feature", "properties": { "FID_": 0, "Entity": "LWPolyline", "Layer": "morska linia brzegowa", "Color": 202, "Linetype": "ACAD_ISO03W100", "Elevation": 0.0, "LineWt": 25, "RefName": null }, "geometry": { "type": "MultiPolygon", "coordinates": [ [ [ [ 14.630294742506512, 53.530418444428626 ], [ 14.630255937633871, 53.530441058848844 ], [ 14.630188815305555, 53.530649770684704 ], [ 14.630129618747876, 53.530727764397433 ], [ 14.630112562668485, 53.530815771868852 ], [ 14.630053288328725, 53.530850902169561 ], [ 14.630002071918836, 53.530878510163319 ], [ 14.63001511236987, 53.530974248826617 ], [ 14.629930464647639, 53.53109978781476 ], [ 14.629934449599643, 53.531248154541032 ], [ 14.62988376353778, 53.531318537046374 ], [ 14.629879535870964, 53.53135374778455 ], [ 14.629913228296667, 53.531381438212847 ], [ 14.629879458173512, 53.531431744404244 ], [ 14.62989671539502, 53.531459203965909 ], [ 14.629940157683489, 53.531458260315461 ], [ 14.629970723523281, 53.531481358378393 ], [ 14.630034718950711, 53.531458642935313 ], [ 14.630064451790005, 53.531352433587685 ], [ 14.630131766502068, 53.531312025365281 ], [ 14.630180276238329, 53.531266438597029 ], [ 14.630190357084398, 53.531217137089733 ], [ 14.630158311711591, 53.53113895252649 ], [ 14.63019028199855, 53.531087381795707 ], [ 14.630261320489502, 53.531017692919995 ], [ 14.630283632721934, 53.530897531626081 ], [ 14.630330213222262, 53.530813479386964 ], [ 14.630334529065426, 53.530750951448191 ], [ 14.630374887256302, 53.530688534982374 ], [ 14.630340669102692, 53.530634425382765 ], [ 14.630348706730905, 53.53059482337671 ], [ 14.630375028091818, 53.53056839639337 ], [ 14.63038737171579, 53.530519191969958 ], [ 14.63032410015801, 53.530476314212251 ], [ 14.630319969049079, 53.530431102400314 ], [ 14.630294742506512, 53.530418444428626 ] ] ] ] } },
{ "type": "Feature", "properties": { "FID_": 0, "Entity": "LWPolyline", "Layer": "morska linia brzegowa", "Color": 202, "Linetype": "ACAD_ISO03W100", "Elevation": 0.0, "LineWt": 25, "RefName": null }, "geometry": { "type": "MultiPolygon", "coordinates": [ [ [ [ 14.521773694490081, 53.660443312571282 ], [ 14.521754293784559, 53.660442861653756 ], [ 14.519851501759678, 53.661174044207968 ], [ 14.51683091577884, 53.662344402491065 ], [ 14.516814985065125, 53.662361591347484 ], [ 14.516788087671602, 53.66237199577823 ], [ 14.516038845387817, 53.662759322999925 ], [ 14.515981792537453, 53.66278881670992 ], [ 14.515976466142083, 53.662791580764221 ], [ 14.5161081575853, 53.662917551421437 ], [ 14.516081155264674, 53.662937121128195 ], [ 14.516588252637085, 53.663415048486343 ], [ 14.516744531003074, 53.663574184648411 ], [ 14.517037362372202, 53.663831635868256 ], [ 14.517091422465244, 53.663840659578973 ], [ 14.517584180290068, 53.663668594479141 ], [ 14.518662322416832, 53.663253753526639 ], [ 14.519960056286777, 53.662777514270857 ], [ 14.521667072119337, 53.662120397400372 ], [ 14.52234924107109, 53.66185112606793 ], [ 14.523530697592859, 53.661361983206618 ], [ 14.524584814782701, 53.660934143353941 ], [ 14.524602101596214, 53.660903751776125 ], [ 14.524599945617524, 53.660880290580479 ], [ 14.524407528243104, 53.660690828356763 ], [ 14.523950294254746, 53.660280345156316 ], [ 14.523436969793979, 53.659813837418859 ], [ 14.523415293807936, 53.659804226784843 ], [ 14.523384877833513, 53.659805094001115 ], [ 14.522579427502052, 53.660117099932798 ], [ 14.522285131450527, 53.6602426240472 ], [ 14.522282820199168, 53.660246388576404 ], [ 14.522275892496207, 53.66025687409752 ], [ 14.521791650972945, 53.66044372957758 ], [ 14.521773694490081, 53.660443312571282 ] ] ] ] } },
{ "type": "Feature", "properties": { "FID_": 0, "Entity": "LWPolyline", "Layer": "morska linia brzegowa", "Color": 202, "Linetype": "ACAD_ISO03W100", "Elevation": 0.0, "LineWt": 25, "RefName": null }, "geometry": { "type": "MultiPolygon", "coordinates": [ [ [ [ 14.268891956054802, 53.906837795475603 ], [ 14.268884685673804, 53.906835863661897 ], [ 14.268877838896305, 53.906835822347496 ], [ 14.268871880496411, 53.906837223857345 ], [ 14.268864351234479, 53.906841400558655 ], [ 14.268805955857438, 53.906882737585583 ], [ 14.268801172473262, 53.906886481843593 ], [ 14.268798967602072, 53.906890781958879 ], [ 14.268799657012597, 53.906894829576906 ], [ 14.268803689858753, 53.906899256354798 ], [ 14.268868867559242, 53.90693128197212 ], [ 14.268871026738378, 53.906929677731348 ], [ 14.268877513875031, 53.906932861895207 ], [ 14.268875356214409, 53.906934466183372 ], [ 14.269275480318928, 53.907131256135571 ], [ 14.269277790220961, 53.907129652081402 ], [ 14.269284126692483, 53.907132836030215 ], [ 14.269281815352054, 53.907134439140684 ], [ 14.269601688286734, 53.907291113729009 ], [ 14.269746677412872, 53.907362710443209 ], [ 14.269748987230466, 53.907361107276529 ], [ 14.269755476020093, 53.907364291442178 ], [ 14.269753164684095, 53.90736589456175 ], [ 14.270219700228308, 53.907594443478281 ], [ 14.270222011559891, 53.907592840349686 ], [ 14.270228344730743, 53.90759611405354 ], [ 14.270226036842709, 53.907597627379509 ], [ 14.270690307172506, 53.90782544128853 ], [ 14.270692618499668, 53.907823838150819 ], [ 14.270698953666704, 53.907827021980886 ], [ 14.270696796026662, 53.90782862630202 ], [ 14.271161515754633, 53.908057159870523 ], [ 14.271163975805251, 53.908055647662003 ], [ 14.271170160392725, 53.908058830379957 ], [ 14.271168001239472, 53.908060434662417 ], [ 14.271525915438255, 53.908235574677931 ], [ 14.271528224835228, 53.908234061374095 ], [ 14.271534560208659, 53.908237244265294 ], [ 14.271532248889413, 53.908238847419312 ], [ 14.271594118778879, 53.90826887513721 ], [ 14.2716014058035, 53.90826990730087 ], [ 14.271607653999304, 53.90826940656958 ], [ 14.271613011447917, 53.908267641882546 ], [ 14.271618546149897, 53.908264350643236 ], [ 14.27167755181096, 53.90822283703212 ], [ 14.271682952033098, 53.908218646107002 ], [ 14.271684543599088, 53.9082146127869 ], [ 14.27168339962811, 53.908210382925951 ], [ 14.271681009695548, 53.90820776237269 ], [ 14.271613419388192, 53.908174196008815 ], [ 14.271611109917666, 53.908175710211019 ], [ 14.271604622457383, 53.908172525292336 ], [ 14.27160693225164, 53.908170922089589 ], [ 14.271258078251929, 53.90799988071538 ], [ 14.271255920623629, 53.908001485046775 ], [ 14.271249431699243, 53.907998300062452 ], [ 14.271251590766132, 53.907996696675056 ], [ 14.270785968605505, 53.907767527596476 ], [ 14.270783810971906, 53.907769131919267 ], [ 14.270777321634561, 53.907766037704363 ], [ 14.270779479268251, 53.907764433381665 ], [ 14.270314304118777, 53.907536164599399 ], [ 14.270312144961364, 53.90753776886644 ], [ 14.270305653770404, 53.907534764477084 ], [ 14.27030781333427, 53.907533070312923 ], [ 14.269844152897898, 53.907305527354502 ], [ 14.269841841568574, 53.9073071304759 ], [ 14.26983550646586, 53.907303947499322 ], [ 14.269837662184381, 53.907302433043654 ], [ 14.269370078711354, 53.907073246655777 ], [ 14.269367767377547, 53.907074849767994 ], [ 14.269361278253989, 53.90707175547967 ], [ 14.269363437422161, 53.907070151229846 ], [ 14.26896347792994, 53.90687264471326 ], [ 14.268961166592366, 53.906874247817605 ], [ 14.268954677530372, 53.906871153508206 ], [ 14.268956835184637, 53.90686954921852 ], [ 14.268891956054802, 53.906837795475603 ] ] ] ] } },
{ "type": "Feature", "properties": { "FID_": 0, "Entity": "LWPolyline", "Layer": "morska linia brzegowa", "Color": 202, "Linetype": "ACAD_ISO03W100", "Elevation": 0.0, "LineWt": 25, "RefName": null }, "geometry": { "type": "MultiPolygon", "coordinates": [ [ [ [ 14.618251707610867, 53.648820106109795 ], [ 14.618245344780894, 53.648821164143207 ], [ 14.618241087589707, 53.64882366620693 ], [ 14.618238185811304, 53.648826890750954 ], [ 14.61780397024366, 53.649630976135427 ], [ 14.617847608660966, 53.649638572576258 ], [ 14.617859752646636, 53.649616956535937 ], [ 14.617856885231356, 53.649616407956977 ], [ 14.617859344835052, 53.649611923077195 ], [ 14.617862212612685, 53.649612561568347 ], [ 14.618015258680792, 53.649329104196376 ], [ 14.618012391210858, 53.649328556518384 ], [ 14.618014699880359, 53.649324160865646 ], [ 14.618017567278173, 53.649324709440556 ], [ 14.618235525020337, 53.648920423277964 ], [ 14.618232657646702, 53.648919874708618 ], [ 14.618234964687668, 53.648915479904971 ], [ 14.618237835152366, 53.648916027662636 ], [ 14.618241677621702, 53.648909031358237 ], [ 14.6182729611581, 53.648894932869375 ], [ 14.618303109428696, 53.648838959183195 ], [ 14.618303453723474, 53.648834377623139 ], [ 14.618299561498299, 53.648829962160328 ], [ 14.618293380186051, 53.648827696257719 ], [ 14.618256998514978, 53.648820302465673 ], [ 14.618251707610867, 53.648820106109795 ] ] ] ] } },
{ "type": "Feature", "properties": { "FID_": 0, "Entity": "LWPolyline", "Layer": "morska linia brzegowa", "Color": 202, "Linetype": "ACAD_ISO03W100", "Elevation": 0.0, "LineWt": 25, "RefName": null }, "geometry": { "type": "MultiPolygon", "coordinates": [ [ [ [ 14.592593128301649, 53.63488322535909 ], [ 14.592608445220172, 53.63528628364682 ], [ 14.592672571543266, 53.635566494195679 ], [ 14.592620698988609, 53.635866258040402 ], [ 14.592662701852952, 53.636214414240172 ], [ 14.592791889747145, 53.636427183253041 ], [ 14.593094053013264, 53.636968965736521 ], [ 14.593415117106654, 53.637212669106361 ], [ 14.59383047789259, 53.637493532612069 ], [ 14.594538407072458, 53.637601782235791 ], [ 14.594998172257375, 53.637620411885344 ], [ 14.595567644575157, 53.637566625074548 ], [ 14.596077825605157, 53.637530877870809 ], [ 14.596253606162646, 53.637347534335113 ], [ 14.596489636725895, 53.637314455287246 ], [ 14.596679286425557, 53.637277803693564 ], [ 14.59675892405561, 53.637139513606584 ], [ 14.596623812432499, 53.637070139055552 ], [ 14.59623958719556, 53.637010436990344 ], [ 14.596147244483827, 53.636895738421437 ], [ 14.59616801551179, 53.63673137164006 ], [ 14.596325675604392, 53.636608530110628 ], [ 14.596374915209799, 53.636423682856929 ], [ 14.596143150707045, 53.636168697123132 ], [ 14.596229032735472, 53.635898968413613 ], [ 14.596596723389984, 53.635677993911699 ], [ 14.596546585029659, 53.635466033542642 ], [ 14.596329203755161, 53.63535208154417 ], [ 14.596057555571457, 53.635205328765018 ], [ 14.595671264321091, 53.635142294253377 ], [ 14.594990047437227, 53.63498004718403 ], [ 14.59466441142399, 53.634867162905515 ], [ 14.594268900851146, 53.634741282589673 ], [ 14.59400118685895, 53.634579622361379 ], [ 14.593878136000855, 53.63435779911083 ], [ 14.593715544532854, 53.634269996669985 ], [ 14.593308245367027, 53.634239051772234 ], [ 14.593268458432981, 53.634257336355489 ], [ 14.593079549853977, 53.634343854649259 ], [ 14.592593128301649, 53.63488322535909 ] ] ] ] } },
{ "type": "Feature", "properties": { "FID_": 0, "Entity": "LWPolyline", "Layer": "morska linia brzegowa", "Color": 202, "Linetype": "ACAD_ISO03W100", "Elevation": 0.0, "LineWt": 25, "RefName": null }, "geometry": { "type": "MultiPolygon", "coordinates": [ [ [ [ 14.448331295075961, 53.787595565285734 ], [ 14.447856717526085, 53.78767209395788 ], [ 14.447377737195572, 53.787748509950092 ], [ 14.446920309445364, 53.787859078440142 ], [ 14.446454196429428, 53.78797221145031 ], [ 14.446147555836514, 53.78806253674432 ], [ 14.445707595851585, 53.788194208286228 ], [ 14.445285075162998, 53.788349499793028 ], [ 14.444862482171107, 53.788510091233967 ], [ 14.444466197880848, 53.788689043298319 ], [ 14.444078535780164, 53.788881243250344 ], [ 14.443735179380241, 53.789073557326638 ], [ 14.443360618847192, 53.789295646603229 ], [ 14.443043106608696, 53.789518180235667 ], [ 14.442733147808287, 53.789754405281847 ], [ 14.44244876876982, 53.789995331740528 ], [ 14.442262441346793, 53.79016554825342 ], [ 14.442081173811431, 53.790343335620207 ], [ 14.441842360708442, 53.790614753649287 ], [ 14.441636907143231, 53.790865120172164 ], [ 14.44145694536021, 53.791138249085812 ], [ 14.441276264557844, 53.791453874591895 ], [ 14.441147336100579, 53.791734788540339 ], [ 14.441036298948482, 53.792005272696592 ], [ 14.440940457138383, 53.792297032255313 ], [ 14.440880193008264, 53.792594978986997 ], [ 14.440853100532165, 53.792897662284361 ], [ 14.440836609356504, 53.793179189320782 ], [ 14.440858309043838, 53.793475990688208 ], [ 14.440905190166328, 53.793785039247204 ], [ 14.4409654633986, 53.794068451720356 ], [ 14.441063800829211, 53.794365609838742 ], [ 14.441197931178253, 53.79466446248292 ], [ 14.441342634374411, 53.794933082723638 ], [ 14.441510224598654, 53.795215466692078 ], [ 14.441706115322035, 53.795481270118536 ], [ 14.441927601262648, 53.795739733914914 ], [ 14.44216695097248, 53.796013286298226 ], [ 14.442442226214055, 53.796267417503351 ], [ 14.442723038615725, 53.79650485966409 ], [ 14.443044384685015, 53.796753183156312 ], [ 14.443359039717073, 53.796968407895662 ], [ 14.443709099704533, 53.797180740594499 ], [ 14.444072784432858, 53.797384419612825 ], [ 14.444458628594919, 53.797576878734276 ], [ 14.444862581278183, 53.797754504681492 ], [ 14.445276832736136, 53.797922562327415 ], [ 14.445710592367172, 53.798073187495447 ], [ 14.446148918693789, 53.798211611504556 ], [ 14.446602198490737, 53.798332670795872 ], [ 14.447067364569831, 53.7984501897946 ], [ 14.447560899, 53.798546002704434 ], [ 14.448032635227136, 53.798625988413839 ], [ 14.448507299967611, 53.798691159941626 ], [ 14.449004446629726, 53.798743314254359 ], [ 14.449501208686618, 53.798778751561478 ], [ 14.450006488629191, 53.798801108072361 ], [ 14.450510050204256, 53.798804045008076 ], [ 14.451009525729924, 53.79879447159999 ], [ 14.451516643335395, 53.798769206563236 ], [ 14.452004872935918, 53.798725792636006 ], [ 14.452496485332773, 53.798667206501129 ], [ 14.452982930357907, 53.798597452847673 ], [ 14.453469626872513, 53.798508199735167 ], [ 14.453931082129538, 53.798410742473038 ], [ 14.454398114517668, 53.798292643572992 ], [ 14.454843108055018, 53.798165007066615 ], [ 14.455284996327244, 53.798019204297347 ], [ 14.455726204617111, 53.797855245933981 ], [ 14.456102677091913, 53.797697283249995 ], [ 14.456488952822959, 53.79752049378969 ], [ 14.456894749601664, 53.797312521553636 ], [ 14.457257106563789, 53.797106868372147 ], [ 14.457587670982905, 53.796894779790769 ], [ 14.457913330846749, 53.796662630409237 ], [ 14.458217971329773, 53.796424185643275 ], [ 14.458495069988949, 53.796179325623818 ], [ 14.45876172118383, 53.795920580446506 ], [ 14.458993274491007, 53.795664552454348 ], [ 14.459214437725921, 53.795390145970849 ], [ 14.459390547177831, 53.795114008153611 ], [ 14.459559253813012, 53.794834962221898 ], [ 14.459687897511184, 53.794555645352681 ], [ 14.459801362640395, 53.794288210219989 ], [ 14.459892787336798, 53.793976108713238 ], [ 14.459961787234501, 53.793672890494619 ], [ 14.459995597721829, 53.793379937776933 ], [ 14.460001887558919, 53.793079312802064 ], [ 14.459980786536054, 53.792772724901944 ], [ 14.459941871678765, 53.792494180531136 ], [ 14.459875682286613, 53.792200776914214 ], [ 14.459777097291793, 53.791889346310903 ], [ 14.459652165706744, 53.791608976733229 ], [ 14.459507471552797, 53.79133148325981 ], [ 14.459326737089885, 53.791048165485464 ], [ 14.45912692049694, 53.790773837485027 ], [ 14.458913652785448, 53.790507265819961 ], [ 14.458662307702937, 53.790251842634866 ], [ 14.458403379909775, 53.789996385252223 ], [ 14.458109915890873, 53.789759820848815 ], [ 14.457801338078706, 53.789518783626377 ], [ 14.457356597968802, 53.789223037617454 ], [ 14.45700213193002, 53.789010993783954 ], [ 14.456635918301322, 53.788815788483667 ], [ 14.456246775692193, 53.78863395577762 ], [ 14.455836774820879, 53.788457689107716 ], [ 14.455422629534688, 53.788297125256996 ], [ 14.454977980060422, 53.788148821867914 ], [ 14.454534993363147, 53.788012924391154 ], [ 14.454084414323093, 53.787889300888331 ], [ 14.453599284795846, 53.787785825300524 ], [ 14.453125390223663, 53.787693630908322 ], [ 14.452647779849858, 53.78761893971577 ], [ 14.452155636880288, 53.787553524080423 ], [ 14.451654233145522, 53.787511786430443 ], [ 14.451152843978122, 53.78748055973962 ], [ 14.450831065522697, 53.787464619693971 ], [ 14.450536953376895, 53.787468124431392 ], [ 14.450162231839304, 53.787462722886595 ], [ 14.449663546520297, 53.787480203544341 ], [ 14.449163054266474, 53.787508096253866 ], [ 14.44866803535699, 53.787558296499554 ], [ 14.448331295075961, 53.787595565285734 ] ] ] ] } },
{ "type": "Feature", "properties": { "FID_": 0, "Entity": "LWPolyline", "Layer": "morska linia brzegowa", "Color": 202, "Linetype": "ACAD_ISO03W100", "Elevation": 0.0, "LineWt": 25, "RefName": null }, "geometry": { "type": "MultiPolygon", "coordinates": [ [ [ [ 14.503023240647874, 53.741867551830062 ], [ 14.502327726377302, 53.74178613248489 ], [ 14.501686414497724, 53.741735665707616 ], [ 14.501103360570966, 53.741706373352407 ], [ 14.500435770436884, 53.741686430191223 ], [ 14.499789293381676, 53.741688316277965 ], [ 14.498992451542305, 53.741716077646998 ], [ 14.498381884165951, 53.741757284071646 ], [ 14.497770732164845, 53.741809086214793 ], [ 14.497167493720037, 53.741883653181354 ], [ 14.496631815561452, 53.741961375686074 ], [ 14.496040390184797, 53.742061684370192 ], [ 14.495448688291214, 53.742184902342807 ], [ 14.494865145728047, 53.742322528000102 ], [ 14.494287632516833, 53.742475273170243 ], [ 14.493765401376246, 53.742631213517996 ], [ 14.493221786452228, 53.7428130291092 ], [ 14.49272361449983, 53.742996921689517 ], [ 14.492135496684632, 53.743235781230659 ], [ 14.491700483068513, 53.743435572466957 ], [ 14.491137026356514, 53.743714787147901 ], [ 14.490721823046441, 53.743942693409664 ], [ 14.490195985463725, 53.744256298306965 ], [ 14.489823992625485, 53.74450765782619 ], [ 14.489426758259121, 53.744789998020266 ], [ 14.489101492725775, 53.745049820948985 ], [ 14.488794356027988, 53.74531430228857 ], [ 14.488466120167626, 53.745630719606396 ], [ 14.488199664193642, 53.745914961707591 ], [ 14.487908937881278, 53.746237557547012 ], [ 14.487702783218339, 53.746511273201506 ], [ 14.487454644865421, 53.746871340122112 ], [ 14.487232435559543, 53.747255508474097 ], [ 14.487057149586445, 53.747595219025321 ], [ 14.486899078316151, 53.747965193891915 ], [ 14.486757382790426, 53.748371900540214 ], [ 14.486666451475264, 53.748755282202545 ], [ 14.48660440219987, 53.749119647853838 ], [ 14.486574594672531, 53.749500325309967 ], [ 14.486569733199461, 53.749899081075355 ], [ 14.486586316571925, 53.750180218038629 ], [ 14.486628679290995, 53.750510527033192 ], [ 14.486690518663753, 53.75087245795644 ], [ 14.486811801097666, 53.751258185910459 ], [ 14.486923856339407, 53.751592746068496 ], [ 14.487049842458132, 53.751866444782358 ], [ 14.487195212445815, 53.75217958238769 ], [ 14.487403268683648, 53.75252434709779 ], [ 14.487660671818691, 53.75290086147217 ], [ 14.488000067617136, 53.753342510523296 ], [ 14.488255196306326, 53.753632483712423 ], [ 14.488533747961474, 53.753916715102342 ], [ 14.488900933733488, 53.754256225656718 ], [ 14.489255435253462, 53.754554527463064 ], [ 14.489682710344947, 53.754878657112918 ], [ 14.490097139525048, 53.755149625550786 ], [ 14.490472406989175, 53.755387090574501 ], [ 14.490923504868675, 53.755648417818357 ], [ 14.491338694943163, 53.755870325118266 ], [ 14.491836657597094, 53.756106329474811 ], [ 14.492351272296846, 53.756332518265886 ], [ 14.492932124254716, 53.756560961450802 ], [ 14.493467107723166, 53.756745987562631 ], [ 14.494041971184794, 53.756931180161615 ], [ 14.494626977658292, 53.757092870974041 ], [ 14.495258584685141, 53.757250801108391 ], [ 14.495834040548571, 53.757375065904782 ], [ 14.496390072312101, 53.757475614497885 ], [ 14.497088537841632, 53.757584665573546 ], [ 14.497764158311734, 53.757664143625135 ], [ 14.498396851349852, 53.757719897094404 ], [ 14.499056395407289, 53.757761921764548 ], [ 14.499710721536509, 53.75778379282027 ], [ 14.500426228482, 53.757786776840945 ], [ 14.501121526259356, 53.757767748119072 ], [ 14.501722173815342, 53.75773852743486 ], [ 14.502356221256433, 53.757680239743486 ], [ 14.502932649775815, 53.75762170967274 ], [ 14.503505269751836, 53.757538810370832 ], [ 14.504217962442221, 53.757419917060226 ], [ 14.504865142897868, 53.757288528141729 ], [ 14.505690089209013, 53.75708724321661 ], [ 14.506300596485286, 53.756914362648985 ], [ 14.506923913350915, 53.756721943479725 ], [ 14.507506212893983, 53.756509853880502 ], [ 14.508183855188078, 53.75623480519031 ], [ 14.508832966562753, 53.755935284170697 ], [ 14.5093417860536, 53.755664479242213 ], [ 14.509743296066976, 53.75544193410223 ], [ 14.51021966810163, 53.755144125501914 ], [ 14.510750373026122, 53.754775911486817 ], [ 14.511402974979875, 53.754250496056684 ], [ 14.511775120440786, 53.753903914901585 ], [ 14.512099214618921, 53.753555788978758 ], [ 14.512423343912177, 53.753204337711665 ], [ 14.512651567537306, 53.752899130260488 ], [ 14.512902959939455, 53.752517460511982 ], [ 14.51311519430624, 53.752138955341344 ], [ 14.51326484354275, 53.75182336432534 ], [ 14.513460821705188, 53.751381625009664 ], [ 14.513569228933843, 53.751000361581305 ], [ 14.513673599876071, 53.750548365456787 ], [ 14.513720082965078, 53.750054621471115 ], [ 14.513730509078705, 53.74965058644932 ], [ 14.513698627953117, 53.749208101870281 ], [ 14.513645669145509, 53.748792488002138 ], [ 14.513513869363175, 53.748312307885641 ], [ 14.513402116524787, 53.747973550506309 ], [ 14.513247806878583, 53.747578909888155 ], [ 14.513049795972785, 53.747201253872369 ], [ 14.512837141858379, 53.746844924113915 ], [ 14.512588563739273, 53.746475598291951 ], [ 14.512249906841758, 53.746083531579366 ], [ 14.511969846732878, 53.745763136231112 ], [ 14.511588938426293, 53.745381588677844 ], [ 14.511168329863201, 53.745025485452352 ], [ 14.510727752006396, 53.744692662748591 ], [ 14.510287678781388, 53.744382213080655 ], [ 14.509822997589916, 53.744076873651544 ], [ 14.509319218366393, 53.743797250241826 ], [ 14.508805491251049, 53.743526299744069 ], [ 14.50833015085529, 53.743304745130864 ], [ 14.507777043997626, 53.743071188756673 ], [ 14.507349153136675, 53.742914790533654 ], [ 14.506827948509422, 53.742727904554442 ], [ 14.506753382755461, 53.742701180355112 ], [ 14.506397271164293, 53.742589912122462 ], [ 14.505822173616478, 53.742423736106318 ], [ 14.505527228933932, 53.742344615738226 ], [ 14.504963630440598, 53.742206608232543 ], [ 14.50440963573477, 53.742089933144456 ], [ 14.503823390187074, 53.741983545302872 ], [ 14.503496594249892, 53.741932501729565 ], [ 14.503023240647874, 53.741867551830062 ] ] ] ] } },
{ "type": "Feature", "properties": { "FID_": 0, "Entity": "LWPolyline", "Layer": "morska linia brzegowa", "Color": 202, "Linetype": "ACAD_ISO03W100", "Elevation": 0.0, "LineWt": 25, "RefName": null }, "geometry": { "type": "MultiPolygon", "coordinates": [ [ [ [ 14.739644425102297, 53.978478245105016 ], [ 14.740115914947724, 53.978424905953716 ], [ 14.740417715946597, 53.978401748064783 ], [ 14.740952214245793, 53.978314578132526 ], [ 14.741117521758035, 53.978302444985282 ], [ 14.741523776623287, 53.978272500122927 ], [ 14.742059136988905, 53.978192964632697 ], [ 14.742368661135357, 53.978202433987605 ], [ 14.742516834068912, 53.978126109006077 ], [ 14.742841412414252, 53.978017366150453 ], [ 14.743350500009784, 53.977846839329466 ], [ 14.74357484828073, 53.977826023137723 ], [ 14.744429515712374, 53.977749224947878 ], [ 14.744700549580319, 53.977571626149818 ], [ 14.745252553839464, 53.97738491976984 ], [ 14.745476433022839, 53.977290242043281 ], [ 14.745680696703909, 53.977137839050592 ], [ 14.746104441623418, 53.976836027233283 ], [ 14.746762725537454, 53.976413680430547 ], [ 14.747034425193329, 53.976349290592033 ], [ 14.747205475857418, 53.976242997590226 ], [ 14.747465425865407, 53.975979023248151 ], [ 14.747510398176757, 53.975927093910308 ], [ 14.747587296611586, 53.975838393134886 ], [ 14.747797411505472, 53.975724095360789 ], [ 14.748199134653424, 53.975505432467948 ], [ 14.748663463907098, 53.975266772237475 ], [ 14.749129312869664, 53.975078969131232 ], [ 14.74930324975352, 53.97497223002464 ], [ 14.749532979944474, 53.974864168813667 ], [ 14.749916081920018, 53.974799645385545 ], [ 14.75014932116285, 53.974664905472842 ], [ 14.750487817990258, 53.974540266245306 ], [ 14.750823357610098, 53.97450214736083 ], [ 14.751117367137477, 53.97437400006217 ], [ 14.75147512171646, 53.974239245615202 ], [ 14.751666755433222, 53.974205228939901 ], [ 14.751762331904118, 53.974049176458699 ], [ 14.75201382557219, 53.973969907685643 ], [ 14.75266853335877, 53.973722010849343 ], [ 14.752893556677797, 53.973608273129386 ], [ 14.753095574311153, 53.973544445437909 ], [ 14.753521420490495, 53.97325851555955 ], [ 14.753592852151881, 53.973215264327116 ], [ 14.753701145232503, 53.973149535612805 ], [ 14.75390707447923, 53.973067744379712 ], [ 14.754084160274507, 53.973044206932819 ], [ 14.754156105081545, 53.973042916053345 ], [ 14.754744195986699, 53.97310431816453 ], [ 14.755097086030657, 53.973041692730952 ], [ 14.755341014720734, 53.973003104956973 ], [ 14.75550278453877, 53.972835772586642 ], [ 14.755655488182386, 53.972603099348291 ], [ 14.756554155567859, 53.972512197980095 ], [ 14.756838909587275, 53.972109433920238 ], [ 14.756912840739849, 53.97200239143924 ], [ 14.75683195929548, 53.971942206979627 ], [ 14.757145691983597, 53.971639505123854 ], [ 14.757144173109454, 53.971612277169591 ], [ 14.757091319768785, 53.971554576023038 ], [ 14.757140624678676, 53.971515051639372 ], [ 14.757239796527665, 53.971522350386238 ], [ 14.757287470510878, 53.971501062019577 ], [ 14.757303716964213, 53.971485191254075 ], [ 14.757145794317916, 53.970992759716367 ], [ 14.757202693181199, 53.970826381166738 ], [ 14.757118493400435, 53.970367342270364 ], [ 14.757087278175208, 53.97012692806284 ], [ 14.75691771834202, 53.970116791695858 ], [ 14.756601892697795, 53.97004786632079 ], [ 14.75639566935282, 53.969974399112097 ], [ 14.75620398367565, 53.969890808476336 ], [ 14.755904287137387, 53.969670335233459 ], [ 14.755690648027183, 53.969484358748396 ], [ 14.75556599375517, 53.969353193092097 ], [ 14.755427224047413, 53.969186326914418 ], [ 14.755378482254118, 53.969104014036901 ], [ 14.75525443101442, 53.9689481396017 ], [ 14.755210568263097, 53.968865657383596 ], [ 14.75501265463577, 53.968078250326307 ], [ 14.754995846322139, 53.967903995598768 ], [ 14.754952754999293, 53.967768322547883 ], [ 14.754959891418512, 53.967720626595387 ], [ 14.754962859437649, 53.967162658267974 ], [ 14.754946815935797, 53.966390716575091 ], [ 14.75498386867806, 53.966230857389611 ], [ 14.754970261399377, 53.966056519246777 ], [ 14.754896430560587, 53.965965798639154 ], [ 14.754680615500579, 53.965791137368882 ], [ 14.75450679441377, 53.965627343180387 ], [ 14.754315883004514, 53.965467917558428 ], [ 14.754166563113348, 53.965336069731769 ], [ 14.754020322772483, 53.96527673884205 ], [ 14.753645006088927, 53.965199596207889 ], [ 14.753541411372813, 53.965092371330584 ], [ 14.753516879393821, 53.965014690199439 ], [ 14.753556888778212, 53.964974249777455 ], [ 14.753550343753096, 53.964972977834783 ], [ 14.753552122358604, 53.964955640228915 ], [ 14.753541186340504, 53.964949688247188 ], [ 14.753568940461005, 53.964920273703186 ], [ 14.753578910748448, 53.964909242651494 ], [ 14.75363947879168, 53.964896608138318 ], [ 14.753658532277267, 53.964895748958966 ], [ 14.753706198592106, 53.964822977149851 ], [ 14.753775028495234, 53.964753123951681 ], [ 14.753845557098709, 53.964627657213398 ], [ 14.75402726612629, 53.964097459966958 ], [ 14.754085151025112, 53.963996855064877 ], [ 14.754186645636912, 53.963917185665267 ], [ 14.754383334889154, 53.963792245423903 ], [ 14.754681204945067, 53.963640646705137 ], [ 14.754960938211093, 53.963541212976601 ], [ 14.755992950393589, 53.963205473903535 ], [ 14.756319042691553, 53.963072617488557 ], [ 14.756684191285412, 53.962904527633562 ], [ 14.756990842916318, 53.962733891637924 ], [ 14.75731719080899, 53.96252933203877 ], [ 14.757716700779859, 53.962267593399034 ], [ 14.757952343215043, 53.962096183934783 ], [ 14.758153878539014, 53.961894065224577 ], [ 14.758403630640748, 53.961600755440223 ], [ 14.758558784260069, 53.961408605939454 ], [ 14.758776877191076, 53.961082166344674 ], [ 14.758885055762201, 53.96089738053913 ], [ 14.758979961826787, 53.960689117060106 ], [ 14.759048129121757, 53.960493558229295 ], [ 14.759082671679764, 53.960342677187484 ], [ 14.759191995119153, 53.959720857995549 ], [ 14.759274593239597, 53.959214982830147 ], [ 14.759335746119213, 53.958729101949281 ], [ 14.759390137905664, 53.958199718077964 ], [ 14.760043960483179, 53.958267425672943 ], [ 14.760054220674737, 53.958231955001295 ], [ 14.760023198897033, 53.958115446110234 ], [ 14.759974842436343, 53.958099536394542 ], [ 14.75989844891866, 53.958084108534806 ], [ 14.759908991707668, 53.957999220338117 ], [ 14.759667483022215, 53.957951116782638 ], [ 14.75964267200531, 53.957947113633615 ], [ 14.759347722963208, 53.957919208859202 ], [ 14.759365065111288, 53.957764968693979 ], [ 14.759397606972945, 53.957564037530162 ], [ 14.759414764950899, 53.957415188780558 ], [ 14.759419194830757, 53.957254543745528 ], [ 14.759405628580009, 53.957070502168079 ], [ 14.759363779268426, 53.956903474567518 ], [ 14.759290696101043, 53.956684091952617 ], [ 14.759193687528738, 53.956466008572583 ], [ 14.7590806214205, 53.956258675334311 ], [ 14.758912704436442, 53.955973241419549 ], [ 14.758657269278347, 53.955568847999466 ], [ 14.758333768825862, 53.955080576417686 ], [ 14.757982022197417, 53.954551813502789 ], [ 14.757849641728869, 53.954340756014012 ], [ 14.757711090570686, 53.954169490022331 ], [ 14.757484325095959, 53.953973785724493 ], [ 14.757121999463422, 53.953669896233443 ], [ 14.756860950356879, 53.953476458289771 ], [ 14.756681622541796, 53.953376270399318 ], [ 14.756529095700559, 53.953330407407535 ], [ 14.756370731966776, 53.953318854957608 ], [ 14.756006181735231, 53.953320182095837 ], [ 14.755873547354799, 53.95331146664163 ], [ 14.755633362742556, 53.953250688134403 ], [ 14.75528616038839, 53.953151055118056 ], [ 14.75516443330684, 53.953100939477757 ], [ 14.75504341554416, 53.953033484129989 ], [ 14.754881467002928, 53.952906374095001 ], [ 14.754747257850049, 53.95282873890131 ], [ 14.754618949392437, 53.952784000244797 ], [ 14.753907757714737, 53.95264408487207 ], [ 14.753201009304176, 53.952500850525702 ], [ 14.752547522946005, 53.952367515010302 ], [ 14.752058180816219, 53.952272701112058 ], [ 14.751734035184858, 53.952218211190143 ], [ 14.751627013999537, 53.952206578517014 ], [ 14.751533296921577, 53.952211866363982 ], [ 14.751415852085454, 53.952236871352689 ], [ 14.75126299160676, 53.952274202271084 ], [ 14.751180042288675, 53.952262170835816 ], [ 14.750992072082383, 53.952234914997241 ], [ 14.750743029392982, 53.952282469445734 ], [ 14.750656732836802, 53.952269621568583 ], [ 14.750570801114872, 53.952374209248617 ], [ 14.750485941703921, 53.952426865519506 ], [ 14.750440803883368, 53.952536749461551 ], [ 14.750417616670839, 53.952593397528872 ], [ 14.750352897337516, 53.952615097021926 ], [ 14.749955419820978, 53.952748507934025 ], [ 14.749851719529254, 53.953021798734262 ], [ 14.74990957759729, 53.953306836973233 ], [ 14.749827288769193, 53.953438387126141 ], [ 14.749887097727113, 53.953473913525414 ], [ 14.749827710501084, 53.953571547889041 ], [ 14.74970036367699, 53.953722861094207 ], [ 14.749639558182437, 53.953701170373087 ], [ 14.749530742194569, 53.953759886085486 ], [ 14.749474113739881, 53.953981520195335 ], [ 14.749393269907713, 53.954126011885961 ], [ 14.749432964614929, 53.954137056387239 ], [ 14.749464902898456, 53.954145928385266 ], [ 14.749407082180696, 53.95421077072055 ], [ 14.749355226540709, 53.954195297607491 ], [ 14.749231817975328, 53.95427357009364 ], [ 14.749012015700993, 53.954396207108772 ], [ 14.74872487165165, 53.954494533039977 ], [ 14.74848961742005, 53.954602221647654 ], [ 14.748508607424116, 53.954940100736081 ], [ 14.748430023669458, 53.95511307975994 ], [ 14.748137933465578, 53.955323078584385 ], [ 14.748095616195954, 53.955519494092634 ], [ 14.747794681272214, 53.955780868590523 ], [ 14.747713598837118, 53.955837124983752 ], [ 14.747621470682578, 53.955880599130083 ], [ 14.7475210015188, 53.955917855643861 ], [ 14.74692467661861, 53.956075368169046 ], [ 14.746812767072319, 53.956089778144133 ], [ 14.746708603705937, 53.956082729606919 ], [ 14.746583518185302, 53.956059104365607 ], [ 14.745917154249634, 53.955883206099749 ], [ 14.744848183241057, 53.955601414253024 ], [ 14.744729258537156, 53.95556710825435 ], [ 14.744637024419387, 53.955552895860919 ], [ 14.744511292061064, 53.955560625282857 ], [ 14.74436809868021, 53.955583771741495 ], [ 14.74418767234364, 53.955616722416174 ], [ 14.744064153010825, 53.95563613668633 ], [ 14.743945152385255, 53.955639297167103 ], [ 14.743796411340831, 53.955622896658681 ], [ 14.743070526877419, 53.955492230868742 ], [ 14.74213642194159, 53.955331732191034 ], [ 14.741294101702547, 53.955185350790565 ], [ 14.740798332935899, 53.954872679441173 ], [ 14.740833512319421, 53.954850112705195 ], [ 14.74117477618973, 53.954798195744061 ], [ 14.74102553070264, 53.954667230449381 ], [ 14.740891653268509, 53.954686619066898 ], [ 14.740696034763564, 53.954762210994232 ], [ 14.740582047598165, 53.954792334486164 ], [ 14.740442229141838, 53.954787270584028 ], [ 14.740394953290348, 53.954721487435954 ], [ 14.740416812686858, 53.954660525141939 ], [ 14.740477578538373, 53.954638913219192 ], [ 14.740556620384861, 53.954618417891787 ], [ 14.740846462477966, 53.954530449711605 ], [ 14.741037186756163, 53.954482431360745 ], [ 14.741107198361027, 53.954468385886912 ], [ 14.74111195193346, 53.954438924947119 ], [ 14.741063271553084, 53.954427678616568 ], [ 14.740949115839662, 53.954436058426573 ], [ 14.740827382510719, 53.954438221933877 ], [ 14.740680298879131, 53.954474653659908 ], [ 14.740620794803123, 53.954489440018548 ], [ 14.7404770084592, 53.954534684511643 ], [ 14.740305075965656, 53.95454922825698 ], [ 14.740176206361825, 53.954596480377518 ], [ 14.739959848666658, 53.954577233420963 ], [ 14.739780088529907, 53.954527785576992 ], [ 14.739637436600553, 53.954488481633241 ], [ 14.739464001336387, 53.954450816939584 ], [ 14.739364200182999, 53.954429215793645 ], [ 14.739135122120807, 53.954324761195004 ], [ 14.738891912717333, 53.954214614725792 ], [ 14.73870790675976, 53.954065061673845 ], [ 14.738452245544579, 53.953948776743765 ], [ 14.738314859707355, 53.953920533915479 ], [ 14.738292359658374, 53.953888858091993 ], [ 14.738231382760938, 53.953822414900458 ], [ 14.73803847232513, 53.953781831164797 ], [ 14.737864762824517, 53.953715681301844 ], [ 14.737847872595701, 53.953688329026825 ], [ 14.737842615107249, 53.953555068655938 ], [ 14.737810175169638, 53.953505310631364 ], [ 14.737826529645581, 53.953448110488047 ], [ 14.73786924819693, 53.953437691275596 ], [ 14.737919509609341, 53.95343932801083 ], [ 14.737956483559781, 53.953397717953457 ], [ 14.737895809194129, 53.953331904872243 ], [ 14.737819918478277, 53.953239012408872 ], [ 14.737631110522239, 53.953079294702334 ], [ 14.737317675546638, 53.952921998606399 ], [ 14.737085611527833, 53.952785906244557 ], [ 14.736926421008112, 53.952664887213068 ], [ 14.736861989485496, 53.952567168121099 ], [ 14.736734669180956, 53.952392757914552 ], [ 14.73660470146859, 53.952276295144429 ], [ 14.736553362379421, 53.952204032549211 ], [ 14.736343447487801, 53.952083351261045 ], [ 14.73635218886791, 53.952025685358628 ], [ 14.736266639443842, 53.951967813225316 ], [ 14.736055873701432, 53.951933746153642 ], [ 14.735811882305066, 53.951926830569008 ], [ 14.735770051888558, 53.952037704686504 ], [ 14.735746965152266, 53.952099111982051 ], [ 14.735567109893175, 53.952115249228797 ], [ 14.735393346330868, 53.952107858098891 ], [ 14.735386433071957, 53.95209292714415 ], [ 14.735389039738481, 53.952066157884701 ], [ 14.735400773234769, 53.95194515379044 ], [ 14.73535690039731, 53.951945416657047 ], [ 14.735350625193844, 53.95197415552235 ], [ 14.735322702242225, 53.951981371491925 ], [ 14.73525631767375, 53.951928123694593 ], [ 14.735218654099574, 53.951910160059661 ], [ 14.735119784164809, 53.951863129320238 ], [ 14.735114689726371, 53.951801570366314 ], [ 14.735113134362647, 53.951782518701044 ], [ 14.735110736402701, 53.951752413007448 ], [ 14.7350747374068, 53.951735890689157 ], [ 14.735028682272816, 53.951744145125886 ], [ 14.734983147522989, 53.951742158396605 ], [ 14.734972179282524, 53.951814284499775 ], [ 14.734889181617872, 53.951810597112186 ], [ 14.734864358308087, 53.951809554081201 ], [ 14.734873428809564, 53.951724395409165 ], [ 14.734829109733434, 53.951723039502077 ], [ 14.734828784976155, 53.951726003518644 ], [ 14.734822845190157, 53.951725990242664 ], [ 14.734705098001303, 53.951725101445618 ], [ 14.734703935019658, 53.951716294180287 ], [ 14.734703645327086, 53.9517139570995 ], [ 14.734671619377901, 53.951695646855114 ], [ 14.73441944052442, 53.951658879602697 ], [ 14.73436480481514, 53.951650941109584 ], [ 14.73436930143364, 53.951638461879305 ], [ 14.734390072199989, 53.951581901910274 ], [ 14.734370443219705, 53.95157871316831 ], [ 14.734351974526868, 53.951632223584909 ], [ 14.734347974877705, 53.95163850454081 ], [ 14.73433628303164, 53.951656538611878 ], [ 14.734295945590615, 53.951699757788553 ], [ 14.734225693320806, 53.951679925380709 ], [ 14.734246673931063, 53.951662540525248 ], [ 14.734254173892477, 53.951656986789693 ], [ 14.734252672740697, 53.951653478661107 ], [ 14.734223367652831, 53.951638498357816 ], [ 14.73421790165723, 53.95163570128738 ], [ 14.734200955233899, 53.951617603488167 ], [ 14.734175649742594, 53.951548721737019 ], [ 14.734132654295513, 53.951530835597431 ], [ 14.734085633586885, 53.951594885969314 ], [ 14.734083872184534, 53.951632349740905 ], [ 14.734081919424726, 53.951675923014818 ], [ 14.734088283666058, 53.951681148348385 ], [ 14.734070251303761, 53.951690183882874 ], [ 14.734007460301315, 53.951647096090987 ], [ 14.734006981916814, 53.951626518516505 ], [ 14.734004054110617, 53.95151195208372 ], [ 14.733981240653709, 53.95148243064601 ], [ 14.733931959551576, 53.951494810283535 ], [ 14.733952303971106, 53.951529358930912 ], [ 14.73393719375618, 53.951581798337017 ], [ 14.733811939573727, 53.951611710309017 ], [ 14.733712010749736, 53.951635659131703 ], [ 14.733444231932374, 53.951608739425559 ], [ 14.732847566545304, 53.951511093294009 ], [ 14.732550526280022, 53.951486442212264 ], [ 14.732292972086283, 53.951480656814709 ], [ 14.731945972729189, 53.95152687521383 ], [ 14.731370116162816, 53.951439242660001 ], [ 14.730662632434164, 53.951354096766657 ], [ 14.730318228508622, 53.95116301920671 ], [ 14.729930309595646, 53.951035368485122 ], [ 14.729458512064639, 53.950922981012752 ], [ 14.729321851689365, 53.950879274549642 ], [ 14.729287249332032, 53.950836068755514 ], [ 14.728655063143679, 53.950675515789655 ], [ 14.728240204955773, 53.950592454256878 ], [ 14.727559672869196, 53.950465570274361 ], [ 14.726864033778647, 53.95029659816695 ], [ 14.726499396049569, 53.950268453951182 ], [ 14.726235186149269, 53.950256980337407 ], [ 14.725757730052992, 53.950243671578839 ], [ 14.725539302709175, 53.950219362403736 ], [ 14.725133817620712, 53.950241436407985 ], [ 14.724761071721037, 53.950288294222894 ], [ 14.724489526779719, 53.950326577197586 ], [ 14.724273193423752, 53.950308021375129 ], [ 14.723984475301132, 53.950247876523186 ], [ 14.723641850455344, 53.950185361212789 ], [ 14.72327430769713, 53.950090351229846 ], [ 14.722966313243781, 53.949974362701603 ], [ 14.722622601210517, 53.949892523037001 ], [ 14.722407229905722, 53.949821402655346 ], [ 14.7222502239983, 53.949769465078511 ], [ 14.721866776775604, 53.949593278786367 ], [ 14.721412938934504, 53.949465896579106 ], [ 14.721084109306844, 53.949323527379249 ], [ 14.72074043754804, 53.949282835060103 ], [ 14.720590662709322, 53.949243312430909 ], [ 14.720494456489627, 53.94923419289254 ], [ 14.720376783178756, 53.949200763915506 ], [ 14.720289014582269, 53.949137034536825 ], [ 14.720069597319721, 53.949011450741537 ], [ 14.71989215453376, 53.948918849640954 ], [ 14.719283240621566, 53.948659555251673 ], [ 14.719013349122589, 53.948565838592152 ], [ 14.718672187932365, 53.948447335369885 ], [ 14.718561290106891, 53.948380945082867 ], [ 14.718225279748911, 53.948289587122943 ], [ 14.717989285404027, 53.94816180385034 ], [ 14.717880470350574, 53.948102965418038 ], [ 14.717574047789759, 53.947984001284865 ], [ 14.717069707562086, 53.947761421277846 ], [ 14.716614321970116, 53.947552881747981 ], [ 14.716422889780219, 53.94739141585481 ], [ 14.716124110929597, 53.947247397968226 ], [ 14.715978692650058, 53.94715136204691 ], [ 14.715856159857539, 53.947094736214041 ], [ 14.715683334791628, 53.947064586422485 ], [ 14.715323636377997, 53.947076942331016 ], [ 14.714761394968543, 53.946838402005348 ], [ 14.714603114255743, 53.946820145643272 ], [ 14.714480750231072, 53.946806017893003 ], [ 14.714162863090348, 53.946673719290892 ], [ 14.713937226078992, 53.946593484242399 ], [ 14.713421230117117, 53.946410035524963 ], [ 14.713306802193959, 53.946393859414073 ], [ 14.712837279646406, 53.94625283910878 ], [ 14.712689259290627, 53.946270995096576 ], [ 14.712473182889205, 53.946241096822042 ], [ 14.712232318961957, 53.94624968421747 ], [ 14.712021604331062, 53.946303898883663 ], [ 14.711912062111482, 53.94637443904368 ], [ 14.71185961005472, 53.9464048629372 ], [ 14.711726685339759, 53.946464654285244 ], [ 14.71088896894185, 53.946464438613113 ], [ 14.710714438598796, 53.946417745127206 ], [ 14.710341706114967, 53.946399235883575 ], [ 14.710085944256406, 53.946381637261148 ], [ 14.709833768003655, 53.946352185558816 ], [ 14.709494706700575, 53.946376165881226 ], [ 14.709240729257063, 53.946430629570145 ], [ 14.709168424653495, 53.946446089406109 ], [ 14.70903341274934, 53.94645519626021 ], [ 14.708879810246097, 53.946465606323564 ], [ 14.708425068288125, 53.946478340990083 ], [ 14.708027962625648, 53.946613231482793 ], [ 14.70767883866629, 53.946681747689745 ], [ 14.707085325074617, 53.946783181638885 ], [ 14.706773334667465, 53.946899227576559 ], [ 14.706392763906141, 53.947085637673531 ], [ 14.705862372886081, 53.947263414084915 ], [ 14.705480689576007, 53.947433735301189 ], [ 14.705125669672569, 53.947580849752647 ], [ 14.704844848850454, 53.94772455107924 ], [ 14.704401364751176, 53.947866594041166 ], [ 14.704076114209075, 53.947981610947338 ], [ 14.703840887644189, 53.948203413969388 ], [ 14.703583005187141, 53.94852660174304 ], [ 14.70329509917554, 53.948872896506451 ], [ 14.703178687860888, 53.949028500917919 ], [ 14.703109378293314, 53.949200484802311 ], [ 14.703088342390094, 53.949374204802069 ], [ 14.703187156797801, 53.949508956963797 ], [ 14.703259801279344, 53.949768447167827 ], [ 14.703097885791328, 53.950003636515866 ], [ 14.702995946217911, 53.950287045267999 ], [ 14.702959876936038, 53.950561271986039 ], [ 14.702912919793592, 53.950845624873395 ], [ 14.70297295105205, 53.950950809898288 ], [ 14.702941585873276, 53.951291717212285 ], [ 14.702900824883214, 53.95143268348356 ], [ 14.702786310353087, 53.951555855543617 ], [ 14.702708908087434, 53.951751360377877 ], [ 14.702740533228706, 53.952059448322743 ], [ 14.702651673078867, 53.952730507019368 ], [ 14.702636038262838, 53.953065164415783 ], [ 14.702780213407397, 53.953398869090329 ], [ 14.702858093915214, 53.953758016973488 ], [ 14.702920447071682, 53.954115778999856 ], [ 14.702931354741546, 53.95438158558121 ], [ 14.70306160139544, 53.954511024347191 ], [ 14.703205013079446, 53.954824599305688 ], [ 14.703502357071015, 53.955193723351883 ], [ 14.703863789185636, 53.955506129021124 ], [ 14.703969317749198, 53.955641704688475 ], [ 14.704043877383167, 53.95582653270823 ], [ 14.704164575533255, 53.955950015673515 ], [ 14.704647733581002, 53.956242412710928 ], [ 14.706125424609027, 53.957185968830466 ], [ 14.706170037179708, 53.957363174566609 ], [ 14.706252441924855, 53.957539125085447 ], [ 14.707414576307279, 53.960021401699478 ], [ 14.707631948693889, 53.960485653060609 ], [ 14.707305448711605, 53.96109252086837 ], [ 14.707367048120734, 53.961477952460868 ], [ 14.707296721031106, 53.961685875510902 ], [ 14.70724168327474, 53.96199491902906 ], [ 14.707241708169724, 53.96227426649066 ], [ 14.707309838368131, 53.962575612824921 ], [ 14.707797437159432, 53.963445479675002 ], [ 14.70812730754745, 53.963928332331349 ], [ 14.708849142241824, 53.964754916363859 ], [ 14.709410504606224, 53.965237247869347 ], [ 14.709881618139914, 53.965770662990018 ], [ 14.710358950578314, 53.966112350328331 ], [ 14.710790276339079, 53.966497053335864 ], [ 14.711188904895927, 53.966829292499455 ], [ 14.711659075191378, 53.967063854611759 ], [ 14.711815950778488, 53.967142131425518 ], [ 14.711936325762515, 53.967276477874336 ], [ 14.71205128499308, 53.967422581695025 ], [ 14.71231340400699, 53.967509735818147 ], [ 14.713115719656303, 53.96779998581453 ], [ 14.714468320041895, 53.968158658052054 ], [ 14.714644687066707, 53.968151439341511 ], [ 14.71487200721762, 53.968136165014656 ], [ 14.71514693681125, 53.968245447035727 ], [ 14.715320382426009, 53.968286829722686 ], [ 14.715473247034529, 53.968284586054104 ], [ 14.715760801635634, 53.968218597361158 ], [ 14.715845603384853, 53.968230389053183 ], [ 14.715935780445559, 53.968191336885788 ], [ 14.716093795161068, 53.968081373303392 ], [ 14.716534930624979, 53.967997056448624 ], [ 14.716825415269625, 53.967925501722036 ], [ 14.717503918583134, 53.967758807815898 ], [ 14.717932563476733, 53.967650107014926 ], [ 14.718673027320966, 53.967468636326252 ], [ 14.718967775265108, 53.967396456796799 ], [ 14.719128954121931, 53.967358287689351 ], [ 14.719395909190714, 53.967294757768066 ], [ 14.719501379544768, 53.96726921701498 ], [ 14.719916281544206, 53.967163172135557 ], [ 14.719983274603617, 53.967149221575646 ], [ 14.720131459379875, 53.967116861131586 ], [ 14.720285685218027, 53.967092600690343 ], [ 14.720560423741587, 53.967049393319407 ], [ 14.72079827010459, 53.966985522603103 ], [ 14.720956154137271, 53.966984002449657 ], [ 14.720941964866082, 53.967054951773747 ], [ 14.720870633175741, 53.967125498808144 ], [ 14.720633816894685, 53.967172120710181 ], [ 14.71994735894663, 53.967323807915442 ], [ 14.719687876041235, 53.967386727902991 ], [ 14.719619010871957, 53.967407322594994 ], [ 14.719647793831514, 53.967455550023203 ], [ 14.71961505196067, 53.967475060714158 ], [ 14.719585871638881, 53.967486134903758 ], [ 14.719429098259605, 53.967526291271838 ], [ 14.719431663825802, 53.967529981502778 ], [ 14.719163623497892, 53.967596203908791 ], [ 14.719164679674666, 53.967597644144597 ], [ 14.719059055796803, 53.967623184912291 ], [ 14.719056189075109, 53.967618865259851 ], [ 14.718967350980099, 53.967640671116271 ], [ 14.718969612223308, 53.967644450126677 ], [ 14.718691038846929, 53.967713163163666 ], [ 14.718569546145526, 53.967741451124219 ], [ 14.718534664053774, 53.967739212905386 ], [ 14.718477998739056, 53.96773548648882 ], [ 14.718438489601942, 53.967741503651339 ], [ 14.718354525667284, 53.967763769536425 ], [ 14.718332755882138, 53.967783125884111 ], [ 14.718319263466967, 53.967795134789384 ], [ 14.718176905993833, 53.96784403951424 ], [ 14.718146727793485, 53.967844956592344 ], [ 14.718045791261277, 53.967898001581943 ], [ 14.717839941365659, 53.967984044528933 ], [ 14.717696281411524, 53.968022433001053 ], [ 14.717113851278915, 53.968178752191712 ], [ 14.716309398396593, 53.968377671984769 ], [ 14.716155054504224, 53.96837317449976 ], [ 14.715941855337999, 53.968418495235298 ], [ 14.715767905646473, 53.968451148888086 ], [ 14.715694981350389, 53.968485299012073 ], [ 14.715645828189881, 53.968519955686652 ], [ 14.715635307274178, 53.968587857604163 ], [ 14.715572120225438, 53.968713948337474 ], [ 14.715588425561995, 53.968893240091397 ], [ 14.71564312473671, 53.968984298462033 ], [ 14.715833977145323, 53.969043422979702 ], [ 14.716200604737834, 53.968958661607665 ], [ 14.716267015179202, 53.968963579807351 ], [ 14.716456574603844, 53.968943990905565 ], [ 14.716489654274598, 53.968919989190404 ], [ 14.716734533896918, 53.968742751220354 ], [ 14.71712619722474, 53.968515991534765 ], [ 14.717148075106849, 53.968503374263982 ], [ 14.717287229555254, 53.968590407545854 ], [ 14.717473457957556, 53.968725082881242 ], [ 14.717627332208888, 53.968844227316069 ], [ 14.717775221869713, 53.96894700503529 ], [ 14.71781772507148, 53.969039382051406 ], [ 14.71789041660657, 53.96919733121387 ], [ 14.717936285096984, 53.969333113003188 ], [ 14.718018217811089, 53.969860820678349 ], [ 14.718031746371233, 53.970091679480568 ], [ 14.718059973674322, 53.970312419625017 ], [ 14.718059557981009, 53.970577208665958 ], [ 14.717401424962215, 53.970655091346607 ], [ 14.717228138006812, 53.970588733165663 ], [ 14.717163534478757, 53.970564051863256 ], [ 14.717128850488985, 53.970599730541267 ], [ 14.717144195918936, 53.97060668566359 ], [ 14.717330769090461, 53.970691404494637 ], [ 14.717065879418149, 53.970896629501055 ], [ 14.716843894672683, 53.970977062422286 ], [ 14.716610299485067, 53.97106160114631 ], [ 14.716399293746541, 53.971208188728831 ], [ 14.71639984095342, 53.971374504207994 ], [ 14.716406165459611, 53.971430676162129 ], [ 14.716199068931063, 53.971607283267751 ], [ 14.716052679143679, 53.971776126134657 ], [ 14.71594357353958, 53.971818637620451 ], [ 14.715345868613877, 53.971904199034313 ], [ 14.714619787991861, 53.97213051824243 ], [ 14.714503780383534, 53.972223777369699 ], [ 14.714350672895826, 53.97245999131728 ], [ 14.71416293651621, 53.972834223082444 ], [ 14.713904841166302, 53.973422761015733 ], [ 14.713816338401545, 53.974060761650833 ], [ 14.713753930220351, 53.974760551080564 ], [ 14.71363779986846, 53.975159122004683 ], [ 14.713559555958716, 53.975389133888207 ], [ 14.713516679149611, 53.975685000094209 ], [ 14.71336665000884, 53.975847541956917 ], [ 14.713279618156745, 53.976047432511187 ], [ 14.713130667324386, 53.976274489689558 ], [ 14.712886018572144, 53.976542559157082 ], [ 14.712610341724771, 53.976800221611533 ], [ 14.712509298612265, 53.976887044992203 ], [ 14.712165810275627, 53.97709746175741 ], [ 14.71179676101163, 53.977278525740694 ], [ 14.711313980320757, 53.977484383022059 ], [ 14.710653974992738, 53.977727010665745 ], [ 14.710236133575748, 53.977842539990164 ], [ 14.709904280297856, 53.978042916010722 ], [ 14.709598073045855, 53.978171651047397 ], [ 14.709822973773656, 53.978315146916799 ], [ 14.71026337308896, 53.978727905983021 ], [ 14.710455370323858, 53.978890998824838 ], [ 14.710651381057586, 53.979091208850669 ], [ 14.710818511451485, 53.979213808301388 ], [ 14.710875177551399, 53.97924134894977 ], [ 14.71124923657695, 53.97933066153292 ], [ 14.711407524368278, 53.979299593981835 ], [ 14.711613739949245, 53.979259117176298 ], [ 14.71226743256463, 53.979382341973675 ], [ 14.712541243879762, 53.979464761659592 ], [ 14.712679518116094, 53.979506424058592 ], [ 14.713303192230201, 53.979851322834755 ], [ 14.713774477864474, 53.979923877969583 ], [ 14.714188228426696, 53.979939867077022 ], [ 14.714647896744678, 53.97997276677102 ], [ 14.71522515089033, 53.980042242526288 ], [ 14.716307701879302, 53.98004812751531 ], [ 14.716532416105661, 53.979999509254768 ], [ 14.716717851131104, 53.979988625306021 ], [ 14.717065774986308, 53.979978393775028 ], [ 14.717609401008106, 53.979994497590305 ], [ 14.717793227353976, 53.979950812618462 ], [ 14.717976706259844, 53.979980983553425 ], [ 14.718258702473573, 53.98002728950491 ], [ 14.71859386858992, 53.980055479588408 ], [ 14.719195425997563, 53.980070903272896 ], [ 14.719845172334924, 53.98010611332591 ], [ 14.720435266174924, 53.980171641035135 ], [ 14.721181144685996, 53.980169600245389 ], [ 14.721620110177932, 53.980245463090789 ], [ 14.722361858410755, 53.980108359564376 ], [ 14.722655231277649, 53.980072018862359 ], [ 14.723523035027384, 53.980050297567267 ], [ 14.724309747260804, 53.980050756868032 ], [ 14.724559011928937, 53.980068849855869 ], [ 14.725061749086636, 53.98002148130719 ], [ 14.725960578667458, 53.980009876797816 ], [ 14.727108029423075, 53.979951659353056 ], [ 14.727823160867045, 53.979918957520454 ], [ 14.728530949558571, 53.979866378581207 ], [ 14.728899178849833, 53.979827316082336 ], [ 14.729564049290321, 53.979834474907229 ], [ 14.730360241511201, 53.979664648767304 ], [ 14.731074479547576, 53.979556451263051 ], [ 14.732071307515096, 53.97937924620836 ], [ 14.732839623338972, 53.979251122429559 ], [ 14.733319396791966, 53.979240147670787 ], [ 14.733882059427602, 53.979138605449251 ], [ 14.734331745182805, 53.979064665131645 ], [ 14.734763980343343, 53.978930124621492 ], [ 14.735135624901563, 53.978855110435276 ], [ 14.735901739061758, 53.978783029118958 ], [ 14.735982387484933, 53.978780959951997 ], [ 14.736481900666304, 53.978732638176922 ], [ 14.736967014962554, 53.978816274176509 ], [ 14.7373505020821, 53.978675148670533 ], [ 14.737946346543239, 53.978627121342711 ], [ 14.738110535676341, 53.97859926619175 ], [ 14.738317664160469, 53.978554342192773 ], [ 14.738665059295114, 53.97850406277027 ], [ 14.738815472528794, 53.978534130460147 ], [ 14.738955988169586, 53.978562289407137 ], [ 14.739306928494424, 53.978578865215688 ], [ 14.739644425102297, 53.978478245105016 ] ] ] ] } },
{ "type": "Feature", "properties": { "FID_": 0, "Entity": "LWPolyline", "Layer": "morska linia brzegowa", "Color": 202, "Linetype": "ACAD_ISO03W100", "Elevation": 0.0, "LineWt": 25, "RefName": null }, "geometry": { "type": "MultiPolygon", "coordinates": [ [ [ [ 18.563120068955449, 54.535013368159063 ], [ 18.563084496919448, 54.534348976383853 ], [ 18.563048021672362, 54.533725843992066 ], [ 18.562610293947778, 54.532866715816702 ], [ 18.562362920544821, 54.532379018300865 ], [ 18.561986733573089, 54.531636348855663 ], [ 18.561842168847971, 54.531350755416796 ], [ 18.561744987598196, 54.53115855876927 ], [ 18.561749323545676, 54.531157855821824 ], [ 18.561668636502134, 54.530998801274563 ], [ 18.561663986642927, 54.531000042941386 ], [ 18.561425236728329, 54.530531882082037 ], [ 18.561437738109177, 54.529884744438512 ], [ 18.561442372057815, 54.529884941249769 ], [ 18.561446293206931, 54.529721068986873 ], [ 18.561438875153097, 54.529720952481078 ], [ 18.561448669976837, 54.529008987177249 ], [ 18.561462382167207, 54.528018079580043 ], [ 18.561475324579789, 54.52702671898556 ], [ 18.56148219898672, 54.526529422264467 ], [ 18.561489769285291, 54.525983224861335 ], [ 18.561489877262094, 54.525968579843976 ], [ 18.561503907620303, 54.524942320372695 ], [ 18.561519441379225, 54.523946870129805 ], [ 18.561533741481604, 54.522951605134814 ], [ 18.56154662015874, 54.521988310271816 ], [ 18.561553458355021, 54.521540697775379 ], [ 18.561554311210902, 54.521490291486792 ], [ 18.561559869320288, 54.520994867367492 ], [ 18.561570386073683, 54.520365463167963 ], [ 18.56156449428935, 54.5203526437679 ], [ 18.561576341824967, 54.519505181638003 ], [ 18.561584652135579, 54.519007768012209 ], [ 18.561590989271799, 54.518512879132437 ], [ 18.56160559348336, 54.517579147620545 ], [ 18.561609052083526, 54.517398103524329 ], [ 18.561774219864798, 54.517201476974478 ], [ 18.561831668381394, 54.51713400695656 ], [ 18.561816762040614, 54.517105595721816 ], [ 18.561778850886142, 54.517088701507717 ], [ 18.56175216519264, 54.517080918309816 ], [ 18.561703127589631, 54.517073600990848 ], [ 18.561484147313422, 54.517332833370652 ], [ 18.561457487384299, 54.517398092984912 ], [ 18.561450447548168, 54.517896469349147 ], [ 18.56144519533569, 54.517896359864181 ], [ 18.561429230995646, 54.519040270021563 ], [ 18.561417443943967, 54.519938410076605 ], [ 18.561399274413883, 54.521172390329298 ], [ 18.561394378482984, 54.521470658285622 ], [ 18.561393327858344, 54.521539876969342 ], [ 18.561391990227218, 54.521621500808564 ], [ 18.561379475431977, 54.522486375625533 ], [ 18.561369321425286, 54.523145389481471 ], [ 18.561366910004356, 54.52331268245009 ], [ 18.561353803103167, 54.524189511674216 ], [ 18.561341098951008, 54.525043147553241 ], [ 18.561329908920118, 54.525827477174168 ], [ 18.561328958077052, 54.525901730182618 ], [ 18.561327786170335, 54.525982275967294 ], [ 18.561325010630828, 54.526168985759419 ], [ 18.561316636943264, 54.526762739303066 ], [ 18.561303252259641, 54.527636330444338 ], [ 18.561292226353107, 54.528347572074985 ], [ 18.561283130363314, 54.528936468213345 ], [ 18.561271024951793, 54.529820401284432 ], [ 18.561262157474967, 54.530546483783468 ], [ 18.561430176093793, 54.530878551182397 ], [ 18.561233796818279, 54.530913528491268 ], [ 18.561329924459816, 54.531131612578356 ], [ 18.561541152456712, 54.531095879780359 ], [ 18.561671042385164, 54.531351393814518 ], [ 18.561725396077851, 54.531457851330337 ], [ 18.562081182846512, 54.532156217496805 ], [ 18.562091480949039, 54.532176122103621 ], [ 18.562249541715879, 54.53248666583297 ], [ 18.562523104934602, 54.533026150694617 ], [ 18.562596840386004, 54.533170885357393 ], [ 18.562624697264404, 54.533225644815822 ], [ 18.562855755983684, 54.533678581723159 ], [ 18.562881802159538, 54.533729469201731 ], [ 18.562885727178667, 54.533738293339674 ], [ 18.562899991607154, 54.533980262783622 ], [ 18.562919091472189, 54.534319431207834 ], [ 18.562946281837288, 54.534899917629666 ], [ 18.5629519345311, 54.534993073440624 ], [ 18.562952470526895, 54.535029664216211 ], [ 18.56295990949469, 54.535042456557633 ], [ 18.562976673719358, 54.535050518362567 ], [ 18.562994228361617, 54.535056963795135 ], [ 18.563027081820969, 54.535064004658686 ], [ 18.563074360593511, 54.53503747571515 ], [ 18.563120068955449, 54.535013368159063 ] ] ] ] } },
{ "type": "Feature", "properties": { "FID_": 0, "Entity": "LWPolyline", "Layer": "morska linia brzegowa", "Color": 202, "Linetype": "ACAD_ISO03W100", "Elevation": 0.0, "LineWt": 25, "RefName": null }, "geometry": { "type": "MultiPolygon", "coordinates": [ [ [ [ 18.567474485494294, 54.548770056231731 ], [ 18.567252795178714, 54.54825216602331 ], [ 18.566700019466008, 54.548332895042272 ], [ 18.566703181282183, 54.548340906837417 ], [ 18.566347889037051, 54.548392045444068 ], [ 18.566340244441935, 54.548354620145574 ], [ 18.566168251827921, 54.548328202587435 ], [ 18.566167765792162, 54.548330268563632 ], [ 18.566140921959047, 54.5483825832817 ], [ 18.566138357131919, 54.54839111422973 ], [ 18.56615428372325, 54.548420387930953 ], [ 18.566134460371291, 54.548423104117852 ], [ 18.566153955396093, 54.548465876255946 ], [ 18.566382394275109, 54.549002491635655 ], [ 18.566737072953277, 54.548951531013557 ], [ 18.56674964395274, 54.548962004462261 ], [ 18.566836098558561, 54.548917364178173 ], [ 18.566779099126961, 54.548867536359431 ], [ 18.566786460949192, 54.54885866218526 ], [ 18.56701105075231, 54.548825215032586 ], [ 18.5670583621852, 54.54884075721062 ], [ 18.56716735082658, 54.5488734209966 ], [ 18.567190674748208, 54.548875931488084 ], [ 18.567222844260286, 54.548875596493993 ], [ 18.567249327543408, 54.548872006173845 ], [ 18.567277399170116, 54.548864375332748 ], [ 18.567300400920413, 54.548853579717026 ], [ 18.567320326145481, 54.548841154389741 ], [ 18.567346941431623, 54.54881032472283 ], [ 18.567363605348021, 54.548799327018919 ], [ 18.567392805556324, 54.548787384666639 ], [ 18.567420270475161, 54.548778583283209 ], [ 18.567474485494294, 54.548770056231731 ] ] ] ] } },
{ "type": "Feature", "properties": { "FID_": 0, "Entity": "LWPolyline", "Layer": "morska linia brzegowa", "Color": 202, "Linetype": "ACAD_ISO03W100", "Elevation": 0.0, "LineWt": 25, "RefName": null }, "geometry": { "type": "MultiPolygon", "coordinates": [ [ [ [ 18.789814282129623, 54.609496381061987 ], [ 18.789785246048158, 54.609515617360294 ], [ 18.789323349477819, 54.609650159943207 ], [ 18.788774486342803, 54.609809976193773 ], [ 18.788782718161066, 54.609819446007108 ], [ 18.788828787876167, 54.609872602019948 ], [ 18.78985384772637, 54.609573298783118 ], [ 18.789900238016436, 54.609547031275532 ], [ 18.789997153483654, 54.60949222223266 ], [ 18.790253096453036, 54.609345005874104 ], [ 18.790863927945882, 54.608997094357818 ], [ 18.791473975259446, 54.608649186629442 ], [ 18.792084166906683, 54.608301273930934 ], [ 18.792305373293782, 54.608175302969393 ], [ 18.792353742593157, 54.608147494209199 ], [ 18.792451098275706, 54.608091782746946 ], [ 18.792460480295787, 54.608080760388908 ], [ 18.792468215829732, 54.608072623810259 ], [ 18.792470197447301, 54.608063087391805 ], [ 18.792453565852881, 54.608043520449705 ], [ 18.792428322553263, 54.608034791132141 ], [ 18.792398465028334, 54.608035525613026 ], [ 18.792367336831241, 54.608042557471926 ], [ 18.792000403725829, 54.608251958571287 ], [ 18.791390368594943, 54.608599959671224 ], [ 18.790217227180356, 54.609267164817275 ], [ 18.789814282129623, 54.609496381061987 ] ] ] ] } },
{ "type": "Feature", "properties": { "FID_": 0, "Entity": "LWPolyline", "Layer": "morska linia brzegowa", "Color": 202, "Linetype": "ACAD_ISO03W100", "Elevation": 0.0, "LineWt": 25, "RefName": null }, "geometry": { "type": "MultiPolygon", "coordinates": [ [ [ [ 18.562673173058975, 54.537483165935292 ], [ 18.562429322928129, 54.538527718772045 ], [ 18.562455550558486, 54.538532848181852 ], [ 18.562467738658484, 54.538535229865154 ], [ 18.562499097839432, 54.538537680531292 ], [ 18.562516406353858, 54.538538371804123 ], [ 18.562538853529922, 54.538535666454976 ], [ 18.56254306351736, 54.538532265169401 ], [ 18.562560925500016, 54.538452320239912 ], [ 18.562786553885562, 54.537492205945917 ], [ 18.563022881179563, 54.536484663184048 ], [ 18.563038246886684, 54.536421160352383 ], [ 18.563032951962661, 54.536410263619821 ], [ 18.56302776094287, 54.536404221546725 ], [ 18.563037562979318, 54.53639841336188 ], [ 18.562979027333032, 54.5363930777634 ], [ 18.562937556228849, 54.536396703679358 ], [ 18.562923551841031, 54.536405103631225 ], [ 18.562916150643147, 54.536417752100824 ], [ 18.562900697850285, 54.536475052525979 ], [ 18.562894507274827, 54.536504606604282 ], [ 18.562889889273617, 54.53653155958262 ], [ 18.562888435093061, 54.536537487934737 ], [ 18.562889182020491, 54.536540007264854 ], [ 18.56289425248432, 54.536542902686676 ], [ 18.562673173058975, 54.537483165935292 ] ] ] ] } },
{ "type": "Feature", "properties": { "FID_": 0, "Entity": "LWPolyline", "Layer": "morska linia brzegowa", "Color": 202, "Linetype": "ACAD_ISO03W100", "Elevation": 0.0, "LineWt": 25, "RefName": null }, "geometry": { "type": "MultiPolygon", "coordinates": [ [ [ [ 18.554915975328683, 54.539504570697048 ], [ 18.554898742604866, 54.539512333153162 ], [ 18.554883932561072, 54.539522252416276 ], [ 18.555134889943492, 54.539960534222004 ], [ 18.555614409540194, 54.540566057949668 ], [ 18.555648500183551, 54.540573284705395 ], [ 18.557386419469577, 54.540110472779311 ], [ 18.557404201419093, 54.540095974571997 ], [ 18.557407632067207, 54.540078996325711 ], [ 18.557405348906503, 54.540075751818279 ], [ 18.557400009051385, 54.540069079493065 ], [ 18.557397417162566, 54.540065743869249 ], [ 18.557372935204871, 54.540056304515453 ], [ 18.557343269268447, 54.540054577840557 ], [ 18.555672800328839, 54.540499746765057 ], [ 18.55523849118369, 54.539945272336546 ], [ 18.554981360782595, 54.539505799886662 ], [ 18.55495884791711, 54.539500322989802 ], [ 18.554937967530382, 54.53950105486669 ], [ 18.554915975328683, 54.539504570697048 ] ] ] ] } },
{ "type": "Feature", "properties": { "FID_": 0, "Entity": "LWPolyline", "Layer": "morska linia brzegowa", "Color": 202, "Linetype": "ACAD_ISO03W100", "Elevation": 0.0, "LineWt": 25, "RefName": null }, "geometry": { "type": "MultiPolygon", "coordinates": [ [ [ [ 18.648743568710803, 54.367650984159326 ], [ 18.648742239526793, 54.367651976019438 ], [ 18.648659585399816, 54.367713670295281 ], [ 18.648399550633268, 54.36790931527743 ], [ 18.648516509695728, 54.367959270591051 ], [ 18.64820523102923, 54.368193734539517 ], [ 18.648009954033586, 54.368361217162132 ], [ 18.647618587660467, 54.368696879406023 ], [ 18.647451790234729, 54.368833890535001 ], [ 18.647192478310473, 54.369046959179769 ], [ 18.647329599648067, 54.369960311712283 ], [ 18.647365736817978, 54.370201006081992 ], [ 18.647276847502056, 54.370204447631522 ], [ 18.647282840496793, 54.370252842720113 ], [ 18.647346350377109, 54.370250165283387 ], [ 18.647390445691421, 54.37053932504277 ], [ 18.647434641791218, 54.370825069171275 ], [ 18.647445440679139, 54.3708952711523 ], [ 18.646986623900727, 54.370918396444345 ], [ 18.646906341414986, 54.370970217906525 ], [ 18.646315558191088, 54.371565919138718 ], [ 18.646207519852918, 54.371672965450422 ], [ 18.646147173343117, 54.371730251058715 ], [ 18.646046035958481, 54.371826029487316 ], [ 18.645813724815831, 54.372025653241927 ], [ 18.645785171624784, 54.372049794963424 ], [ 18.645733924776085, 54.372069026663112 ], [ 18.645633632923662, 54.372091395719032 ], [ 18.645574155341958, 54.372125585866165 ], [ 18.645511726182463, 54.372138588018998 ], [ 18.645218497304516, 54.372153362020946 ], [ 18.644971329609024, 54.37221056807136 ], [ 18.644902425458373, 54.372212822934173 ], [ 18.644828286528366, 54.372215105717437 ], [ 18.644775117229393, 54.372239558365784 ], [ 18.644727086208817, 54.372238378231962 ], [ 18.644656274377322, 54.372246661950363 ], [ 18.64463132528001, 54.372255240728151 ], [ 18.644627365325945, 54.372287337028148 ], [ 18.644591013156301, 54.372285105272006 ], [ 18.64453813882556, 54.37227927801213 ], [ 18.644428842509786, 54.372866558258828 ], [ 18.644447766065127, 54.372925216769858 ], [ 18.644518936089582, 54.372920074989878 ], [ 18.646449139860444, 54.372765305484272 ], [ 18.64812061948524, 54.372631254385098 ], [ 18.648161592667037, 54.372829145704259 ], [ 18.648192782707067, 54.372826013318992 ], [ 18.64821440851944, 54.372899571245675 ], [ 18.648293584739051, 54.373168236032448 ], [ 18.648299626340993, 54.373190305800236 ], [ 18.64822465623973, 54.373198345296501 ], [ 18.647678468880233, 54.373245301382894 ], [ 18.647614854220979, 54.373251391908518 ], [ 18.647100171660004, 54.37329601287307 ], [ 18.644497425312974, 54.373521621359181 ], [ 18.644501570569659, 54.37354064755629 ], [ 18.644448226133743, 54.373583518589555 ], [ 18.644437164991672, 54.373614215239193 ], [ 18.644438128872959, 54.373724900801363 ], [ 18.644443631412585, 54.373810944234748 ], [ 18.644465188458256, 54.374185129052421 ], [ 18.644200424403653, 54.37419067500673 ], [ 18.644214616410157, 54.374291137338368 ], [ 18.644288890374106, 54.374287507425223 ], [ 18.644466417760452, 54.374273351601282 ], [ 18.644495603703632, 54.374417399184217 ], [ 18.644512081331943, 54.374506528639024 ], [ 18.644514632478611, 54.374531851688197 ], [ 18.644531263176038, 54.374611097224374 ], [ 18.644532816973236, 54.374621870490159 ], [ 18.644542418277041, 54.374656146823739 ], [ 18.644575362696639, 54.374773752303696 ], [ 18.644607025309444, 54.374898919795001 ], [ 18.644622802036739, 54.374953102746602 ], [ 18.644637197624569, 54.374987886261927 ], [ 18.644598100330093, 54.375007052587591 ], [ 18.644628346371178, 54.375090897420655 ], [ 18.644694531210405, 54.375081559388263 ], [ 18.644703003629779, 54.375101819417921 ], [ 18.644656578337063, 54.375105211937999 ], [ 18.644686841132952, 54.375229307822785 ], [ 18.644797719622019, 54.375518739658794 ], [ 18.644885053979785, 54.375700212014841 ], [ 18.644960883795704, 54.375893875015826 ], [ 18.645104073117622, 54.376133448924996 ], [ 18.645116965194507, 54.376150811124297 ], [ 18.645247564135747, 54.376097821769086 ], [ 18.645656096920192, 54.375926187558683 ], [ 18.646060624869975, 54.375754843820033 ], [ 18.646173307049757, 54.375707609646049 ], [ 18.646760735771323, 54.375462508074257 ], [ 18.646933965092096, 54.3753901521291 ], [ 18.647449968765745, 54.375174001008723 ], [ 18.647454180309875, 54.375177482431113 ], [ 18.647722619416456, 54.37506283617153 ], [ 18.648054018402195, 54.37491999810787 ], [ 18.648240715537224, 54.374843166404453 ], [ 18.648255753620436, 54.374840390269689 ], [ 18.648272056733489, 54.374839763653071 ], [ 18.648288424951975, 54.374843269617116 ], [ 18.648359646945384, 54.374899849750676 ], [ 18.648469063270884, 54.374987491233881 ], [ 18.648563531626532, 54.375064071969668 ], [ 18.648564040446491, 54.375076826520413 ], [ 18.648548638359411, 54.375085804945641 ], [ 18.648254767000129, 54.375207597619514 ], [ 18.647908481986352, 54.375353210601347 ], [ 18.647593111273977, 54.37548787520349 ], [ 18.647362493421891, 54.375580845094845 ], [ 18.647220917835586, 54.375640273788868 ], [ 18.647065782991717, 54.37570849008101 ], [ 18.646216245766507, 54.376067212584552 ], [ 18.645434786035501, 54.376397177291608 ], [ 18.645362320043294, 54.376486782058983 ], [ 18.645652803060216, 54.376814785279855 ], [ 18.645758561080413, 54.376944047596318 ], [ 18.645855979301526, 54.377041909121417 ], [ 18.645866687059424, 54.377053421350944 ], [ 18.646324684830692, 54.37754586369612 ], [ 18.646342482683277, 54.377561940754596 ], [ 18.646574005695427, 54.377780466073808 ], [ 18.646660652365387, 54.37785861664635 ], [ 18.647175249892413, 54.378284786538202 ], [ 18.647187575822258, 54.378295411279467 ], [ 18.647475491251093, 54.378497728880177 ], [ 18.647635572120414, 54.378606123413249 ], [ 18.64762212237455, 54.378612215258748 ], [ 18.648003322608488, 54.378854282339681 ], [ 18.648615440952117, 54.379099241759292 ], [ 18.649043953564096, 54.379266567910229 ], [ 18.650168891697504, 54.379705912298917 ], [ 18.651079253936839, 54.380061441258235 ], [ 18.65119324427015, 54.380106198900833 ], [ 18.651742447073115, 54.380321921493227 ], [ 18.651765786302224, 54.380318380450561 ], [ 18.651818138598806, 54.380271109121907 ], [ 18.651849903988506, 54.380196995026445 ], [ 18.651997876618537, 54.379851185362973 ], [ 18.652083650998833, 54.379863660015353 ], [ 18.65210663847024, 54.379808909309723 ], [ 18.652019486332271, 54.379796802397721 ], [ 18.652054954720874, 54.379694364859795 ], [ 18.652069852033343, 54.379692128094213 ], [ 18.652451308518483, 54.379317295927422 ], [ 18.652446546198597, 54.379308156439485 ], [ 18.652012803661325, 54.379151741077543 ], [ 18.652349257552711, 54.378821804927959 ], [ 18.652403425219813, 54.37884064951362 ], [ 18.652490433346131, 54.37879507648281 ], [ 18.652508506207425, 54.378760567670355 ], [ 18.654448309101269, 54.379093551260588 ], [ 18.655236339553618, 54.379228898461704 ], [ 18.655269774498546, 54.37921182589821 ], [ 18.65533049541677, 54.379091191199294 ], [ 18.655314371987451, 54.379074208806024 ], [ 18.652875302022288, 54.378655441240589 ], [ 18.652703531290257, 54.378625911145669 ], [ 18.652713380667919, 54.378606451991651 ], [ 18.65272129492201, 54.378591135330922 ], [ 18.652722470351311, 54.378529404549013 ], [ 18.652669384502087, 54.378510823797221 ], [ 18.653259694445879, 54.377933332642641 ], [ 18.654442186759621, 54.378136593373476 ], [ 18.655117365666214, 54.378252644817273 ], [ 18.65513317961404, 54.378250312851364 ], [ 18.655236359852978, 54.378186412162975 ], [ 18.654882095308302, 54.377695436254662 ], [ 18.654672312076382, 54.377414984695911 ], [ 18.653414670055149, 54.375733610446325 ], [ 18.653348801706603, 54.375645542804619 ], [ 18.653494231645229, 54.375606481166471 ], [ 18.653372221524968, 54.375443711849421 ], [ 18.65345974468541, 54.375421494445732 ], [ 18.653450622473528, 54.375409145018502 ], [ 18.65322810554829, 54.37546856960769 ], [ 18.653202889084682, 54.375421536691199 ], [ 18.653008112372454, 54.375163383535465 ], [ 18.652723222279711, 54.374783256660628 ], [ 18.652311895229634, 54.374231326109658 ], [ 18.652061400785684, 54.373895197360831 ], [ 18.651955184666487, 54.373776724510762 ], [ 18.652101430368273, 54.373721397921663 ], [ 18.652251845830516, 54.373667216629826 ], [ 18.652337085167119, 54.373588499877151 ], [ 18.652560215779726, 54.373578039860142 ], [ 18.652956458701578, 54.373498719414997 ], [ 18.653381327024924, 54.373419602135051 ], [ 18.653654962873212, 54.373779303486053 ], [ 18.653916859743148, 54.374127662688494 ], [ 18.654243269788882, 54.374561823648378 ], [ 18.654487133770843, 54.374935430912153 ], [ 18.654783406902887, 54.375333371357492 ], [ 18.655021319911587, 54.375651484728756 ], [ 18.655061755309426, 54.375706971002181 ], [ 18.655268210209076, 54.375985715859166 ], [ 18.655269208937924, 54.375987063525201 ], [ 18.655598936727895, 54.376426418338845 ], [ 18.655837235804846, 54.376710117719476 ], [ 18.656138291338994, 54.37705888284939 ], [ 18.656242050588407, 54.377166764390118 ], [ 18.656479941831687, 54.377202486934969 ], [ 18.656533010493408, 54.377219987952301 ], [ 18.656702729656054, 54.377256171489257 ], [ 18.656723733974346, 54.377251115690797 ], [ 18.656617265501442, 54.377108479648371 ], [ 18.656672503394169, 54.377088323177169 ], [ 18.656761375828321, 54.377034920258659 ], [ 18.657051143812463, 54.376753292506848 ], [ 18.657050983815939, 54.376724093304112 ], [ 18.657330700389231, 54.376102450077838 ], [ 18.657360748336064, 54.376027714872762 ], [ 18.657418978271515, 54.375886698361285 ], [ 18.657480445177338, 54.375746024473827 ], [ 18.657543282252753, 54.375604442827495 ], [ 18.657446942173443, 54.375474161904449 ], [ 18.656364062330951, 54.374009707518717 ], [ 18.656166650377941, 54.37374442461148 ], [ 18.65592137275879, 54.373414813540528 ], [ 18.655515462637503, 54.372867517419721 ], [ 18.655370152773653, 54.372671813069545 ], [ 18.654898516085929, 54.372035473520519 ], [ 18.655027905238253, 54.372004762859945 ], [ 18.655156047812945, 54.371972800974682 ], [ 18.655394682338109, 54.371912296933473 ], [ 18.655398831512247, 54.3719131935379 ], [ 18.655604843329051, 54.37195769630862 ], [ 18.656662862045938, 54.371691211777069 ], [ 18.656761689167872, 54.371567943939191 ], [ 18.657011491365722, 54.371503512534787 ], [ 18.657334485765567, 54.371938811516529 ], [ 18.6575738913679, 54.372261450052719 ], [ 18.657602782986078, 54.372278363510027 ], [ 18.657629322392097, 54.372282801116953 ], [ 18.657649005242781, 54.372281885281296 ], [ 18.657712698701154, 54.372280909379299 ], [ 18.657739646851731, 54.372272406846463 ], [ 18.657759954269146, 54.372252799528368 ], [ 18.657950824212094, 54.371832356218178 ], [ 18.658120663905954, 54.371454076254814 ], [ 18.658469535850479, 54.37151290925646 ], [ 18.658962175693247, 54.371583805557385 ], [ 18.659011696262642, 54.371591440841506 ], [ 18.659516731046732, 54.371667569063085 ], [ 18.659566867315988, 54.371675201654881 ], [ 18.660785812719524, 54.371859100447878 ], [ 18.660622836034747, 54.372222612719845 ], [ 18.660474743431919, 54.372556198119007 ], [ 18.660468377894077, 54.372570534702724 ], [ 18.660324164103919, 54.372895309891426 ], [ 18.660284208723102, 54.372985105334614 ], [ 18.660215408157086, 54.373166701888287 ], [ 18.660059600597883, 54.373488395492913 ], [ 18.65990651218911, 54.373835950683308 ], [ 18.659809317889906, 54.374055621854936 ], [ 18.659736912295362, 54.374219264016617 ], [ 18.659596945109694, 54.374531255022696 ], [ 18.659441103564717, 54.374880351973019 ], [ 18.659287531662155, 54.375227189242402 ], [ 18.659133215122395, 54.375575738335286 ], [ 18.659093547952516, 54.375664632395051 ], [ 18.658975552076079, 54.375926999064788 ], [ 18.658819980596562, 54.376274295804741 ], [ 18.658665801483938, 54.376622303492532 ], [ 18.658509781723975, 54.376970860074124 ], [ 18.658355434906152, 54.377318329148238 ], [ 18.658199561043872, 54.377666614940388 ], [ 18.65818167093413, 54.377706447924567 ], [ 18.658043662808875, 54.378013732634422 ], [ 18.657889618874989, 54.378361379074583 ], [ 18.657732967582334, 54.378709757367709 ], [ 18.657506409126647, 54.379210448115536 ], [ 18.657500461336451, 54.379223508225458 ], [ 18.658102552236802, 54.379318788488192 ], [ 18.658697530580724, 54.37941186019556 ], [ 18.659357315223541, 54.379514906517414 ], [ 18.659360990111555, 54.379513718446169 ], [ 18.659364818899551, 54.379512529534296 ], [ 18.659532569723236, 54.379137133704681 ], [ 18.659689067848731, 54.378789651467038 ], [ 18.659841238397576, 54.378441203441831 ], [ 18.659996648300382, 54.378093368211992 ], [ 18.660152991917791, 54.377746335368933 ], [ 18.660304089035247, 54.377398611320231 ], [ 18.660312047660053, 54.377380591328716 ], [ 18.660457943593457, 54.37705024484395 ], [ 18.660758434757582, 54.376374122857193 ], [ 18.660910739962809, 54.376025585409771 ], [ 18.661064444859001, 54.375678115541149 ], [ 18.661072234965967, 54.375660471973347 ], [ 18.661218137091232, 54.375330017492892 ], [ 18.661371678638414, 54.37498227943334 ], [ 18.661526750655192, 54.374634173380059 ], [ 18.66176963426625, 54.37409088856085 ], [ 18.661923628152426, 54.373743237070769 ], [ 18.662078386048254, 54.373395311628251 ], [ 18.662137775915365, 54.373260665464571 ], [ 18.662231442931969, 54.373047035905117 ], [ 18.662386973701935, 54.372699644852688 ], [ 18.662417606798812, 54.372623646356665 ], [ 18.662715660227231, 54.371953103590322 ], [ 18.662839457443763, 54.371671023869091 ], [ 18.662994786487115, 54.371321297924624 ], [ 18.663034936351231, 54.371223503235001 ], [ 18.663222963746428, 54.370765512033543 ], [ 18.663220033027763, 54.370765078901236 ], [ 18.663497072162549, 54.370138314779304 ], [ 18.663583481846928, 54.369924094983382 ], [ 18.663768097763501, 54.369511493151819 ], [ 18.663830785652276, 54.369369544946707 ], [ 18.663964947154284, 54.369065760193941 ], [ 18.664050316132556, 54.368886893161829 ], [ 18.664152488547217, 54.368672817998274 ], [ 18.664190796907747, 54.368586624100686 ], [ 18.664236225002739, 54.368483948199696 ], [ 18.664217981422727, 54.368469045103076 ], [ 18.664065323883634, 54.368493320501805 ], [ 18.663713496419714, 54.368549267447243 ], [ 18.663669111746696, 54.368525881818321 ], [ 18.663593882726712, 54.368545881010306 ], [ 18.663586982585674, 54.368537833649007 ], [ 18.663549147500991, 54.368548373966036 ], [ 18.663554186768067, 54.368555623837402 ], [ 18.663540395933211, 54.368559203652985 ], [ 18.66353428235605, 54.368552318173514 ], [ 18.663268110658883, 54.368620807264605 ], [ 18.663223032339477, 54.368563912525374 ], [ 18.663490727956976, 54.368494427743364 ], [ 18.663486634942313, 54.368488700059928 ], [ 18.663499486674926, 54.368484137099834 ], [ 18.663504819251113, 54.368490397049335 ], [ 18.663543281406131, 54.36848048222511 ], [ 18.663541052070787, 54.368475822458407 ], [ 18.663613829374125, 54.368456464803259 ], [ 18.663616177738213, 54.368420692971121 ], [ 18.663664594162778, 54.368407938145822 ], [ 18.663674024132451, 54.368420195281011 ], [ 18.663734097073885, 54.368404717786291 ], [ 18.664175715949398, 54.368290932249337 ], [ 18.664317349152235, 54.368228608062161 ], [ 18.664257907760874, 54.368149420949429 ], [ 18.66408676554471, 54.368166175506602 ], [ 18.663766600967794, 54.368248614892032 ], [ 18.663576185966928, 54.368297644243754 ], [ 18.663585306705542, 54.368309812340719 ], [ 18.6635364242712, 54.368322479849503 ], [ 18.663526998800158, 54.368310402371883 ], [ 18.663433979034171, 54.368334004161184 ], [ 18.663428035414825, 54.368328018004554 ], [ 18.66336430836618, 54.368345617835381 ], [ 18.663108094998417, 54.368411445409883 ], [ 18.663038185070494, 54.368322252393448 ], [ 18.663241281426718, 54.368269310587735 ], [ 18.663302964911072, 54.36825323326854 ], [ 18.663297008187332, 54.368246527506649 ], [ 18.663310643633324, 54.368242858725701 ], [ 18.663317523415721, 54.368249649261671 ], [ 18.663352146183172, 54.368240204825895 ], [ 18.663346793378228, 54.368232686230627 ], [ 18.663450244901618, 54.368207141299699 ], [ 18.663439720681147, 54.368193812900351 ], [ 18.663581421530441, 54.36814441722526 ], [ 18.663988876967256, 54.368002384609902 ], [ 18.664196357454816, 54.367929994944639 ], [ 18.664142478822853, 54.367642423008718 ], [ 18.664059338879273, 54.367200857764431 ], [ 18.664041505564576, 54.367106145275571 ], [ 18.664029620636978, 54.367044707981755 ], [ 18.663970163134504, 54.366737358147255 ], [ 18.663868111690508, 54.366200726744964 ], [ 18.663864497863006, 54.366181673088832 ], [ 18.663765533333489, 54.365659875323992 ], [ 18.663663855868659, 54.365127015168618 ], [ 18.66363047957287, 54.364952395822861 ], [ 18.663595131083014, 54.364767467525091 ], [ 18.663510368977331, 54.364319688765136 ], [ 18.66345579022197, 54.364035803936318 ], [ 18.66340880179952, 54.363792107075625 ], [ 18.663372014662436, 54.363601316909708 ], [ 18.663327038997064, 54.363579102404358 ], [ 18.663258643863067, 54.363545246654098 ], [ 18.663185728632037, 54.363526959161376 ], [ 18.663199944525946, 54.363492469809493 ], [ 18.663204527721017, 54.363461806935241 ], [ 18.663246337482725, 54.363459420908946 ], [ 18.663253072251379, 54.363342763002379 ], [ 18.663268336564037, 54.363258762395937 ], [ 18.663268757553844, 54.363256244377574 ], [ 18.663272439564992, 54.36325559522043 ], [ 18.663305721366719, 54.363249123085332 ], [ 18.663226459274409, 54.363151895316832 ], [ 18.663169609354945, 54.363166133870557 ], [ 18.663010701940081, 54.363205730642079 ], [ 18.661300658954488, 54.363648171305023 ], [ 18.660970161412656, 54.363733269163745 ], [ 18.660845898108754, 54.363765216107325 ], [ 18.660771396887149, 54.363784475544584 ], [ 18.660283122938903, 54.363910702485171 ], [ 18.659445613908328, 54.364126959057103 ], [ 18.659397078888919, 54.364141778429797 ], [ 18.659470052235978, 54.364240661170129 ], [ 18.659547193048198, 54.364345059239518 ], [ 18.659556077048631, 54.364357081588366 ], [ 18.659538632443972, 54.364363016925971 ], [ 18.659544583572622, 54.364369543211893 ], [ 18.659328635611125, 54.364450596468991 ], [ 18.659236233934692, 54.364550829908048 ], [ 18.659171619517238, 54.364580115142878 ], [ 18.659104780793101, 54.364595214033606 ], [ 18.658660445961271, 54.364711025609274 ], [ 18.657627527883278, 54.364986114029684 ], [ 18.657614810118808, 54.364989500445667 ], [ 18.65753776036485, 54.365001150971729 ], [ 18.657509857131597, 54.364988094612229 ], [ 18.657333395535513, 54.365037214262124 ], [ 18.65724515703268, 54.36507093793093 ], [ 18.656275839179571, 54.365331375646981 ], [ 18.655720106166012, 54.365476981124928 ], [ 18.655705160064734, 54.365456308656334 ], [ 18.655453363428229, 54.365521054718741 ], [ 18.655304300372048, 54.365559382094546 ], [ 18.654826979815333, 54.365682457313248 ], [ 18.654832645560482, 54.365690422921126 ], [ 18.65469795412368, 54.365725205306092 ], [ 18.654689151522781, 54.365713393303274 ], [ 18.654499908125082, 54.36576230766827 ], [ 18.654507769128692, 54.365772866938428 ], [ 18.654484643634465, 54.36577964095968 ], [ 18.654356994420329, 54.365599291296967 ], [ 18.654296188514703, 54.365519927907279 ], [ 18.654333359379734, 54.36550624945572 ], [ 18.654301761926277, 54.365464013157371 ], [ 18.654252622344714, 54.365441009235177 ], [ 18.65352885079735, 54.365566402156432 ], [ 18.653414323311086, 54.365466034619374 ], [ 18.653355399880923, 54.365485760389483 ], [ 18.653343336705905, 54.365462465580848 ], [ 18.653204640414284, 54.365487205163504 ], [ 18.653166411951844, 54.365618587933803 ], [ 18.653209866695757, 54.365709996259987 ], [ 18.653194826466446, 54.365702710226913 ], [ 18.653115896352471, 54.365702777895606 ], [ 18.651411433059163, 54.36620424380844 ], [ 18.65018781792153, 54.366564219148565 ], [ 18.64977765858109, 54.366873627042317 ], [ 18.649653039603081, 54.366967633857797 ], [ 18.649309847964123, 54.367226620857714 ], [ 18.64910685064411, 54.367379822606033 ], [ 18.648743568710803, 54.367650984159326 ] ] ] ] } },
{ "type": "Feature", "properties": { "FID_": 0, "Entity": "LWPolyline", "Layer": "obszar realizacji inwestycji", "Color": 253, "Linetype": "Continuous", "Elevation": 0.0, "LineWt": 30, "RefName": null }, "geometry": { "type": "MultiPolygon", "coordinates": [ [ [ [ 17.797413520199388, 54.861789790311327 ], [ 17.807528965442458, 54.809679713201831 ], [ 17.818445843517321, 54.810945127747416 ], [ 17.819422161483569, 54.808687031158129 ], [ 17.81970433669645, 54.808086343316965 ], [ 17.820535094540922, 54.806411627540257 ], [ 17.820590020131821, 54.806300895996067 ], [ 17.820653711433643, 54.806172499911646 ], [ 17.820732574114526, 54.80601351382635 ], [ 17.820793910628399, 54.805889859439858 ], [ 17.820925990168252, 54.80562358252692 ], [ 17.820992030061191, 54.805490444461981 ], [ 17.82107088696598, 54.805331459030732 ], [ 17.821105937044059, 54.805260799024865 ], [ 17.822006122147293, 54.803445823181207 ], [ 17.825322443860159, 54.79686980615601 ], [ 17.825323526045025, 54.796867651593217 ], [ 17.820255571857711, 54.796026910851651 ], [ 17.82130961919022, 54.793949517365753 ], [ 17.821506463070374, 54.793913063138014 ], [ 17.821205267425935, 54.793496937478203 ], [ 17.820513937596829, 54.793442463128706 ], [ 17.820314715336632, 54.793700004542998 ], [ 17.819366618608889, 54.793800204301576 ], [ 17.819018259636618, 54.793749196108834 ], [ 17.8187123167239, 54.79370507800364 ], [ 17.817145938087069, 54.792860133498372 ], [ 17.817058622310043, 54.792811938348031 ], [ 17.816959437862497, 54.792775404228586 ], [ 17.81677416090573, 54.79287211509579 ], [ 17.816432681843466, 54.793050412541248 ], [ 17.816322881419946, 54.793023474555568 ], [ 17.816234394245459, 54.793028012193297 ], [ 17.816158662860392, 54.792996813399093 ], [ 17.816063573542337, 54.793017242311166 ], [ 17.816040419456495, 54.792973498127857 ], [ 17.816028117897336, 54.792950258942902 ], [ 17.815953056058014, 54.792942868216763 ], [ 17.815950677803709, 54.792713417274634 ], [ 17.815856062729416, 54.792595405728214 ], [ 17.816081286488163, 54.792163444741988 ], [ 17.81478552843333, 54.79220567456651 ], [ 17.814335306333561, 54.792198877582969 ], [ 17.813885084388676, 54.792192078929254 ], [ 17.813473330352117, 54.792130150883068 ], [ 17.811567865935586, 54.791843543183973 ], [ 17.81149091876733, 54.791831968380762 ], [ 17.809803194282367, 54.791578082890979 ], [ 17.803814059642299, 54.790721371667985 ], [ 17.80250083968707, 54.790270138970506 ], [ 17.798927613957808, 54.789638815387057 ], [ 17.798556069538328, 54.789573156115353 ], [ 17.798488812645488, 54.789561275606104 ], [ 17.798448637589992, 54.789543151347161 ], [ 17.798390469126687, 54.789516911717136 ], [ 17.798210520287924, 54.789511473859804 ], [ 17.796654822338208, 54.789464424898377 ], [ 17.793572508132488, 54.789417147628832 ], [ 17.793443037337813, 54.789415159298365 ], [ 17.793328007225245, 54.789412627644964 ], [ 17.789088847994599, 54.789348915341961 ], [ 17.788580088421732, 54.789335147194684 ], [ 17.787707837060484, 54.789325035845891 ], [ 17.783735077708631, 54.789256724018749 ], [ 17.782058538364186, 54.789227856493305 ], [ 17.781565277195554, 54.789219354898428 ], [ 17.781534339907388, 54.789219389045108 ], [ 17.780460192734402, 54.789200740555749 ], [ 17.777889601177925, 54.788842614567734 ], [ 17.777437405275652, 54.788779609694167 ], [ 17.771089570021225, 54.787894970228052 ], [ 17.76995702028259, 54.787737098721372 ], [ 17.769799130843317, 54.787715088911369 ], [ 17.768747597315379, 54.78756849885265 ], [ 17.768706760304205, 54.787562801619096 ], [ 17.768719833488042, 54.787587442310475 ], [ 17.767235295141571, 54.787547769995136 ], [ 17.766510979505092, 54.787528410764885 ], [ 17.766069194344173, 54.788722522755528 ], [ 17.765666783807458, 54.789809976259889 ], [ 17.76432385291946, 54.793437805849749 ], [ 17.763481128534135, 54.795120548453646 ], [ 17.768814954692946, 54.796065415998868 ], [ 17.77435718520611, 54.797046910795778 ], [ 17.772032194948444, 54.801920881196899 ], [ 17.77045813192143, 54.805374772851188 ], [ 17.736553121689596, 54.853120780438758 ], [ 17.739384166713386, 54.853991944558885 ], [ 17.752118334363544, 54.856634444466167 ], [ 17.797413505772951, 54.861789872039331 ], [ 17.797413520199388, 54.861789790311327 ] ] ] ] } },
{ "type": "Feature", "properties": { "FID_": 0, "Entity": "LWPolyline", "Layer": "strefa wylesienia", "Color": 12, "Linetype": "Continuous", "Elevation": 0.0, "LineWt": 30, "RefName": null }, "geometry": { "type": "MultiPolygon", "coordinates": [ [ [ [ 17.767133384008929, 54.788855600927221 ], [ 17.765033526916692, 54.794462677015794 ], [ 17.775200657850565, 54.796255857550882 ], [ 17.775955792436175, 54.800572615294357 ], [ 17.782942903139904, 54.801449173737673 ], [ 17.789930315656129, 54.802325330062843 ], [ 17.795864840846829, 54.80306911928335 ], [ 17.801799583097321, 54.8038126184112 ], [ 17.80632156650438, 54.80287696688103 ], [ 17.807558763395164, 54.799618317029918 ], [ 17.816639043961427, 54.800710259767008 ], [ 17.818750937099669, 54.794943994609731 ], [ 17.813528585011039, 54.79415126433409 ], [ 17.810153530598253, 54.793627974687503 ], [ 17.806217019346697, 54.793135012608033 ], [ 17.802280604187263, 54.792641921978912 ], [ 17.799785538621183, 54.792329308016683 ], [ 17.797290511677996, 54.792016642772353 ], [ 17.794396449635254, 54.791653902501984 ], [ 17.79150243957876, 54.791291093237383 ], [ 17.788600135424346, 54.791543694768535 ], [ 17.782190503399551, 54.79074399012562 ], [ 17.775781125283288, 54.789943946174567 ], [ 17.773691919983872, 54.789680414850601 ], [ 17.771602741959551, 54.789416846674456 ], [ 17.769368047453867, 54.789136244368535 ], [ 17.767133384008929, 54.788855600927221 ] ] ] ] } },
{ "type": "Feature", "properties": { "FID_": 0, "Entity": "LWPolyline", "Layer": "zakres obszaru GEO3 - część morska", "Color": 160, "Linetype": "Continuous", "Elevation": 0.0, "LineWt": 25, "RefName": null }, "geometry": { "type": "MultiPolygon", "coordinates": [ [ [ [ 17.788787811968856, 54.806056902733253 ], [ 17.788161321979779, 54.805947908936069 ], [ 17.786850519520147, 54.805789358567758 ], [ 17.78537547373984, 54.805613641454904 ], [ 17.784105347271463, 54.805478410220452 ], [ 17.782841917313466, 54.805377899489002 ], [ 17.781709638397771, 54.805232765471402 ], [ 17.781154221566087, 54.805185079765543 ], [ 17.77924816199813, 54.810357359903314 ], [ 17.73819052773419, 54.852069460837576 ], [ 17.738156674504435, 54.852104537129222 ], [ 17.738056676349085, 54.852217881333381 ], [ 17.73796795121287, 54.852334307545945 ], [ 17.737890785019207, 54.852453443876861 ], [ 17.737825423512433, 54.852574908126833 ], [ 17.737772075259343, 54.852698311414109 ], [ 17.737730914763031, 54.852823258206655 ], [ 17.737702069943762, 54.852949347989778 ], [ 17.737685636072069, 54.853076178107713 ], [ 17.737681664947484, 54.853203340954053 ], [ 17.737690169373153, 54.853330430311203 ], [ 17.737711123266315, 54.853457037755589 ], [ 17.737744456786789, 54.853582758899968 ], [ 17.737790067323299, 54.853707190810795 ], [ 17.737847805388121, 54.853829934558803 ], [ 17.737917487020777, 54.853950597146266 ], [ 17.737998890671136, 54.854068791474624 ], [ 17.738091753970131, 54.854184139907552 ], [ 17.738195780043441, 54.854296271639754 ], [ 17.738310635756054, 54.854404828972307 ], [ 17.738435953409354, 54.854509462835608 ], [ 17.738571330543724, 54.854609839080972 ], [ 17.738716336281094, 54.854705634950932 ], [ 17.738870503367412, 54.854796544391114 ], [ 17.739033339132678, 54.854882276366673 ], [ 17.739204320789586, 54.854962555713008 ], [ 17.739382901608558, 54.855037124998432 ], [ 17.739568510862092, 54.855105746321989 ], [ 17.73976055235163, 54.85516819860198 ], [ 17.739958410499202, 54.85522428213433 ], [ 17.740161451934188, 54.855273817710795 ], [ 17.740369025494381, 54.855316646619329 ], [ 17.74058046845844, 54.855352630708943 ], [ 17.740795100204096, 54.855381655920567 ], [ 17.741012234783984, 54.855403628821556 ], [ 17.741231177755701, 54.855418478371114 ], [ 17.741451226099649, 54.855426158616623 ], [ 17.741671674647755, 54.855426642467371 ], [ 17.741891817363317, 54.855419930697977 ], [ 17.742110949152501, 54.855406043876002 ], [ 17.742328368869792, 54.855385025989136 ], [ 17.742543379291867, 54.855356945343779 ], [ 17.742755290346764, 54.855321891002255 ], [ 17.7429634236771, 54.855279976425919 ], [ 17.74316711436709, 54.855231334098612 ], [ 17.743365707632886, 54.855176121785163 ], [ 17.743558566836352, 54.85511451542191 ], [ 17.743745076517786, 54.855046711844636 ], [ 17.743924637695894, 54.854972929638464 ], [ 17.744096675796939, 54.854893404724436 ], [ 17.744260639069797, 54.854808391241541 ], [ 17.744416001701744, 54.854718161578475 ], [ 17.74456226696217, 54.85462300550661 ], [ 17.744698967286364, 54.854523227483192 ], [ 17.74482566268955, 54.854419147533548 ], [ 17.744941948666913, 54.854311097736144 ], [ 17.74496222120613, 54.854290771263059 ], [ 17.786296375201349, 54.812290315993955 ], [ 17.786381424181908, 54.812198940885523 ], [ 17.786431326761477, 54.81214011616828 ], [ 17.786444788488108, 54.812123644305764 ], [ 17.786489053575302, 54.812067497976571 ], [ 17.786571807330141, 54.811949633904959 ], [ 17.786642882227088, 54.811829255366867 ], [ 17.78666013169461, 54.811796189708879 ], [ 17.786668998907619, 54.811778707254071 ], [ 17.786710917623321, 54.811689265118673 ], [ 17.786740727821783, 54.811614618258318 ], [ 17.788787811968856, 54.806056902733253 ] ] ] ] } },
{ "type": "Feature", "properties": { "FID_": 0, "Entity": "LWPolyline", "Layer": "zakres obszaru GEO3 - część morska", "Color": 160, "Linetype": "Continuous", "Elevation": 0.0, "LineWt": 25, "RefName": null }, "geometry": { "type": "MultiPolygon", "coordinates": [ [ [ [ 17.794646953662401, 54.840994618242192 ], [ 17.793091718279374, 54.841042819470033 ], [ 17.791536481014759, 54.8410910016716 ], [ 17.793138144873723, 54.858145682517872 ], [ 17.793139958653782, 54.858162178317841 ], [ 17.793156335663209, 54.85824227837039 ], [ 17.793185094617545, 54.858321208704922 ], [ 17.79322600209845, 54.858398334096655 ], [ 17.793278729191655, 54.858473033651613 ], [ 17.793342851350268, 54.858544705300687 ], [ 17.793417852851565, 54.858612773036612 ], [ 17.793503129857562, 54.858676688742975 ], [ 17.793597993395192, 54.858735936719768 ], [ 17.793701683189084, 54.858790040114499 ], [ 17.793813362880165, 54.858838564471689 ], [ 17.793932132462526, 54.85888111875618 ], [ 17.794057037524468, 54.85891735904179 ], [ 17.794187070619952, 54.858946994818687 ], [ 17.794321185372276, 54.858969786437157 ], [ 17.79445830252012, 54.858985551461153 ], [ 17.794597316232366, 54.858994162034577 ], [ 17.794737109556049, 54.858995549529808 ], [ 17.794876554472935, 54.858989702750542 ], [ 17.795014530597751, 54.858976668117315 ], [ 17.795149925127493, 54.858956551464928 ], [ 17.795281648557655, 54.858929513703117 ], [ 17.795408640836165, 54.858895773573991 ], [ 17.795529877785111, 54.85885560142254 ], [ 17.795644385043577, 54.85880932203095 ], [ 17.795751239814781, 54.858757308342362 ], [ 17.795849580321644, 54.858699977957713 ], [ 17.795938618297679, 54.858637792359971 ], [ 17.796017634420149, 54.858571253271663 ], [ 17.796085992518481, 54.858500896502221 ], [ 17.796143142822682, 54.858427287484233 ], [ 17.796188625131357, 54.858351019506095 ], [ 17.796222073697511, 54.858272706567952 ], [ 17.796243217360111, 54.858192978887381 ], [ 17.796251888995965, 54.858112479396652 ], [ 17.796249831456002, 54.858048351321422 ], [ 17.794646953662401, 54.840994618242192 ] ] ] ] } },
{ "type": "Feature", "properties": { "FID_": 0, "Entity": "LWPolyline", "Layer": "zakres obszaru GEO3 - część morska", "Color": 160, "Linetype": "Continuous", "Elevation": 0.0, "LineWt": 25, "RefName": null }, "geometry": { "type": "MultiPolygon", "coordinates": [ [ [ [ 17.794484061555718, 54.8065271165555 ], [ 17.794086950920374, 54.806510297460754 ], [ 17.792570035267904, 54.806451242619922 ], [ 17.791360788848813, 54.806368448272416 ], [ 17.789093401780271, 54.812541272970002 ], [ 17.789089547952081, 54.812552086435261 ], [ 17.789068415394095, 54.812631813508368 ], [ 17.789059740565097, 54.812712313056934 ], [ 17.789061475409685, 54.812773016942543 ], [ 17.791452031664999, 54.840191232825745 ], [ 17.791452318754398, 54.840193927298301 ], [ 17.791452342105107, 54.84019465752111 ], [ 17.791536481014759, 54.8410910016716 ], [ 17.793039549308652, 54.841044436001333 ], [ 17.793050566785368, 54.841044545525449 ], [ 17.793091733851774, 54.841042819624825 ], [ 17.794646953662401, 54.840994618242192 ], [ 17.794562967052308, 54.840100787206019 ], [ 17.794562656349282, 54.840097362517248 ], [ 17.79218051072603, 54.812799694895567 ], [ 17.794484061555718, 54.8065271165555 ] ] ] ] } },
{ "type": "Feature", "properties": { "FID_": 0, "Entity": "Group", "Layer": "morska linia brzegowa", "Color": 202, "Linetype": "ACAD_ISO03W100", "Elevation": 0.0, "LineWt": 25, "RefName": null }, "geometry": { "type": "MultiPolygon", "coordinates": [ [ [ [ 14.623668453827117, 53.84472041036868 ], [ 14.624209241647037, 53.844276792831188 ], [ 14.624516564689896, 53.843433765302613 ], [ 14.624585107343384, 53.843380876470043 ], [ 14.624564327360515, 53.843291856719709 ], [ 14.624557066129947, 53.843271347432598 ], [ 14.624577872757865, 53.843187490414302 ], [ 14.624485067881128, 53.842980536974267 ], [ 14.624328762708426, 53.842670683666562 ], [ 14.62409839528117, 53.842369044787887 ], [ 14.623905894144002, 53.842216499486007 ], [ 14.623641620356709, 53.842019881302335 ], [ 14.623414607203296, 53.841903977073272 ], [ 14.62318841838875, 53.841832013549613 ], [ 14.62263414552236, 53.841564216638808 ], [ 14.622567987916721, 53.84152105949898 ], [ 14.622291872350555, 53.84134138236054 ], [ 14.62204923844525, 53.841139077325906 ], [ 14.622022849048149, 53.841117069513615 ], [ 14.621707683722921, 53.840786856755457 ], [ 14.621643484529143, 53.840695092295277 ], [ 14.621629479572002, 53.840664409313099 ], [ 14.621639833013781, 53.840662105739924 ], [ 14.621586467988561, 53.840329300143566 ], [ 14.62154191174711, 53.840232747451928 ], [ 14.621354734768408, 53.839845698873027 ], [ 14.621061817448735, 53.839627509192447 ], [ 14.620649053365936, 53.839306507403968 ], [ 14.620365069127203, 53.839126082187668 ], [ 14.620284409042604, 53.839124838791932 ], [ 14.62007357079003, 53.839205218712927 ], [ 14.619700567999626, 53.839493903535356 ], [ 14.619412655572859, 53.839981432568173 ], [ 14.619230775616455, 53.840118061179226 ], [ 14.619191950748226, 53.840076964954775 ], [ 14.619092877787036, 53.840229580516741 ], [ 14.619079607192692, 53.840285696684454 ], [ 14.618903770325517, 53.840777173639204 ], [ 14.618879905101901, 53.840929040163743 ], [ 14.618892476566911, 53.84101695660155 ], [ 14.618996557296381, 53.84111639508172 ], [ 14.619026310283234, 53.841253245136166 ], [ 14.619073488774934, 53.841344686450626 ], [ 14.619115809725706, 53.841419308859969 ], [ 14.619205040787531, 53.841631645492612 ], [ 14.619334441641229, 53.842005126435616 ], [ 14.619728742298026, 53.842454113955235 ], [ 14.620021840413918, 53.842704205597848 ], [ 14.620565841163833, 53.843217282375122 ], [ 14.620687536154767, 53.843285325651856 ], [ 14.620738755211443, 53.843367523341271 ], [ 14.620760432249476, 53.84340667824187 ], [ 14.621464160347678, 53.844018912302815 ], [ 14.621477441589128, 53.844180329914373 ], [ 14.621829814181574, 53.844532138171608 ], [ 14.622150360311373, 53.844892379983541 ], [ 14.622518144888875, 53.845052218306108 ], [ 14.623461106452194, 53.845035952558028 ], [ 14.623668453899366, 53.844720409471734 ], [ 14.623668453827117, 53.84472041036868 ] ] ], [ [ [ 14.62270358854558, 53.840413866055222 ], [ 14.622603368773653, 53.840289642780604 ], [ 14.622386585059367, 53.840119049034477 ], [ 14.622201875947571, 53.839963380543757 ], [ 14.621953791804318, 53.839776693627364 ], [ 14.621847814238697, 53.839718763268522 ], [ 14.621669741203387, 53.839771125308175 ], [ 14.62182642886644, 53.840169938645488 ], [ 14.621802784826697, 53.840281640930939 ], [ 14.621984350411315, 53.840583940042933 ], [ 14.622050268412981, 53.840687299513675 ], [ 14.622082349117498, 53.840701417182991 ], [ 14.622440968352475, 53.841116230350941 ], [ 14.622963899882929, 53.841455812226599 ], [ 14.623372867183908, 53.841594751755615 ], [ 14.62338665743887, 53.841581675950025 ], [ 14.62350915766352, 53.841695544882242 ], [ 14.623525953582268, 53.841635395816624 ], [ 14.623430315684995, 53.841423311918511 ], [ 14.623305001391037, 53.841183190806859 ], [ 14.623142951448665, 53.840939629691476 ], [ 14.622937625603081, 53.840693685649065 ], [ 14.622759834181146, 53.840511623289572 ], [ 14.62270358854558, 53.840413866055222 ] ] ] ] } },
{ "type": "Feature", "properties": { "FID_": 0, "Entity": "Group", "Layer": "morska linia brzegowa", "Color": 202, "Linetype": "ACAD_ISO03W100", "Elevation": 0.0, "LineWt": 25, "RefName": null }, "geometry": { "type": "MultiPolygon", "coordinates": [ [ [ [ 14.369923089308724, 53.880305312327621 ], [ 14.372294552290972, 53.879421282912112 ], [ 14.372094619328212, 53.879164226840956 ], [ 14.371115554599742, 53.879659873213093 ], [ 14.369935333766893, 53.879795755609848 ], [ 14.368637498500528, 53.879285230157848 ], [ 14.368459669141346, 53.878701364164669 ], [ 14.368014955357822, 53.878465903062704 ], [ 14.365685351410669, 53.878442545137155 ], [ 14.363036376474945, 53.878127105720957 ], [ 14.360582002042818, 53.87738075068016 ], [ 14.359977255569024, 53.87659600495639 ], [ 14.359526069419237, 53.875620438139741 ], [ 14.359839896724223, 53.874577217496828 ], [ 14.359776316722421, 53.874162235180087 ], [ 14.360080905690364, 53.873361566116877 ], [ 14.360993330462072, 53.872789164237055 ], [ 14.361903686353932, 53.87287664246999 ], [ 14.362749493678646, 53.872515845402418 ], [ 14.36291010307052, 53.87279180350496 ], [ 14.364976139592136, 53.872308589698356 ], [ 14.366303461821994, 53.871306518822394 ], [ 14.366829170501587, 53.871317172434317 ], [ 14.367239398465255, 53.871639967553286 ], [ 14.368129121898743, 53.871111968411213 ], [ 14.369065464311623, 53.871148713393048 ], [ 14.370292623277201, 53.871714201678536 ], [ 14.370078033616775, 53.872248045414182 ], [ 14.370447025009918, 53.872380217136154 ], [ 14.370445139599049, 53.872870177898079 ], [ 14.371044386214564, 53.872703508353901 ], [ 14.372534460185676, 53.8727901326344 ], [ 14.374420932391359, 53.873299901173965 ], [ 14.374671850539182, 53.874004889877781 ], [ 14.375229821960373, 53.87430212145 ], [ 14.376114359268863, 53.874462645842499 ], [ 14.376318784703439, 53.874817764855891 ], [ 14.376733119913398, 53.87493112830176 ], [ 14.377141777855019, 53.874673941128428 ], [ 14.377470690323756, 53.874960754393157 ], [ 14.377803263177082, 53.874800799868886 ], [ 14.377734161452512, 53.875150831102367 ], [ 14.378092513836098, 53.875526397127963 ], [ 14.378406959069181, 53.874781638278861 ], [ 14.37823977060013, 53.874681778725261 ], [ 14.378394118587313, 53.874282364612412 ], [ 14.378198397334476, 53.873763807259337 ], [ 14.377480095427709, 53.872917338079709 ], [ 14.376674337384493, 53.87152500410587 ], [ 14.376477017598299, 53.870983932649636 ], [ 14.376222974669972, 53.869042649134968 ], [ 14.376049074211204, 53.8686378507673 ], [ 14.376016680960177, 53.868232556296562 ], [ 14.376570625931306, 53.867112743001123 ], [ 14.376581772328366, 53.866837868498038 ], [ 14.376408942088515, 53.86656166438113 ], [ 14.375735558672593, 53.86623853427664 ], [ 14.371776061157291, 53.865802012674799 ], [ 14.370449233123972, 53.865324261473276 ], [ 14.369522832445963, 53.864550498736556 ], [ 14.369586601123274, 53.864116743589619 ], [ 14.369262060150326, 53.863762574232474 ], [ 14.367396476752143, 53.862880059555728 ], [ 14.367399504967674, 53.861985540801363 ], [ 14.366610287582871, 53.860290512242365 ], [ 14.366151359922814, 53.859510810912369 ], [ 14.365981413280171, 53.858731167699638 ], [ 14.366165920950555, 53.857684196875255 ], [ 14.365171495613657, 53.857825964513275 ], [ 14.364377208127166, 53.858122273573137 ], [ 14.363947446398369, 53.858498524755511 ], [ 14.364000523483945, 53.858742445293842 ], [ 14.363345180444933, 53.85895729099424 ], [ 14.360927232908894, 53.860183450485657 ], [ 14.36009318916404, 53.860674856933116 ], [ 14.358981801963287, 53.861776916481624 ], [ 14.358859135909094, 53.862346928689568 ], [ 14.357908080910672, 53.862931943560845 ], [ 14.357516045683916, 53.863600308748538 ], [ 14.35755682630602, 53.864086712554098 ], [ 14.356868474702702, 53.86472606363202 ], [ 14.356870733661573, 53.865051582380026 ], [ 14.354694585146822, 53.866655177246763 ], [ 14.354757858031961, 53.866905621394942 ], [ 14.353349592620393, 53.868728439629088 ], [ 14.3534108761226, 53.86901030873851 ], [ 14.352258279158898, 53.869411014304063 ], [ 14.351929176393087, 53.869707634314537 ], [ 14.352087425755386, 53.86985138917845 ], [ 14.351981964324143, 53.870075630772263 ], [ 14.352654356482185, 53.870460913913455 ], [ 14.352608480079544, 53.870801556324565 ], [ 14.352062127518515, 53.87121386122498 ], [ 14.350885204330678, 53.871348787946047 ], [ 14.350331288515843, 53.871856222819488 ], [ 14.349802703363183, 53.872010862763624 ], [ 14.348809974546205, 53.872359327659268 ], [ 14.348082753406119, 53.872671412383397 ], [ 14.347345788963622, 53.872560688708717 ], [ 14.346437780905026, 53.872820191554332 ], [ 14.345756491249078, 53.87341466573718 ], [ 14.345430999519568, 53.874228304913522 ], [ 14.347212745316947, 53.874587872508705 ], [ 14.350454666595246, 53.876253717834508 ], [ 14.350778832014656, 53.877164456383916 ], [ 14.351442055175903, 53.87841717371348 ], [ 14.352070699323686, 53.87865312063299 ], [ 14.352532334592638, 53.879220761342083 ], [ 14.353553043623579, 53.879682061648545 ], [ 14.35449285347212, 53.880220733430114 ], [ 14.355975959652172, 53.87962680039756 ], [ 14.35660736445317, 53.879603868845173 ], [ 14.357173450120653, 53.879916662095951 ], [ 14.357526113929236, 53.880668885545433 ], [ 14.358684650436944, 53.881864135990121 ], [ 14.359601525065486, 53.882284475911057 ], [ 14.360980284241609, 53.882500084984201 ], [ 14.363921984355732, 53.882545120878632 ], [ 14.365516440647234, 53.882332947731555 ], [ 14.366415105210109, 53.881957105920016 ], [ 14.367074941213479, 53.881459195682901 ], [ 14.369923089308724, 53.880305312327621 ] ] ], [ [ [ 14.412699229078152, 53.865546267602852 ], [ 14.411631028381445, 53.86550341967213 ], [ 14.411522424518376, 53.865685381798478 ], [ 14.411955418642785, 53.866038176959911 ], [ 14.412699229078152, 53.865546267602852 ] ] ], [ [ [ 14.406761110423336, 53.870010339154469 ], [ 14.405054459675064, 53.86988438942042 ], [ 14.404164303927852, 53.86976531581611 ], [ 14.403054655658822, 53.86982488851222 ], [ 14.402354608976081, 53.870049767628579 ], [ 14.401527317174043, 53.869947320917326 ], [ 14.400618728822714, 53.869953689896732 ], [ 14.400093349197981, 53.869815524938019 ], [ 14.399698251564239, 53.869931024715463 ], [ 14.398757357521744, 53.869918697750059 ], [ 14.399809554314507, 53.87036768942999 ], [ 14.400525202512018, 53.870136869614477 ], [ 14.400928799573837, 53.87012944048692 ], [ 14.401769028629548, 53.87031758349432 ], [ 14.403237760695966, 53.870306261100588 ], [ 14.403789561550779, 53.870558266956486 ], [ 14.404038749851898, 53.870881934806654 ], [ 14.404005718048078, 53.871144645635965 ], [ 14.403710652428265, 53.871511366686683 ], [ 14.403743169625281, 53.871771901952521 ], [ 14.404388386513419, 53.871916242249291 ], [ 14.40487059126936, 53.87179452136251 ], [ 14.405211420756917, 53.870616031850211 ], [ 14.406761110423336, 53.870010339154469 ] ] ], [ [ [ 14.397039688887402, 53.86999468591808 ], [ 14.396816811099956, 53.869738104786393 ], [ 14.39643272169879, 53.869578717063995 ], [ 14.39598960897785, 53.869536723455511 ], [ 14.396083627486652, 53.869786011246219 ], [ 14.396667280470563, 53.870038743041235 ], [ 14.397039688887402, 53.86999468591808 ] ] ], [ [ [ 14.392036837842419, 53.870253642061478 ], [ 14.392113359536763, 53.870734512694533 ], [ 14.392035300971253, 53.871669648271769 ], [ 14.392787904973602, 53.871847856429319 ], [ 14.392945913862453, 53.872168666211721 ], [ 14.392286397381739, 53.873181958379426 ], [ 14.392575548007514, 53.873424705326478 ], [ 14.394056821141668, 53.872969624325101 ], [ 14.393903915749918, 53.872493387652383 ], [ 14.394002310749816, 53.871866176715457 ], [ 14.394168571761739, 53.871688178939785 ], [ 14.39398336706711, 53.871339807421556 ], [ 14.392897358414245, 53.870799221643729 ], [ 14.392036837842419, 53.870253642061478 ] ] ], [ [ [ 14.389852511457024, 53.868762175933547 ], [ 14.389272495697307, 53.869427443798898 ], [ 14.388895028516696, 53.869918205786689 ], [ 14.388550798802953, 53.870802588138645 ], [ 14.388786693706518, 53.871093633108003 ], [ 14.388785079105741, 53.871997168477989 ], [ 14.389163524874952, 53.872124990273932 ], [ 14.389752963717083, 53.871992179118799 ], [ 14.39027918959054, 53.871604449499856 ], [ 14.390655657092205, 53.870983295045043 ], [ 14.390628039686391, 53.870474717531408 ], [ 14.390469226507987, 53.870020823860102 ], [ 14.390038934733285, 53.869383000821635 ], [ 14.389852511457024, 53.868762175933547 ] ] ], [ [ [ 14.409952258674959, 53.865421293987069 ], [ 14.408411977869886, 53.864994201891108 ], [ 14.40629347119074, 53.86444848582822 ], [ 14.405054864152227, 53.864014392135459 ], [ 14.403630494339405, 53.863363182430383 ], [ 14.400602873406452, 53.862347227363031 ], [ 14.397508166349613, 53.861776574664361 ], [ 14.39481465965568, 53.861114767198416 ], [ 14.392316708245266, 53.860415797106079 ], [ 14.39156839849481, 53.860342866838785 ], [ 14.390719306472933, 53.859983632014305 ], [ 14.390795173616763, 53.860279279917755 ], [ 14.390753828434958, 53.860991342864608 ], [ 14.390520666455057, 53.861389049540811 ], [ 14.389597778380406, 53.863237218956165 ], [ 14.389592284070178, 53.863691130240404 ], [ 14.389477339348659, 53.864046457224696 ], [ 14.389523510145318, 53.864379221125127 ], [ 14.389811494474859, 53.864932130243034 ], [ 14.389798742261592, 53.865380489574207 ], [ 14.390703276607658, 53.865852422509619 ], [ 14.392321761003679, 53.866242787580177 ], [ 14.392809087723126, 53.866062787441891 ], [ 14.393100963050516, 53.866041266704407 ], [ 14.393794030199796, 53.866148046843556 ], [ 14.394178425755205, 53.865910960187797 ], [ 14.395172460975358, 53.865679034010768 ], [ 14.395995038988262, 53.865782322986448 ], [ 14.397825351707093, 53.866313873576303 ], [ 14.398610509882841, 53.866701337364454 ], [ 14.40019563056827, 53.866993769324672 ], [ 14.40065329994464, 53.866947955328428 ], [ 14.402006748593921, 53.866463937080404 ], [ 14.402796608563603, 53.866555681353717 ], [ 14.403515612246924, 53.866514620381153 ], [ 14.404393886338639, 53.866554325864769 ], [ 14.40561246097502, 53.866380221456851 ], [ 14.406252955531565, 53.866476800606506 ], [ 14.406585194699531, 53.866172015138908 ], [ 14.407512019196604, 53.865820755734482 ], [ 14.408376153287467, 53.865695597282425 ], [ 14.409952258674959, 53.865421293987069 ] ] ], [ [ [ 14.388591257458071, 53.864644813101663 ], [ 14.389068412850163, 53.864920437139006 ], [ 14.389030685591807, 53.865208218100854 ], [ 14.3893025570218, 53.865287864812053 ], [ 14.389351847322306, 53.864912227458895 ], [ 14.389216232882138, 53.86420889478461 ], [ 14.389202490112126, 53.863551373324107 ], [ 14.389593059662545, 53.862288594702115 ], [ 14.389907898865763, 53.861825238305478 ], [ 14.389995692433274, 53.861563723497007 ], [ 14.39034214997284, 53.860959001634939 ], [ 14.39031184188573, 53.860274148817709 ], [ 14.389454692139775, 53.859629722932745 ], [ 14.38928867341625, 53.859365375297699 ], [ 14.387831573921655, 53.858465114690887 ], [ 14.387969373723813, 53.858182214416736 ], [ 14.38786556839398, 53.858090943336229 ], [ 14.387454172927049, 53.85817637622943 ], [ 14.38656909218698, 53.85776148231772 ], [ 14.384678813701647, 53.857126847361485 ], [ 14.382220606921122, 53.856552596430468 ], [ 14.3791782474086, 53.856468097040178 ], [ 14.378925419608176, 53.856668453970698 ], [ 14.379268450471724, 53.857310705870944 ], [ 14.379503801969079, 53.857413853192362 ], [ 14.379596740583972, 53.857678415657126 ], [ 14.379968802397615, 53.858124402339385 ], [ 14.381128204612478, 53.859039834912686 ], [ 14.381212719444136, 53.859317697699289 ], [ 14.382131390704934, 53.859997694560889 ], [ 14.38459675694811, 53.86211580880618 ], [ 14.385218280144839, 53.862465626909454 ], [ 14.385975272157216, 53.86305755067508 ], [ 14.386821620652908, 53.863631639034892 ], [ 14.388373517190292, 53.864794708071187 ], [ 14.388591257458071, 53.864644813101663 ] ] ], [ [ [ 14.377907410453755, 53.859810025695452 ], [ 14.37626112108244, 53.85785535555538 ], [ 14.374249798813524, 53.85629184782902 ], [ 14.373233652847798, 53.856005242753895 ], [ 14.371415515941727, 53.856333089142389 ], [ 14.371212828552235, 53.856872585804958 ], [ 14.370400097477882, 53.857826655545729 ], [ 14.370326845277063, 53.8582422207243 ], [ 14.370097438201741, 53.858649863184532 ], [ 14.370756511733886, 53.859827737524903 ], [ 14.371156367396518, 53.860120620035914 ], [ 14.372674470168576, 53.860601660655483 ], [ 14.37122159512051, 53.860292876357597 ], [ 14.37079956748137, 53.860038167143522 ], [ 14.370463738899579, 53.859694542078309 ], [ 14.369794906792366, 53.858720542506816 ], [ 14.370118297042302, 53.857761130907015 ], [ 14.370874745605818, 53.85704947842865 ], [ 14.370906159976478, 53.85652510453167 ], [ 14.36789052103051, 53.857273456334248 ], [ 14.366854922181217, 53.857248003083036 ], [ 14.366846633396918, 53.857766590806037 ], [ 14.366363945835172, 53.858428494482446 ], [ 14.36736122309701, 53.860248574068599 ], [ 14.368048494937813, 53.861872128315582 ], [ 14.367950928830428, 53.862698038444627 ], [ 14.370464780062338, 53.863866294419118 ], [ 14.370344433920906, 53.86425655140642 ], [ 14.370915966356915, 53.864964981325009 ], [ 14.375756896444861, 53.865898251293494 ], [ 14.376580157085678, 53.866135652709197 ], [ 14.377040201936124, 53.866392071692829 ], [ 14.377435719424389, 53.866974340236062 ], [ 14.377708930246927, 53.867178117334845 ], [ 14.377528157412222, 53.867586838436949 ], [ 14.377249823513285, 53.867634691345664 ], [ 14.376700797142016, 53.868166616399847 ], [ 14.376621513606702, 53.868484953823859 ], [ 14.376748660696494, 53.869004708229674 ], [ 14.377019178059184, 53.869445784717485 ], [ 14.377172433660101, 53.87059276918486 ], [ 14.377893339640625, 53.872028195290852 ], [ 14.377983486239813, 53.872434754634995 ], [ 14.379481076210904, 53.874369069058538 ], [ 14.380913407752407, 53.874771696688242 ], [ 14.381286029143574, 53.874579342701459 ], [ 14.381654294014186, 53.874164818866213 ], [ 14.382129138787205, 53.872265544520488 ], [ 14.382559224322254, 53.87193238938962 ], [ 14.383392376596099, 53.871770766269641 ], [ 14.383227078965083, 53.871494736484365 ], [ 14.383226527725579, 53.871162964125126 ], [ 14.384550377016964, 53.870671296754026 ], [ 14.386069144007742, 53.869835025822695 ], [ 14.386394053024295, 53.869431234223377 ], [ 14.387368908135173, 53.869167483875017 ], [ 14.387886353746437, 53.868603356154644 ], [ 14.387979165821342, 53.867603810419581 ], [ 14.387723617383973, 53.867140611355403 ], [ 14.384775746234004, 53.864923029304904 ], [ 14.384374296445179, 53.864702085212528 ], [ 14.382654683170093, 53.863401335512911 ], [ 14.38085545766169, 53.86206195729401 ], [ 14.380551091232299, 53.861748718726609 ], [ 14.377907410453755, 53.859810025695452 ] ] ], [ [ [ 14.380341127852546, 53.875018126491568 ], [ 14.379293866297054, 53.874564573164399 ], [ 14.379138453603824, 53.874932496874578 ], [ 14.37953417647693, 53.875148837554157 ], [ 14.380341127852546, 53.875018126491568 ] ] ], [ [ [ 14.343657412050584, 53.882395830170751 ], [ 14.346635852657284, 53.883420187795323 ], [ 14.349256717454884, 53.883870194690608 ], [ 14.35314674173941, 53.883888790119464 ], [ 14.353768190501885, 53.883783845655046 ], [ 14.35531098168657, 53.88383680677628 ], [ 14.35757036363465, 53.884277782560076 ], [ 14.358370718788688, 53.884664954945386 ], [ 14.359091204156545, 53.885810967482122 ], [ 14.359474780923167, 53.886099036410471 ], [ 14.364821511601846, 53.887540239023281 ], [ 14.36590021833436, 53.8876179184075 ], [ 14.367101955460988, 53.887409694853886 ], [ 14.368119486691876, 53.886791064130499 ], [ 14.370155021695931, 53.8843581364344 ], [ 14.370485167000341, 53.883827679243105 ], [ 14.370399804481044, 53.88344286262133 ], [ 14.37074061842204, 53.88264560249948 ], [ 14.369969515503652, 53.882035356674997 ], [ 14.370487500621032, 53.881033377780518 ], [ 14.371005897716376, 53.880872150306168 ], [ 14.371552892368053, 53.880643237509538 ], [ 14.371912323153509, 53.880444317646692 ], [ 14.372285261163162, 53.88051446363432 ], [ 14.373061685245412, 53.879926287419877 ], [ 14.37490929819622, 53.879410997323383 ], [ 14.375626528163343, 53.879135371004026 ], [ 14.376255442476401, 53.879078995248669 ], [ 14.375956219603683, 53.87885217149794 ], [ 14.374932340427703, 53.879043763656881 ], [ 14.373921210842619, 53.879468517099099 ], [ 14.37262972043693, 53.879657003071152 ], [ 14.371568973421649, 53.879999862619144 ], [ 14.368062551338479, 53.881532295502048 ], [ 14.365976159314405, 53.882523774157804 ], [ 14.365176999542143, 53.88272116209076 ], [ 14.363739625852519, 53.88287917569027 ], [ 14.361068009270724, 53.882822104675945 ], [ 14.359361181985538, 53.882572302826524 ], [ 14.357613842951645, 53.88161763661946 ], [ 14.357171040523369, 53.881183477802686 ], [ 14.35674447243751, 53.880060080351079 ], [ 14.356353104023391, 53.879920173046031 ], [ 14.355811748084468, 53.880010715190835 ], [ 14.354998804957402, 53.880473773845473 ], [ 14.354011691837981, 53.880466348019652 ], [ 14.353188019469952, 53.879896076744359 ], [ 14.352857150401704, 53.879931029766595 ], [ 14.35257561717707, 53.88058022629658 ], [ 14.351868545144418, 53.881100424531461 ], [ 14.351081277966934, 53.881349130379462 ], [ 14.349939383252201, 53.881430855981414 ], [ 14.344434580363133, 53.880533074261628 ], [ 14.343489570318752, 53.88106054376486 ], [ 14.343240986382776, 53.881955910350186 ], [ 14.343657412050584, 53.882395830170751 ] ] ] ] } },
{ "type": "Feature", "properties": { "FID_": 0, "Entity": "Group", "Layer": "morska linia brzegowa", "Color": 202, "Linetype": "ACAD_ISO03W100", "Elevation": 0.0, "LineWt": 25, "RefName": null }, "geometry": { "type": "MultiPolygon", "coordinates": [ [ [ [ 14.58989976315398, 53.576658708995758 ], [ 14.58986171448924, 53.576752479500314 ], [ 14.589765848901067, 53.576876423202037 ], [ 14.589660588505911, 53.577019563728044 ], [ 14.589588440035346, 53.577064064837856 ], [ 14.589441031883558, 53.577209577788523 ], [ 14.589308633347146, 53.577348401299624 ], [ 14.589189851577672, 53.577468672453399 ], [ 14.589142206696637, 53.577508584564001 ], [ 14.589171446229813, 53.577560622773767 ], [ 14.58919386625832, 53.577584062218612 ], [ 14.589254663263647, 53.577573667691311 ], [ 14.58922711096133, 53.577550030529245 ], [ 14.589302760040054, 53.577502576412812 ], [ 14.589398869420716, 53.57752519081582 ], [ 14.589553105066198, 53.577454373988822 ], [ 14.589653924387417, 53.577427043658538 ], [ 14.589846996304439, 53.577337128963379 ], [ 14.589946317336805, 53.577277445220403 ], [ 14.590113484587617, 53.577196337746891 ], [ 14.590251201188062, 53.577084937345113 ], [ 14.59039649005539, 53.576985946454663 ], [ 14.590496620540014, 53.576921069167788 ], [ 14.590584396926333, 53.576837083668103 ], [ 14.59064322660041, 53.576748865815233 ], [ 14.590729352859565, 53.576694886969918 ], [ 14.590771871201664, 53.576607151287057 ], [ 14.59087464557863, 53.576549096382898 ], [ 14.59093108445019, 53.576489444448455 ], [ 14.590952980236136, 53.57641089379532 ], [ 14.590969920611741, 53.576345086738634 ], [ 14.590982924444317, 53.576264799007582 ], [ 14.591002564856611, 53.576185252606123 ], [ 14.591052036446776, 53.576018197367176 ], [ 14.591031297234235, 53.575851890262918 ], [ 14.590993339494466, 53.575733148953844 ], [ 14.590968800253576, 53.575538254698174 ], [ 14.590973459746357, 53.575415255817333 ], [ 14.591006798435268, 53.575261624150308 ], [ 14.590981884069899, 53.575183723171826 ], [ 14.590973132050861, 53.575058072521571 ], [ 14.590898841493601, 53.575027985969918 ], [ 14.590847060155204, 53.575043353930553 ], [ 14.590803730742653, 53.575090111858557 ], [ 14.590776585497879, 53.575180864566271 ], [ 14.590700496766733, 53.575274325010156 ], [ 14.590672696418878, 53.575385922909383 ], [ 14.590635555847371, 53.575495331285424 ], [ 14.590559144635151, 53.575653397882917 ], [ 14.590515880360943, 53.575756046977524 ], [ 14.590448189958302, 53.575948828629265 ], [ 14.590371865364897, 53.576066549802803 ], [ 14.590202799700361, 53.576406888684453 ], [ 14.590084488532058, 53.576510358552113 ], [ 14.58989976315398, 53.576658708995758 ] ] ], [ [ [ 14.626538178215512, 53.543913368926262 ], [ 14.626408170498298, 53.544046312075587 ], [ 14.626288208045423, 53.544169041728743 ], [ 14.626140182517114, 53.544291953251459 ], [ 14.626110719278023, 53.544365454588451 ], [ 14.62621936765337, 53.544379722241985 ], [ 14.626491816297472, 53.544295747826659 ], [ 14.626749451641718, 53.544163383277862 ], [ 14.626829873874929, 53.544076382467892 ], [ 14.626984173291047, 53.543754275215129 ], [ 14.627028971292365, 53.543652157267509 ], [ 14.627098023193918, 53.543571320836861 ], [ 14.627112256547337, 53.543513856768982 ], [ 14.627145391820548, 53.543451329032436 ], [ 14.627105074287961, 53.543438532997158 ], [ 14.62703901444992, 53.543486348102213 ], [ 14.626900932470356, 53.543578523907449 ], [ 14.626769369005286, 53.543682797545259 ], [ 14.626769416802077, 53.543728714957318 ], [ 14.626695696384143, 53.543757238888062 ], [ 14.626538178215512, 53.543913368926262 ] ] ], [ [ [ 14.620103947374053, 53.537700205499945 ], [ 14.619928108296365, 53.537830119647673 ], [ 14.619639758184814, 53.538025362097301 ], [ 14.619435383308582, 53.538191668108801 ], [ 14.619270224583927, 53.538425400679884 ], [ 14.619009403554758, 53.538628277708874 ], [ 14.618920009127617, 53.538756400005155 ], [ 14.618891555206289, 53.538867642623245 ], [ 14.61884050946899, 53.538941612965473 ], [ 14.618774551440163, 53.539130552679779 ], [ 14.618751728279172, 53.539286742563505 ], [ 14.618630796404833, 53.539449178906956 ], [ 14.618502539642806, 53.539637830299348 ], [ 14.618435262206317, 53.539755059964676 ], [ 14.618329941254357, 53.539808548374744 ], [ 14.618201759794797, 53.539871129609011 ], [ 14.618051734288549, 53.539997439507573 ], [ 14.618001805857926, 53.540181398018042 ], [ 14.617832251332331, 53.540331997674059 ], [ 14.617757108470775, 53.540501587707553 ], [ 14.617709005312047, 53.540683755675438 ], [ 14.617590915226444, 53.540864890435088 ], [ 14.617576822988548, 53.540988938862398 ], [ 14.617481733540743, 53.541178863717086 ], [ 14.617582617017883, 53.541249993587741 ], [ 14.617614964282454, 53.541359993405599 ], [ 14.617524479146002, 53.541507609913886 ], [ 14.617491813647005, 53.541616952002485 ], [ 14.617564073095256, 53.541784318138731 ], [ 14.617520171677398, 53.541918514949828 ], [ 14.617510453966691, 53.542109611080477 ], [ 14.617494997609587, 53.542167339819351 ], [ 14.617472446704511, 53.542326046391871 ], [ 14.617538611924129, 53.542567346158734 ], [ 14.617627423149818, 53.542655960091011 ], [ 14.61784740568852, 53.542853630812758 ], [ 14.61786348059529, 53.542944888022319 ], [ 14.617836902976963, 53.543064941887863 ], [ 14.618042912413307, 53.543105856298389 ], [ 14.618243237296076, 53.543057703400031 ], [ 14.618457715277321, 53.542978864131619 ], [ 14.618630706652073, 53.542849751436165 ], [ 14.6188142127472, 53.542591097247438 ], [ 14.619347011022549, 53.542393310465258 ], [ 14.619529862968033, 53.542223881664974 ], [ 14.61978943132535, 53.542011475020082 ], [ 14.619905385568066, 53.541882897987627 ], [ 14.620296577965194, 53.541711883032818 ], [ 14.620489203665477, 53.541511482669058 ], [ 14.620664955705639, 53.541409603158939 ], [ 14.621090578522239, 53.541132393529338 ], [ 14.62125438094575, 53.541016906399562 ], [ 14.621570502443886, 53.540889140797184 ], [ 14.621886537366338, 53.540737023509422 ], [ 14.622318049705555, 53.540406722199734 ], [ 14.622540230676238, 53.540222855937955 ], [ 14.622592491839598, 53.540079607763523 ], [ 14.622821981731468, 53.539887677483058 ], [ 14.623008621412934, 53.539798408386922 ], [ 14.623159085487824, 53.539688807018742 ], [ 14.623318053695167, 53.539657767507684 ], [ 14.623388488757403, 53.53959113558934 ], [ 14.623550896971636, 53.539461352821732 ], [ 14.623708492603898, 53.539261825571522 ], [ 14.62389293535305, 53.539147478458005 ], [ 14.623800933751895, 53.539060835138528 ], [ 14.624028308061265, 53.538919126472535 ], [ 14.624361352022213, 53.53856388673848 ], [ 14.624547922370866, 53.538549646357559 ], [ 14.624634144289413, 53.53848845484611 ], [ 14.624891123633823, 53.538239097091854 ], [ 14.624677540514023, 53.538118556422532 ], [ 14.62478075447757, 53.538063169001724 ], [ 14.625051265944139, 53.538142822608286 ], [ 14.625163144483533, 53.537977385875912 ], [ 14.62500580611793, 53.537910128103903 ], [ 14.625071490176854, 53.537868371108146 ], [ 14.625154340887686, 53.537846974817306 ], [ 14.625288071637337, 53.537683672919258 ], [ 14.625505986429655, 53.537706551083012 ], [ 14.625529781592171, 53.537591247640762 ], [ 14.625609165374051, 53.537415465336984 ], [ 14.625740846909316, 53.537279023802448 ], [ 14.6257960204247, 53.537111702418777 ], [ 14.625973261326756, 53.536957251711797 ], [ 14.625987696609119, 53.536791150289531 ], [ 14.625961815289436, 53.536595809130183 ], [ 14.626147809246984, 53.536440487039059 ], [ 14.62609293482357, 53.53636851976934 ], [ 14.626191743263858, 53.53616179637563 ], [ 14.62621254927199, 53.536145776264149 ], [ 14.626307298930589, 53.53609152943833 ], [ 14.626652335992233, 53.535945958641705 ], [ 14.626525454548434, 53.53579496158946 ], [ 14.626675300727003, 53.535650039115112 ], [ 14.626819841397641, 53.535628205520901 ], [ 14.626998439922874, 53.535369523262773 ], [ 14.627387915870884, 53.535109072343921 ], [ 14.627388912925067, 53.534995584624696 ], [ 14.627777007176643, 53.534737194517845 ], [ 14.627911097973492, 53.534410080830604 ], [ 14.627850768857401, 53.534323719753807 ], [ 14.628023593365366, 53.534016944048588 ], [ 14.628228028170975, 53.534009941603344 ], [ 14.628347242209308, 53.533830955834603 ], [ 14.62853004602716, 53.533606879587339 ], [ 14.628637369684265, 53.53337295363648 ], [ 14.628554337455739, 53.533330103410712 ], [ 14.628637506845248, 53.533236550591162 ], [ 14.628627367895817, 53.532981861788919 ], [ 14.628550701091507, 53.532918274410918 ], [ 14.628450812938727, 53.532871417842678 ], [ 14.628111739836527, 53.532942608985834 ], [ 14.627665502825717, 53.533177187517403 ], [ 14.627593075741331, 53.533180645621592 ], [ 14.627357703229174, 53.53327615035743 ], [ 14.627127221862764, 53.533415699534594 ], [ 14.626878028822707, 53.533590503932594 ], [ 14.62620373957065, 53.533977752474769 ], [ 14.625907829374949, 53.534181342987075 ], [ 14.625852781036718, 53.534283518901638 ], [ 14.625566043290172, 53.53447276028021 ], [ 14.625474300255091, 53.534460072389123 ], [ 14.625262706123699, 53.534594286419811 ], [ 14.625035458575638, 53.534775985072116 ], [ 14.624824735880471, 53.534879558882864 ], [ 14.624190025367655, 53.535265944154943 ], [ 14.624142618812138, 53.535294806368881 ], [ 14.623829080895131, 53.535425821232181 ], [ 14.623597557340263, 53.535544333962505 ], [ 14.623267041975801, 53.535684549151703 ], [ 14.622965234251014, 53.535886856540202 ], [ 14.62261801681109, 53.536123794622561 ], [ 14.622257624665245, 53.536315131687509 ], [ 14.622115612212873, 53.536323489216556 ], [ 14.6219513094277, 53.536480670082014 ], [ 14.621633945846011, 53.536683822630636 ], [ 14.621487354336764, 53.536748954939576 ], [ 14.621204948216167, 53.536921935623326 ], [ 14.620881913971497, 53.537050037519244 ], [ 14.620741905389339, 53.537222120416374 ], [ 14.620501567110507, 53.53734590072893 ], [ 14.620262609452817, 53.537517309815797 ], [ 14.620103947374053, 53.537700205499945 ] ] ] ] } },
{ "type": "Feature", "properties": { "FID_": 0, "Entity": "Group", "Layer": "morska linia brzegowa", "Color": 202, "Linetype": "ACAD_ISO03W100", "Elevation": 0.0, "LineWt": 25, "RefName": null }, "geometry": { "type": "MultiPolygon", "coordinates": [ [ [ [ 16.024224820803912, 54.257615871868296 ], [ 16.023287419024101, 54.257614127735188 ], [ 16.021785062348716, 54.257448696133849 ], [ 16.021032565949941, 54.257371510569371 ], [ 16.020179332662654, 54.257173425005163 ], [ 16.019266739291123, 54.257137926055584 ], [ 16.017705324850606, 54.256785245300804 ], [ 16.016533576116238, 54.256576254523452 ], [ 16.015159581745106, 54.256535988431779 ], [ 16.01470647364895, 54.256500897724429 ], [ 16.013551667740142, 54.256262174816783 ], [ 16.012493302704002, 54.256169806579891 ], [ 16.011604271977092, 54.256036294063875 ], [ 16.011027258344917, 54.255916601026456 ], [ 16.010421221582462, 54.255871276053291 ], [ 16.009685970284906, 54.255750387603847 ], [ 16.009387432452137, 54.255728896943445 ], [ 16.009078365311538, 54.255703540906318 ], [ 16.008627452644188, 54.255663467073376 ], [ 16.008190701991889, 54.255587423187713 ], [ 16.007583079193786, 54.255545960431618 ], [ 16.007154407078112, 54.255448639925305 ], [ 16.006555554179066, 54.255389038732389 ], [ 16.006156612295428, 54.255258401525367 ], [ 16.005558075063789, 54.255180104446389 ], [ 16.005116017157185, 54.255106249418837 ], [ 16.004508825412234, 54.255063150778142 ], [ 16.00393401938463, 54.254944483575905 ], [ 16.003180450011275, 54.254870341156533 ], [ 16.002741507429047, 54.254791689813295 ], [ 16.00228443064686, 54.254775184292072 ], [ 16.001897175241446, 54.254638416306271 ], [ 16.000993221585933, 54.25453846418489 ], [ 16.000236550136716, 54.254475110016742 ], [ 15.99964852254776, 54.254405321389378 ], [ 15.999039312409533, 54.25438593228921 ], [ 15.998605934493401, 54.254302098437023 ], [ 15.998002117442383, 54.254277267918326 ], [ 15.996941400867211, 54.25418559225789 ], [ 15.996499066268093, 54.254111887708525 ], [ 15.995896370143244, 54.254056937516488 ], [ 15.99560505264793, 54.254003097187294 ], [ 15.994996675736941, 54.2539606792391 ], [ 15.994405617122757, 54.25387265029223 ], [ 15.993810876640794, 54.253835595270736 ], [ 15.993365282634107, 54.253772688511098 ], [ 15.992908177328246, 54.253767109301421 ], [ 15.992158106763235, 54.253683524650981 ], [ 15.991393610424987, 54.25369574403129 ], [ 15.990792761810974, 54.253640483568887 ], [ 15.990203108134112, 54.253546493048461 ], [ 15.989595460063391, 54.253508354469979 ], [ 15.989015259426111, 54.253398735694219 ], [ 15.988263025285997, 54.253313886389947 ], [ 15.987355486280022, 54.253228237856646 ], [ 15.986774946286779, 54.25314260159751 ], [ 15.986320314113229, 54.253118198668105 ], [ 15.986022978362042, 54.253074986664814 ], [ 15.985717305155662, 54.253068232556338 ], [ 15.985389550494459, 54.253042788875305 ], [ 15.985133447153192, 54.252978302086078 ], [ 15.984837729188142, 54.252932109135443 ], [ 15.984400899426623, 54.252849600316075 ], [ 15.983951496791679, 54.252793249251773 ], [ 15.983669218358521, 54.252724929965503 ], [ 15.983347809290139, 54.252624134367395 ], [ 15.98311671987212, 54.252578937751615 ], [ 15.982813730365073, 54.252555801206071 ], [ 15.982361817315129, 54.252509796714506 ], [ 15.981941333424269, 54.252404503339065 ], [ 15.981482826453041, 54.252384426802635 ], [ 15.981198929084032, 54.252325100494666 ], [ 15.98095657708993, 54.252218982714204 ], [ 15.980653869557646, 54.252194580142266 ], [ 15.980063259506977, 54.252103693095428 ], [ 15.979788804250298, 54.252028293142153 ], [ 15.979475060953952, 54.252010806344195 ], [ 15.979331208789226, 54.252001102824487 ], [ 15.978589739482855, 54.25190235802814 ], [ 15.978131620767211, 54.251878941231112 ], [ 15.977090165213356, 54.251740661237108 ], [ 15.976371064770492, 54.251594640314508 ], [ 15.97576905739704, 54.251527095860503 ], [ 15.975358074431375, 54.251407146325185 ], [ 15.974600190152746, 54.251346696774299 ], [ 15.974303685251915, 54.251305157243664 ], [ 15.973847756950915, 54.251328697853531 ], [ 15.973389721681587, 54.251341023104033 ], [ 15.973150913459337, 54.251234321738679 ], [ 15.972696025456115, 54.251217326964728 ], [ 15.972242737047317, 54.251196544447438 ], [ 15.971967753928331, 54.251117357699876 ], [ 15.971513609386941, 54.251079686911417 ], [ 15.970290578622434, 54.251054855051457 ], [ 15.969559470167214, 54.250931712982549 ], [ 15.968645011649004, 54.250880750751655 ], [ 15.968201555766383, 54.250814410155236 ], [ 15.967746380588956, 54.250778261483845 ], [ 15.966715030655296, 54.250616719426382 ], [ 15.96600172263785, 54.25045342868227 ], [ 15.965045914985717, 54.250365753114039 ], [ 15.96464862405028, 54.250304689185043 ], [ 15.964041652472805, 54.250259498599057 ], [ 15.963449803126693, 54.250178423347357 ], [ 15.962844059366288, 54.250146334399517 ], [ 15.962384408375542, 54.250141468549302 ], [ 15.962083686376983, 54.250122215372826 ], [ 15.961477027433432, 54.250136400401885 ], [ 15.961024543830014, 54.250116467113273 ], [ 15.96056931988419, 54.250077596243457 ], [ 15.960109746955357, 54.250069487007721 ], [ 15.959501295975279, 54.25003291046356 ], [ 15.959096107137434, 54.249915286478767 ], [ 15.958485231053018, 54.249899748602353 ], [ 15.957720056870917, 54.249906459175243 ], [ 15.957262870870698, 54.249875408350647 ], [ 15.956514965235725, 54.249792933097595 ], [ 15.955902152883871, 54.249779733369557 ], [ 15.954839940878244, 54.249713756520109 ], [ 15.953634020498534, 54.249603621165498 ], [ 15.953044157424742, 54.249527511254293 ], [ 15.952450884967535, 54.249456545462436 ], [ 15.951701206271951, 54.249376210832033 ], [ 15.950639807914655, 54.249304798084857 ], [ 15.950036267531532, 54.249260767758528 ], [ 15.949459297489968, 54.249164321858309 ], [ 15.948858793311652, 54.249058533759786 ], [ 15.948125694565769, 54.249004731794315 ], [ 15.947673023740322, 54.24896911664154 ], [ 15.947067724236577, 54.248914841772361 ], [ 15.946306206938605, 54.24894651899605 ], [ 15.945693658059234, 54.248930750985465 ], [ 15.945244529771685, 54.248875421330361 ], [ 15.944360005732001, 54.248727721625052 ], [ 15.943289291893413, 54.248704028690554 ], [ 15.942462063697675, 54.248484705475207 ], [ 15.941562730769514, 54.248386608067911 ], [ 15.940511834738759, 54.248262372715722 ], [ 15.939484496927694, 54.248107754963293 ], [ 15.939027415086608, 54.248079778994594 ], [ 15.937958444813033, 54.24808468668737 ], [ 15.936910666536205, 54.24795500483112 ], [ 15.936151763779193, 54.247993246940915 ], [ 15.935401420351964, 54.247921621018023 ], [ 15.93509724149807, 54.247944916043032 ], [ 15.934794633024778, 54.24792228479533 ], [ 15.934370163269984, 54.24786393828257 ], [ 15.933431891535134, 54.247847307365454 ], [ 15.932823180031548, 54.247803410008579 ], [ 15.93176510859765, 54.247726505380882 ], [ 15.931471246175999, 54.247676573799879 ], [ 15.930859810755166, 54.247681836078208 ], [ 15.930421907035837, 54.24759887082746 ], [ 15.929963567011788, 54.247609865326979 ], [ 15.929356498739157, 54.24758417718084 ], [ 15.928746843723587, 54.247620862648979 ], [ 15.927674641372944, 54.247638463348281 ], [ 15.927215112264175, 54.247623848660872 ], [ 15.926769210335545, 54.247560160411602 ], [ 15.926309001495776, 54.247556239782341 ], [ 15.925853400944101, 54.24751840884457 ], [ 15.925241733243109, 54.247492645921227 ], [ 15.924332678442557, 54.247409769853078 ], [ 15.924042755577773, 54.247363922855975 ], [ 15.92360405686288, 54.247416253147335 ], [ 15.923301246441028, 54.247390988761701 ], [ 15.922997539230616, 54.24740113208896 ], [ 15.922079419639905, 54.247365479390481 ], [ 15.921320713535764, 54.247309373705349 ], [ 15.920558999439782, 54.247283476108962 ], [ 15.919800202748014, 54.247223139183191 ], [ 15.919036153664058, 54.247188713742986 ], [ 15.918662789864355, 54.247150408251926 ], [ 15.918279218805445, 54.247149826815871 ], [ 15.917379533371692, 54.247038793736678 ], [ 15.91677016368345, 54.246998504281393 ], [ 15.916316525667323, 54.246951547950566 ], [ 15.916013198777692, 54.246930312762316 ], [ 15.915112270374056, 54.246824932325055 ], [ 15.914500118437957, 54.246818167656528 ], [ 15.913745071754827, 54.246739254319969 ], [ 15.912378050038742, 54.246626514347824 ], [ 15.911307265778031, 54.246582231102096 ], [ 15.910854251555842, 54.246535249641184 ], [ 15.910394119090491, 54.246534233178657 ], [ 15.910104983081725, 54.246481338619319 ], [ 15.90949375109262, 54.246453336410703 ], [ 15.909197436617243, 54.246408759771683 ], [ 15.908586112966013, 54.246383449111477 ], [ 15.908287337341646, 54.246345537754458 ], [ 15.907982488972342, 54.246331481036606 ], [ 15.907379949770002, 54.246265935718064 ], [ 15.90692198823041, 54.246251861056081 ], [ 15.906479735062012, 54.246184475293873 ], [ 15.905870545315651, 54.246158237105377 ], [ 15.905575995729112, 54.246109954556971 ], [ 15.905119611950212, 54.246090739471448 ], [ 15.904054238654988, 54.246019217743886 ], [ 15.903380118045014, 54.24598428790641 ], [ 15.903291953968212, 54.245986655824233 ], [ 15.902700491773871, 54.245900877562505 ], [ 15.902241074059575, 54.245904137005468 ], [ 15.901788888394181, 54.245859091192955 ], [ 15.901331010344569, 54.245834483301962 ], [ 15.900886766361291, 54.245766642310286 ], [ 15.900121099540609, 54.245747473988594 ], [ 15.899356514788348, 54.245714545061325 ], [ 15.898905047433962, 54.245667057453737 ], [ 15.898444955850021, 54.245667432921458 ], [ 15.898001233814737, 54.245602093988957 ], [ 15.897541226301577, 54.245599230505576 ], [ 15.896778028314829, 54.245566365081665 ], [ 15.896168704765852, 54.245526241439435 ], [ 15.895403060099101, 54.245514859969163 ], [ 15.894638306103825, 54.245544618009724 ], [ 15.894331711638142, 54.245541501991283 ], [ 15.893568725349905, 54.245504032256356 ], [ 15.892812107547064, 54.245434613948873 ], [ 15.892057292435128, 54.245356192694693 ], [ 15.891759793280707, 54.245312390647136 ], [ 15.891148680322663, 54.245288427396517 ], [ 15.89070049813431, 54.245229025047749 ], [ 15.890243526435418, 54.245203019403533 ], [ 15.8898009273172, 54.245131982161382 ], [ 15.889346041399127, 54.245103082696808 ], [ 15.888901269299257, 54.245037897460683 ], [ 15.888445495538905, 54.245024725308603 ], [ 15.888193096495201, 54.244980402555804 ], [ 15.887848380924719, 54.244966499169898 ], [ 15.887542903053388, 54.244950868892317 ], [ 15.887085450828295, 54.244945161457977 ], [ 15.886653590523558, 54.244880861987063 ], [ 15.886205541627081, 54.244862951484926 ], [ 15.885908985530678, 54.244834044009657 ], [ 15.885450584251915, 54.244841275052487 ], [ 15.884074146100202, 54.244798007056914 ], [ 15.883309518553787, 54.244811878948134 ], [ 15.882704193481793, 54.24475665345642 ], [ 15.882398886820404, 54.244741726645351 ], [ 15.881487965312123, 54.244664921244336 ], [ 15.880899752348665, 54.244613424872753 ], [ 15.880002502674168, 54.244537226962571 ], [ 15.87970430292664, 54.24449564637078 ], [ 15.879247732904393, 54.244466182051248 ], [ 15.878792920571764, 54.244425562218872 ], [ 15.878028852797355, 54.244386115373388 ], [ 15.877569649736714, 54.244369782542726 ], [ 15.877267966703117, 54.244337386236012 ], [ 15.876974030519133, 54.244286872978179 ], [ 15.87637354198163, 54.244212980752771 ], [ 15.876080186745515, 54.244160754600166 ], [ 15.875626956957642, 54.244114899777941 ], [ 15.874873595026063, 54.244037168803537 ], [ 15.874583530186475, 54.243980871258522 ], [ 15.874129398506208, 54.24395020289402 ], [ 15.873701965154304, 54.243854376549315 ], [ 15.87339736344987, 54.243843286440345 ], [ 15.873121352287784, 54.243776640860688 ], [ 15.872783101389619, 54.243755729582375 ], [ 15.872665416921333, 54.243754874089618 ], [ 15.872521042015562, 54.24372501115073 ], [ 15.872247372181302, 54.243652955407001 ], [ 15.871791085067215, 54.243621664074894 ], [ 15.871035285630271, 54.243565850744467 ], [ 15.870579659355329, 54.243543984453375 ], [ 15.869978336651737, 54.243487677141303 ], [ 15.869547905673318, 54.243394553507848 ], [ 15.868943354263035, 54.243337725592049 ], [ 15.867576930243329, 54.243234716917129 ], [ 15.866976219283185, 54.243163295262555 ], [ 15.866530036293208, 54.243130564063577 ], [ 15.86591689728521, 54.243124726978159 ], [ 15.865156426826122, 54.243072144987771 ], [ 15.864716312759029, 54.242999380307765 ], [ 15.864114353490566, 54.242948529415749 ], [ 15.863655094648834, 54.242943195008735 ], [ 15.863366076527042, 54.242891804486298 ], [ 15.862761931697637, 54.24283161857246 ], [ 15.861576535115804, 54.242646471054208 ], [ 15.860823549796544, 54.24256218084156 ], [ 15.860227212943199, 54.242478654858537 ], [ 15.859623612337588, 54.242414674905305 ], [ 15.85916662257897, 54.242385318091095 ], [ 15.858553566435257, 54.242375579733917 ], [ 15.858408914966898, 54.242346420050097 ], [ 15.858043342633529, 54.242227726399761 ], [ 15.858408914966898, 54.242346420050097 ], [ 15.858553566435257, 54.242375579733917 ], [ 15.85916662257897, 54.242385318091095 ], [ 15.859623612337588, 54.242414674905305 ], [ 15.860227212943199, 54.242478654858537 ], [ 15.860823549796544, 54.24256218084156 ], [ 15.861576535115804, 54.242646471054208 ], [ 15.862761931697637, 54.24283161857246 ], [ 15.863366076527042, 54.242891804486298 ], [ 15.863655094648834, 54.242943195008735 ], [ 15.864114353490566, 54.242948529415749 ], [ 15.864716312759029, 54.242999380307765 ], [ 15.865156426826122, 54.243072144987771 ], [ 15.86591689728521, 54.243124726978159 ], [ 15.866530036293208, 54.243130564063577 ], [ 15.866976219283185, 54.243163295262555 ], [ 15.867576930243329, 54.243234716917129 ], [ 15.868943354263035, 54.243337725592049 ], [ 15.869547905673318, 54.243394553507848 ], [ 15.869978336651737, 54.243487677141303 ], [ 15.870579659355329, 54.243543984453375 ], [ 15.871035285630271, 54.243565850744467 ], [ 15.871791085067215, 54.243621664074894 ], [ 15.872247372181302, 54.243652955407001 ], [ 15.872521042015562, 54.24372501115073 ], [ 15.872665416921333, 54.243754874089618 ], [ 15.872783101389619, 54.243755729582375 ], [ 15.873121352287784, 54.243776640860688 ], [ 15.87339736344987, 54.243843286440345 ], [ 15.873701965154304, 54.243854376549315 ], [ 15.874129398506208, 54.24395020289402 ], [ 15.874583530186475, 54.243980871258522 ], [ 15.874873595026063, 54.244037168803537 ], [ 15.875626956957642, 54.244114899777941 ], [ 15.876080186745515, 54.244160754600166 ], [ 15.87637354198163, 54.244212980752771 ], [ 15.876974030519133, 54.244286872978179 ], [ 15.877267966703117, 54.244337386236012 ], [ 15.877569649736714, 54.244369782542726 ], [ 15.878028852797355, 54.244386115373388 ], [ 15.878792920571764, 54.244425562218872 ], [ 15.879247732904393, 54.244466182051248 ], [ 15.87970430292664, 54.24449564637078 ], [ 15.880002502674168, 54.244537226962571 ], [ 15.880899752348665, 54.244613424872753 ], [ 15.881487965312123, 54.244664921244336 ], [ 15.882398886820404, 54.244741726645351 ], [ 15.882704193481793, 54.24475665345642 ], [ 15.883309518553787, 54.244811878948134 ], [ 15.884074146100202, 54.244798007056914 ], [ 15.885450584251915, 54.244841275052487 ], [ 15.885908985530678, 54.244834044009657 ], [ 15.886205541627081, 54.244862951484926 ], [ 15.886653590523558, 54.244880861987063 ], [ 15.887085450828295, 54.244945161457977 ], [ 15.887542903053388, 54.244950868892317 ], [ 15.887848380924719, 54.244966499169898 ], [ 15.888193096495201, 54.244980402555804 ], [ 15.888445495538905, 54.245024725308603 ], [ 15.888901269299257, 54.245037897460683 ], [ 15.889346041399127, 54.245103082696808 ], [ 15.8898009273172, 54.245131982161382 ], [ 15.890243526435418, 54.245203019403533 ], [ 15.89070049813431, 54.245229025047749 ], [ 15.891148680322663, 54.245288427396517 ], [ 15.891759793280707, 54.245312390647136 ], [ 15.892057292435128, 54.245356192694693 ], [ 15.892812107547064, 54.245434613948873 ], [ 15.893568725349905, 54.245504032256356 ], [ 15.894331711638142, 54.245541501991283 ], [ 15.894638306103825, 54.245544618009724 ], [ 15.895403060099101, 54.245514859969163 ], [ 15.896168704765852, 54.245526241439435 ], [ 15.896778028314829, 54.245566365081665 ], [ 15.897541226301577, 54.245599230505576 ], [ 15.898001233814737, 54.245602093988957 ], [ 15.898444955850021, 54.245667432921458 ], [ 15.898905047433962, 54.245667057453737 ], [ 15.899356514788348, 54.245714545061325 ], [ 15.900121099540609, 54.245747473988594 ], [ 15.900886766361291, 54.245766642310286 ], [ 15.901331010344569, 54.245834483301962 ], [ 15.901788888394181, 54.245859091192955 ], [ 15.902241074059575, 54.245904137005468 ], [ 15.902700491773871, 54.245900877562505 ], [ 15.903291953968212, 54.245986655824233 ], [ 15.903380118045014, 54.24598428790641 ], [ 15.904054238654988, 54.246019217743886 ], [ 15.905119611950212, 54.246090739471448 ], [ 15.905575995729112, 54.246109954556971 ], [ 15.905870545315651, 54.246158237105377 ], [ 15.906479735062012, 54.246184475293873 ], [ 15.90692198823041, 54.246251861056081 ], [ 15.907379949770002, 54.246265935718064 ], [ 15.907982488972342, 54.246331481036606 ], [ 15.908287337341646, 54.246345537754458 ], [ 15.908586112966013, 54.246383449111477 ], [ 15.909197436617243, 54.246408759771683 ], [ 15.90949375109262, 54.246453336410703 ], [ 15.910104983081725, 54.246481338619319 ], [ 15.910394119090491, 54.246534233178657 ], [ 15.910854251555842, 54.246535249641184 ], [ 15.911307265778031, 54.246582231102096 ], [ 15.912378050038742, 54.246626514347824 ], [ 15.913745071754827, 54.246739254319969 ], [ 15.914500118437957, 54.246818167656528 ], [ 15.915112270374056, 54.246824932325055 ], [ 15.916013198777692, 54.246930312762316 ], [ 15.916316525667323, 54.246951547950566 ], [ 15.91677016368345, 54.246998504281393 ], [ 15.917379533371692, 54.247038793736678 ], [ 15.918279218805445, 54.247149826815871 ], [ 15.918662789864355, 54.247150408251926 ], [ 15.919036153664058, 54.247188713742986 ], [ 15.919800202748014, 54.247223139183191 ], [ 15.920558999439782, 54.247283476108962 ], [ 15.921320713535764, 54.247309373705349 ], [ 15.922079419639905, 54.247365479390481 ], [ 15.922997539230616, 54.24740113208896 ], [ 15.923301246441028, 54.247390988761701 ], [ 15.92360405686288, 54.247416253147335 ], [ 15.924042755577773, 54.247363922855975 ], [ 15.924332678442557, 54.247409769853078 ], [ 15.925241733243109, 54.247492645921227 ], [ 15.925853400944101, 54.24751840884457 ], [ 15.926309001495776, 54.247556239782341 ], [ 15.926769210335545, 54.247560160411602 ], [ 15.927215112264175, 54.247623848660872 ], [ 15.927674641372944, 54.247638463348281 ], [ 15.928746843723587, 54.247620862648979 ], [ 15.929356498739157, 54.24758417718084 ], [ 15.929963567011788, 54.247609865326979 ], [ 15.930421907035837, 54.24759887082746 ], [ 15.930859810755166, 54.247681836078208 ], [ 15.931471246175999, 54.247676573799879 ], [ 15.93176510859765, 54.247726505380882 ], [ 15.932823180031548, 54.247803410008579 ], [ 15.933431891535134, 54.247847307365454 ], [ 15.934370163269984, 54.24786393828257 ], [ 15.934794633024778, 54.24792228479533 ], [ 15.93509724149807, 54.247944916043032 ], [ 15.935401420351964, 54.247921621018023 ], [ 15.936151763779193, 54.247993246940915 ], [ 15.936910666536205, 54.24795500483112 ], [ 15.937958444813033, 54.24808468668737 ], [ 15.939027415086608, 54.248079778994594 ], [ 15.939484496927694, 54.248107754963293 ], [ 15.940511834738759, 54.248262372715722 ], [ 15.941562730769514, 54.248386608067911 ], [ 15.942462063697675, 54.248484705475207 ], [ 15.943289291893413, 54.248704028690554 ], [ 15.944360005732001, 54.248727721625052 ], [ 15.945244529771685, 54.248875421330361 ], [ 15.945693658059234, 54.248930750985465 ], [ 15.946306206938605, 54.24894651899605 ], [ 15.947067724236577, 54.248914841772361 ], [ 15.947673023740322, 54.24896911664154 ], [ 15.948125694565769, 54.249004731794315 ], [ 15.948858793311652, 54.249058533759786 ], [ 15.949459297489968, 54.249164321858309 ], [ 15.950036267531532, 54.249260767758528 ], [ 15.950639807914655, 54.249304798084857 ], [ 15.951701206271951, 54.249376210832033 ], [ 15.952450884967535, 54.249456545462436 ], [ 15.953044157424742, 54.249527511254293 ], [ 15.953634020498534, 54.249603621165498 ], [ 15.954839940878244, 54.249713756520109 ], [ 15.955902152883871, 54.249779733369557 ], [ 15.956514965235725, 54.249792933097595 ], [ 15.957262870870698, 54.249875408350647 ], [ 15.957720056870917, 54.249906459175243 ], [ 15.958485231053018, 54.249899748602353 ], [ 15.959096107137434, 54.249915286478767 ], [ 15.959501295975279, 54.25003291046356 ], [ 15.960109746955357, 54.250069487007721 ], [ 15.96056931988419, 54.250077596243457 ], [ 15.961024543830014, 54.250116467113273 ], [ 15.961477027433432, 54.250136400401885 ], [ 15.962083686376983, 54.250122215372826 ], [ 15.962384408375542, 54.250141468549302 ], [ 15.962844059366288, 54.250146334399517 ], [ 15.963449803126693, 54.250178423347357 ], [ 15.964041652472805, 54.250259498599057 ], [ 15.96464862405028, 54.250304689185043 ], [ 15.965045914985717, 54.250365753114039 ], [ 15.96600172263785, 54.25045342868227 ], [ 15.966715030655296, 54.250616719426382 ], [ 15.967746380588956, 54.250778261483845 ], [ 15.968201555766383, 54.250814410155236 ], [ 15.968645011649004, 54.250880750751655 ], [ 15.969559470167214, 54.250931712982549 ], [ 15.970290578622434, 54.251054855051457 ], [ 15.971513609386941, 54.251079686911417 ], [ 15.971967753928331, 54.251117357699876 ], [ 15.972242737047317, 54.251196544447438 ], [ 15.972696025456115, 54.251217326964728 ], [ 15.973150913459337, 54.251234321738679 ], [ 15.973389721681587, 54.251341023104033 ], [ 15.973847756950915, 54.251328697853531 ], [ 15.974303685251915, 54.251305157243664 ], [ 15.974600190152746, 54.251346696774299 ], [ 15.975358074431375, 54.251407146325185 ], [ 15.97576905739704, 54.251527095860503 ], [ 15.976371064770492, 54.251594640314508 ], [ 15.977090165213356, 54.251740661237108 ], [ 15.978131620767211, 54.251878941231112 ], [ 15.978589739482855, 54.25190235802814 ], [ 15.979331208789226, 54.252001102824487 ], [ 15.979475060953952, 54.252010806344195 ], [ 15.979788804250298, 54.252028293142153 ], [ 15.980063259506977, 54.252103693095428 ], [ 15.980653869557646, 54.252194580142266 ], [ 15.98095657708993, 54.252218982714204 ], [ 15.981198929084032, 54.252325100494666 ], [ 15.981482826453041, 54.252384426802635 ], [ 15.981941333424269, 54.252404503339065 ], [ 15.982361817315129, 54.252509796714506 ], [ 15.982813730365073, 54.252555801206071 ], [ 15.98311671987212, 54.252578937751615 ], [ 15.983347809290139, 54.252624134367395 ], [ 15.983669218358521, 54.252724929965503 ], [ 15.983951496791679, 54.252793249251773 ], [ 15.984400899426623, 54.252849600316075 ], [ 15.984837729188142, 54.252932109135443 ], [ 15.985133447153192, 54.252978302086078 ], [ 15.985389550494459, 54.253042788875305 ], [ 15.985717305155662, 54.253068232556338 ], [ 15.986022978362042, 54.253074986664814 ], [ 15.986320314113229, 54.253118198668105 ], [ 15.986774946286779, 54.25314260159751 ], [ 15.987355486280022, 54.253228237856646 ], [ 15.988263025285997, 54.253313886389947 ], [ 15.989015259426111, 54.253398735694219 ], [ 15.989595460063391, 54.253508354469979 ], [ 15.990203108134112, 54.253546493048461 ], [ 15.990792761810974, 54.253640483568887 ], [ 15.991393610424987, 54.25369574403129 ], [ 15.992158106763235, 54.253683524650981 ], [ 15.992908177328246, 54.253767109301421 ], [ 15.993365282634107, 54.253772688511098 ], [ 15.993810876640794, 54.253835595270736 ], [ 15.994405617122757, 54.25387265029223 ], [ 15.994996675736941, 54.2539606792391 ], [ 15.99560505264793, 54.254003097187294 ], [ 15.995896370143244, 54.254056937516488 ], [ 15.996499066268093, 54.254111887708525 ], [ 15.996941400867211, 54.25418559225789 ], [ 15.998002117442383, 54.254277267918326 ], [ 15.998605934493401, 54.254302098437023 ], [ 15.999039312409533, 54.25438593228921 ], [ 15.99964852254776, 54.254405321389378 ], [ 16.000236550136716, 54.254475110016742 ], [ 16.000993221585933, 54.25453846418489 ], [ 16.001897175241446, 54.254638416306271 ], [ 16.00228443064686, 54.254775184292072 ], [ 16.002741507429047, 54.254791689813295 ], [ 16.003180450011275, 54.254870341156533 ], [ 16.00393401938463, 54.254944483575905 ], [ 16.004508825412234, 54.255063150778142 ], [ 16.005116017157185, 54.255106249418837 ], [ 16.005558075063789, 54.255180104446389 ], [ 16.006156612295428, 54.255258401525367 ], [ 16.006555554179066, 54.255389038732389 ], [ 16.007154407078112, 54.255448639925305 ], [ 16.007583079193786, 54.255545960431618 ], [ 16.008190701991889, 54.255587423187713 ], [ 16.008627452644188, 54.255663467073376 ], [ 16.009078365311538, 54.255703540906318 ], [ 16.009387432452137, 54.255728896943445 ], [ 16.009685970284906, 54.255750387603847 ], [ 16.010421221582462, 54.255871276053291 ], [ 16.011027258344917, 54.255916601026456 ], [ 16.011604271977092, 54.256036294063875 ], [ 16.012493302704002, 54.256169806579891 ], [ 16.013551667740142, 54.256262174816783 ], [ 16.01470647364895, 54.256500897724429 ], [ 16.015159581745106, 54.256535988431779 ], [ 16.016533576116238, 54.256576254523452 ], [ 16.017705324850606, 54.256785245300804 ], [ 16.019266739291123, 54.257137926055584 ], [ 16.020179332662654, 54.257173425005163 ], [ 16.021032565949941, 54.257371510569371 ], [ 16.021785062348716, 54.257448696133849 ], [ 16.023287419024101, 54.257614127735188 ], [ 16.024224820803912, 54.257615871868296 ], [ 16.025408065355883, 54.257741128760486 ], [ 16.025664245533822, 54.257811099227887 ], [ 16.025408065355883, 54.257741128760486 ], [ 16.024224820803912, 54.257615871868296 ] ] ] ] } },
{ "type": "Feature", "properties": { "FID_": 0, "Entity": "Group", "Layer": "morska linia brzegowa", "Color": 202, "Linetype": "ACAD_ISO03W100", "Elevation": 0.0, "LineWt": 25, "RefName": null }, "geometry": { "type": "MultiPolygon", "coordinates": [ [ [ [ 14.345407733124487, 53.880112338134261 ], [ 14.345745999843182, 53.880156627648972 ], [ 14.34602118913315, 53.880120669585153 ], [ 14.346439939092592, 53.880131306862715 ], [ 14.347517850543213, 53.880190981245079 ], [ 14.347706155490609, 53.880218158529196 ], [ 14.348040433223222, 53.880237327444945 ], [ 14.348227963912747, 53.880368062061294 ], [ 14.348193858052795, 53.880466743359904 ], [ 14.348015131526463, 53.880470612477652 ], [ 14.347957852861246, 53.880421336081021 ], [ 14.347754909061718, 53.880382504440391 ], [ 14.347572673812852, 53.880472874991199 ], [ 14.347533222540264, 53.880543027385308 ], [ 14.347593410934671, 53.880587152817704 ], [ 14.349032550236622, 53.880927817157882 ], [ 14.349478106270336, 53.881002048839932 ], [ 14.350109849953364, 53.881029424392032 ], [ 14.350628176661912, 53.881000075668865 ], [ 14.351304890734015, 53.880867873863167 ], [ 14.351537673773105, 53.880791660902567 ], [ 14.351723257474054, 53.880711076559358 ], [ 14.35196748469418, 53.880574340931403 ], [ 14.352113915801702, 53.880458456354091 ], [ 14.352218494281873, 53.880268288688505 ], [ 14.352142279385379, 53.880100201622859 ], [ 14.352012579186127, 53.879930842996593 ], [ 14.351745500051825, 53.879654765761494 ], [ 14.351554882647811, 53.879451652617469 ], [ 14.351338692627014, 53.879239348168355 ], [ 14.351059491795436, 53.87898943385818 ], [ 14.350530545102098, 53.878504618909346 ], [ 14.350291492020007, 53.878260474179243 ], [ 14.350161924726907, 53.878044771780466 ], [ 14.350033334556432, 53.877726570976321 ], [ 14.349859705531298, 53.877130930854371 ], [ 14.349739085303707, 53.87680946770665 ], [ 14.34945235472415, 53.876492617428575 ], [ 14.349061381901736, 53.876224757005581 ], [ 14.348664769776125, 53.875989646764019 ], [ 14.348407408660174, 53.875894118688308 ], [ 14.34817686708692, 53.875954375613304 ], [ 14.347845638021605, 53.875896052038975 ], [ 14.347642908541264, 53.87581747189811 ], [ 14.347504264801614, 53.875733749423588 ], [ 14.346971993741734, 53.875676278120352 ], [ 14.346398247136138, 53.87554353364019 ], [ 14.345664185548006, 53.875311661580049 ], [ 14.345409909633913, 53.875151292216643 ], [ 14.345049831806431, 53.874999005065021 ], [ 14.344565659254245, 53.874704157269313 ], [ 14.344352709955455, 53.874643152296279 ], [ 14.34416466498223, 53.874345246700869 ], [ 14.34408791633644, 53.874175771813633 ], [ 14.344018524895693, 53.873794456448195 ], [ 14.343881327273829, 53.873592721023172 ], [ 14.343938331357098, 53.87341399114252 ], [ 14.344056842461105, 53.873327971063922 ], [ 14.34399880042189, 53.873159187970202 ], [ 14.343782382531085, 53.873040567378084 ], [ 14.343591831022961, 53.873017732053441 ], [ 14.343599870114922, 53.873092353571842 ], [ 14.343533322821274, 53.873126841583755 ], [ 14.343071445184359, 53.873164790709424 ], [ 14.342678249415933, 53.873137009741988 ], [ 14.34233905239768, 53.873059087285938 ], [ 14.341619892467209, 53.873077833684206 ], [ 14.341111950583826, 53.87307662785129 ], [ 14.340541485195432, 53.873312016364977 ], [ 14.340508618804069, 53.873560870003793 ], [ 14.3402492753302, 53.873772506846962 ], [ 14.339513058739705, 53.873727554253954 ], [ 14.339159089750943, 53.873814000969965 ], [ 14.338855622345896, 53.873690467850274 ], [ 14.338180314527476, 53.87380287674484 ], [ 14.337856923478883, 53.873797853420967 ], [ 14.337754802444772, 53.873705317278159 ], [ 14.337446790668444, 53.873697303026027 ], [ 14.337202912020878, 53.873788081340898 ], [ 14.336553187549292, 53.873850585254495 ], [ 14.33610219935065, 53.873950599267133 ], [ 14.335881313406075, 53.873995498117246 ], [ 14.335781861528382, 53.874049750308501 ], [ 14.335724539657294, 53.874161670746517 ], [ 14.335733549582368, 53.874240181515205 ], [ 14.33551561804933, 53.874390157549406 ], [ 14.335546279464069, 53.874427163299579 ], [ 14.335678387122194, 53.874543749570179 ], [ 14.335856053019359, 53.874664135998259 ], [ 14.336132517307016, 53.87485801906741 ], [ 14.336407192979509, 53.875041701564292 ], [ 14.336538522107842, 53.875153862920918 ], [ 14.336624152398073, 53.875276425308577 ], [ 14.336801011474552, 53.875524372345424 ], [ 14.337020335764246, 53.875807965165592 ], [ 14.337153149254723, 53.875961334647442 ], [ 14.337277838487527, 53.876003216086538 ], [ 14.337289592916916, 53.876064795432399 ], [ 14.337333995199643, 53.876136989764305 ], [ 14.337394961928968, 53.876254955287258 ], [ 14.337288668257788, 53.876323350851735 ], [ 14.337256916241337, 53.87647809695298 ], [ 14.337262395351981, 53.876686175846771 ], [ 14.337376940434806, 53.876858826845442 ], [ 14.337304029176245, 53.876907104994942 ], [ 14.337210701416391, 53.876931913648484 ], [ 14.336689876413837, 53.877125506279157 ], [ 14.336506566564559, 53.877191828150032 ], [ 14.336205343383028, 53.87729149195804 ], [ 14.335960737999475, 53.877366970452123 ], [ 14.335737660739628, 53.877462795479673 ], [ 14.335629721745036, 53.877533040909491 ], [ 14.33551775358981, 53.877630707327079 ], [ 14.335500719888042, 53.877726168923054 ], [ 14.335620635064663, 53.87784067950458 ], [ 14.33577154000557, 53.877922524163424 ], [ 14.336163545614632, 53.877995973148089 ], [ 14.336511289595068, 53.878011796536519 ], [ 14.336851959262416, 53.878093362886119 ], [ 14.337240924991534, 53.878219426688595 ], [ 14.337549189112373, 53.878360778717379 ], [ 14.337689245233699, 53.878405158311473 ], [ 14.337852375088346, 53.878541305952893 ], [ 14.337952152930596, 53.878611312991957 ], [ 14.338033774084131, 53.878653404501904 ], [ 14.337923290671924, 53.87879713699548 ], [ 14.33786180144139, 53.879050924640431 ], [ 14.33770738090343, 53.879210761386503 ], [ 14.33719760016071, 53.879636910218117 ], [ 14.337033048667333, 53.879745453362361 ], [ 14.336753140135293, 53.879890090208328 ], [ 14.336557191395976, 53.879985078085554 ], [ 14.336277847141844, 53.880106439525989 ], [ 14.336130573081546, 53.880218420727743 ], [ 14.336104922411382, 53.880310630479876 ], [ 14.336147750779324, 53.880376493408853 ], [ 14.336308028438602, 53.880457104230494 ], [ 14.336398661330866, 53.880489148085537 ], [ 14.336504728633477, 53.880553629441927 ], [ 14.336823593260169, 53.880662578716382 ], [ 14.337000806799294, 53.880747341056257 ], [ 14.337189662652598, 53.880828495690814 ], [ 14.337473805971122, 53.880921207640675 ], [ 14.337743735900807, 53.881029245569387 ], [ 14.338098782548549, 53.881143670676465 ], [ 14.338271268959199, 53.881214301484718 ], [ 14.338591990333057, 53.881334886359795 ], [ 14.338860684134138, 53.881426536866527 ], [ 14.339201875948229, 53.881529148646244 ], [ 14.339461479478976, 53.881603425984132 ], [ 14.339691648883708, 53.881683521080973 ], [ 14.339945058820744, 53.881769078692074 ], [ 14.339990938046457, 53.881755894516338 ], [ 14.340082473337414, 53.881826524555919 ], [ 14.340222813169584, 53.881857066505134 ], [ 14.340468077759914, 53.88191511334032 ], [ 14.340858914520862, 53.881966868856367 ], [ 14.341070419990471, 53.882007803096805 ], [ 14.341224376599671, 53.882077935006791 ], [ 14.341427294431305, 53.882117510537284 ], [ 14.341508863651722, 53.882136586009331 ], [ 14.341727781760031, 53.882142264933819 ], [ 14.342005267611276, 53.882093145222242 ], [ 14.34221075258108, 53.882046827851717 ], [ 14.342392012156969, 53.882017772381388 ], [ 14.342558283357123, 53.881908456269805 ], [ 14.342602630080851, 53.881749317401002 ], [ 14.342604088230056, 53.881596957295748 ], [ 14.342665799558063, 53.881372840406229 ], [ 14.342791158057977, 53.881109767877518 ], [ 14.342925662585895, 53.880913519528647 ], [ 14.343071606733394, 53.8807599603008 ], [ 14.343383935224942, 53.880512004704165 ], [ 14.343722555362271, 53.880331702973258 ], [ 14.343955695848999, 53.880259645865166 ], [ 14.34416941701131, 53.880203431265471 ], [ 14.344359004482644, 53.880172665117961 ], [ 14.344618744651852, 53.88013473499992 ], [ 14.344975052605234, 53.880121966592689 ], [ 14.345407733124487, 53.880112338134261 ] ] ], [ [ [ 14.327805171556305, 53.873689021217118 ], [ 14.327478714025752, 53.873762109662778 ], [ 14.327347128436472, 53.873776073348644 ], [ 14.327073440670953, 53.873723301749237 ], [ 14.326975234506607, 53.873783951361965 ], [ 14.327005449445405, 53.873832544818498 ], [ 14.326887597652211, 53.873917301925104 ], [ 14.326631814333107, 53.873936770913836 ], [ 14.326097665860816, 53.873776886663109 ], [ 14.325964102273517, 53.873805198735838 ], [ 14.325545317281367, 53.873630438122063 ], [ 14.325408870596441, 53.873653828618586 ], [ 14.325042434249221, 53.873833472594107 ], [ 14.324619438425557, 53.873872042986484 ], [ 14.324097522203855, 53.873896618661043 ], [ 14.32398066347648, 53.873751591050016 ], [ 14.323786552957982, 53.873715422672682 ], [ 14.323560771341437, 53.873743817837251 ], [ 14.323468600686036, 53.873778977279699 ], [ 14.32351377109511, 53.873907751341328 ], [ 14.323543768022631, 53.874062082229003 ], [ 14.323513232867645, 53.874220813323511 ], [ 14.323539462921209, 53.874574482585878 ], [ 14.323550444935094, 53.874800134588526 ], [ 14.323567579487463, 53.875176971196169 ], [ 14.323569576537503, 53.875221880597898 ], [ 14.323589211880284, 53.875654783489928 ], [ 14.323495268602112, 53.876112570916781 ], [ 14.323358499479086, 53.876324039669662 ], [ 14.323380025016117, 53.876468014897483 ], [ 14.323456822426941, 53.876566201041122 ], [ 14.323610806442156, 53.876699376742152 ], [ 14.323852429826596, 53.876792162001593 ], [ 14.324376803510431, 53.876915172332303 ], [ 14.324984350951977, 53.87715574735369 ], [ 14.325253297413466, 53.87730200332004 ], [ 14.32557636076198, 53.877525258892206 ], [ 14.325804642793727, 53.877705490523958 ], [ 14.325829841835594, 53.877725472694763 ], [ 14.326051601289169, 53.877912570706208 ], [ 14.326298617781839, 53.878035407963708 ], [ 14.326359809690899, 53.8780707569952 ], [ 14.326725068800453, 53.878281551772922 ], [ 14.327041607308582, 53.878464286510088 ], [ 14.327250766879049, 53.878627275583405 ], [ 14.327345917958688, 53.878783765861755 ], [ 14.327469913625201, 53.878962745593846 ], [ 14.327703505675492, 53.879424757674514 ], [ 14.327688527925057, 53.879575912164462 ], [ 14.327600359977648, 53.879836651638456 ], [ 14.327509890224221, 53.880028564048111 ], [ 14.327493748567154, 53.880128810033845 ], [ 14.327525197084762, 53.880191544963566 ], [ 14.327696102037349, 53.880331827222825 ], [ 14.327748665778461, 53.880361767509122 ], [ 14.327948501333191, 53.880475542335823 ], [ 14.328161027813625, 53.880609827900805 ], [ 14.328410242722027, 53.880684332849142 ], [ 14.328672379817014, 53.880725681030945 ], [ 14.329299707808266, 53.880769852372119 ], [ 14.329932133281492, 53.88070319372369 ], [ 14.329971968069257, 53.880698956696328 ], [ 14.330071915577987, 53.880711339920197 ], [ 14.330126118397912, 53.880718031385172 ], [ 14.330807220977363, 53.880746699969556 ], [ 14.331331104013046, 53.880742458944468 ], [ 14.3318372986901, 53.880769903784049 ], [ 14.332133245877962, 53.880803724990791 ], [ 14.332619387428288, 53.88080915122373 ], [ 14.332941522024653, 53.880806885814557 ], [ 14.333271973632627, 53.880771990921453 ], [ 14.333696628422169, 53.880636614167102 ], [ 14.33416442230715, 53.88049050651005 ], [ 14.334642119382332, 53.88037041987068 ], [ 14.334924812232556, 53.88031126045837 ], [ 14.335260465309917, 53.880228106369223 ], [ 14.335439741915508, 53.880134549338493 ], [ 14.335719994876548, 53.880018064536564 ], [ 14.336025705469689, 53.879862587243302 ], [ 14.336239228541167, 53.879759270597155 ], [ 14.336612520770887, 53.879581917438941 ], [ 14.33697458179252, 53.879356212683739 ], [ 14.337214954222064, 53.87914892964546 ], [ 14.337423278978616, 53.878916747900277 ], [ 14.337458921769059, 53.878825296321843 ], [ 14.33729059710805, 53.878569908028858 ], [ 14.33727857249168, 53.878562807422334 ], [ 14.337253065073865, 53.878547586150241 ], [ 14.337181958315242, 53.878505277703972 ], [ 14.337122286324396, 53.878469786586017 ], [ 14.336745520084282, 53.878359997260461 ], [ 14.336476483093403, 53.878314817208306 ], [ 14.336214607607342, 53.878291013483746 ], [ 14.335886248151066, 53.878269417166486 ], [ 14.335516471242578, 53.87815510476657 ], [ 14.335207068607522, 53.877998349077167 ], [ 14.335044283921075, 53.877825884445322 ], [ 14.334998037373389, 53.877727756405932 ], [ 14.335007831282123, 53.877607409030659 ], [ 14.335079796888287, 53.877483228959115 ], [ 14.335295009207341, 53.877336522158295 ], [ 14.33553708515808, 53.877200391204426 ], [ 14.335799343618225, 53.87711289930202 ], [ 14.335869157036681, 53.877091794679352 ], [ 14.336151344332112, 53.877006723711148 ], [ 14.336418425567379, 53.876917539266934 ], [ 14.336628860308316, 53.876807494323252 ], [ 14.336756242089928, 53.876709000571928 ], [ 14.336819930591743, 53.876552178119404 ], [ 14.336857219216091, 53.876293711621955 ], [ 14.336752143000222, 53.876058333748247 ], [ 14.336568516164128, 53.87587380421084 ], [ 14.336539618824077, 53.875830545614932 ], [ 14.33638591006526, 53.875613414140091 ], [ 14.336174395210232, 53.875360200453578 ], [ 14.335917466912621, 53.875160730801021 ], [ 14.335714619620429, 53.87502962463406 ], [ 14.335542603976588, 53.874932919917583 ], [ 14.335217425005288, 53.874689574771502 ], [ 14.335059201760785, 53.874550821972271 ], [ 14.334907241095761, 53.874395030426385 ], [ 14.334791877052828, 53.874283389485917 ], [ 14.334628718721907, 53.874186418341075 ], [ 14.33450769590114, 53.874187494564232 ], [ 14.334473968535637, 53.874158062147679 ], [ 14.334268419210964, 53.873978985665758 ], [ 14.334096719709258, 53.874016075384517 ], [ 14.333808468180413, 53.874003297565046 ], [ 14.333392049496531, 53.874048903376924 ], [ 14.332892593638398, 53.873950782863503 ], [ 14.332466168632365, 53.874074455947884 ], [ 14.332226331221415, 53.874137450322451 ], [ 14.331907059522587, 53.874064621202592 ], [ 14.331716866473814, 53.874055260559572 ], [ 14.33144535823401, 53.873944380731366 ], [ 14.331188488973364, 53.873928406833542 ], [ 14.330731294092891, 53.87389483730135 ], [ 14.330341134729796, 53.87389800212231 ], [ 14.329854557079464, 53.873893450309822 ], [ 14.329382642422889, 53.873916840381007 ], [ 14.328701885712842, 53.873877591343238 ], [ 14.328345209887763, 53.873866496123206 ], [ 14.328060940847593, 53.873803155848925 ], [ 14.327805171556305, 53.873689021217118 ] ] ] ] } },
{ "type": "Feature", "properties": { "FID_": 0, "Entity": "Group", "Layer": "morska linia brzegowa", "Color": 202, "Linetype": "ACAD_ISO03W100", "Elevation": 0.0, "LineWt": 25, "RefName": null }, "geometry": { "type": "MultiPolygon", "coordinates": [ [ [ [ 14.722918915720818, 53.940900262152894 ], [ 14.722851816007315, 53.940707375985433 ], [ 14.722850401521566, 53.940484181754954 ], [ 14.722736176338143, 53.940347434156031 ], [ 14.722266924930594, 53.940170960318156 ], [ 14.721895871168256, 53.940205323750433 ], [ 14.721512164421627, 53.940356103853951 ], [ 14.721437171014751, 53.940548930125871 ], [ 14.720269551993788, 53.940982445865444 ], [ 14.719816019199483, 53.941006007585955 ], [ 14.719529099386369, 53.940869842543854 ], [ 14.719260899239851, 53.940781251097491 ], [ 14.719055756997012, 53.940736834917047 ], [ 14.718922189620741, 53.940760602092929 ], [ 14.718645129936281, 53.940857352515799 ], [ 14.718398913610123, 53.940873937548318 ], [ 14.718043521388161, 53.940843003268242 ], [ 14.717640861155607, 53.940955719316953 ], [ 14.717293984726435, 53.941151947373143 ], [ 14.717330626921703, 53.94143120230391 ], [ 14.717512198373221, 53.941718704458033 ], [ 14.717694317701422, 53.941970626835179 ], [ 14.717756803698819, 53.942076888117128 ], [ 14.717931787683025, 53.942235437392306 ], [ 14.718226631058602, 53.942439372757711 ], [ 14.718760126109458, 53.942598311933637 ], [ 14.718937159672027, 53.942634307067763 ], [ 14.719192790131057, 53.942736796783144 ], [ 14.719580509067624, 53.942809942756298 ], [ 14.719739286820799, 53.942797644279715 ], [ 14.72033248835138, 53.942479155876214 ], [ 14.720648334168381, 53.942049143653321 ], [ 14.720816827305056, 53.94201826704559 ], [ 14.721026986823359, 53.941791251490969 ], [ 14.721215177317601, 53.941569935242384 ], [ 14.721532560824556, 53.941340921366489 ], [ 14.722030895867448, 53.941107204048336 ], [ 14.722320941020973, 53.94120985682811 ], [ 14.722918915720818, 53.940900262152894 ] ] ] ] } },
{ "type": "Feature", "properties": { "FID_": 0, "Entity": "Group", "Layer": "morska linia brzegowa", "Color": 202, "Linetype": "ACAD_ISO03W100", "Elevation": 0.0, "LineWt": 25, "RefName": null }, "geometry": { "type": "MultiPolygon", "coordinates": [ [ [ [ 14.784991759732941, 53.974353753211794 ], [ 14.785114321963519, 53.974319829232769 ], [ 14.785062683009318, 53.974284515777768 ], [ 14.785024105049853, 53.97425829968487 ], [ 14.784260263704718, 53.974100231743208 ], [ 14.783701928457313, 53.973991676269669 ], [ 14.783656859919223, 53.974247760295114 ], [ 14.783587019654856, 53.974372167031056 ], [ 14.783539791348597, 53.974456542019993 ], [ 14.783632308862693, 53.974573694336492 ], [ 14.783986173128572, 53.974699762058393 ], [ 14.784167213924535, 53.974764331301103 ], [ 14.784334908608209, 53.974786376118018 ], [ 14.784380254104764, 53.97477136216925 ], [ 14.784440211621147, 53.974671466008601 ], [ 14.784457276764682, 53.974643014050493 ], [ 14.784479078659594, 53.97446442999663 ], [ 14.784792665567918, 53.974332192470634 ], [ 14.78492249211533, 53.974397387251116 ], [ 14.784991759732941, 53.974353753211794 ] ] ] ] } },
{ "type": "Feature", "properties": { "FID_": 0, "Entity": "Group", "Layer": "morska linia brzegowa", "Color": 202, "Linetype": "ACAD_ISO03W100", "Elevation": 0.0, "LineWt": 25, "RefName": null }, "geometry": { "type": "MultiPolygon", "coordinates": [ [ [ [ 14.345016287807571, 53.86850596123795 ], [ 14.344779067633095, 53.868914464440891 ], [ 14.345030518297932, 53.868912304102487 ], [ 14.345713953705618, 53.868747897973464 ], [ 14.346547336257702, 53.868373006037217 ], [ 14.347810793794851, 53.868021474418804 ], [ 14.34874699846125, 53.867677433426621 ], [ 14.349471353158664, 53.867221798091812 ], [ 14.349693948044443, 53.866423569063109 ], [ 14.349480219069669, 53.865830390189153 ], [ 14.349361797546493, 53.865291196537747 ], [ 14.349310168579811, 53.86497276743237 ], [ 14.349142624562981, 53.864743300326552 ], [ 14.348694001609624, 53.864321504639868 ], [ 14.348688750561369, 53.864267533050949 ], [ 14.348368326798999, 53.863836704426802 ], [ 14.347287953808141, 53.86409995869127 ], [ 14.346652701055344, 53.864609340672985 ], [ 14.346177870248995, 53.864877091400707 ], [ 14.346011445035238, 53.8652395129292 ], [ 14.345857379706922, 53.8658315644944 ], [ 14.34544334561048, 53.866809677969314 ], [ 14.345229163552716, 53.867466749625279 ], [ 14.345016287807571, 53.86850596123795 ] ] ], [ [ [ 14.340896139260209, 53.868213837843875 ], [ 14.341108200130993, 53.868611175490713 ], [ 14.341284302961222, 53.868798855543254 ], [ 14.341700328638035, 53.86914191483023 ], [ 14.342943842252177, 53.86903139329592 ], [ 14.343746460307795, 53.868576088829229 ], [ 14.344200232015803, 53.868408577831367 ], [ 14.344349661437375, 53.868163382703834 ], [ 14.344530893346874, 53.86802588246357 ], [ 14.344544849809843, 53.86773641710711 ], [ 14.344648127322962, 53.866859130828217 ], [ 14.344978949027603, 53.865907766340094 ], [ 14.345257281459221, 53.865332855287534 ], [ 14.345313199746533, 53.865074797457844 ], [ 14.345311626944607, 53.864831020833755 ], [ 14.345256420699174, 53.864655825133759 ], [ 14.34507766935149, 53.864617789264479 ], [ 14.344425060646058, 53.864755273995826 ], [ 14.343623894844182, 53.865078629757456 ], [ 14.34327446470482, 53.865280280346404 ], [ 14.342772427229241, 53.865621410581859 ], [ 14.342082331649594, 53.86619806170453 ], [ 14.341566485272521, 53.866794846232807 ], [ 14.341047232254567, 53.867598165723905 ], [ 14.340896139260209, 53.868213837843875 ] ] ], [ [ [ 14.318820077330166, 53.868751118482976 ], [ 14.319100858144482, 53.868856299629464 ], [ 14.319692156586944, 53.868721178205035 ], [ 14.320011814385255, 53.868623135431086 ], [ 14.319941430674477, 53.868415671699154 ], [ 14.319743977376326, 53.868268301658645 ], [ 14.319354707471197, 53.86805190652494 ], [ 14.319025933619299, 53.86803106450273 ], [ 14.319042164508485, 53.868133923098576 ], [ 14.319108388927786, 53.868335001164333 ], [ 14.318902297056068, 53.868536279373259 ], [ 14.318820077330166, 53.868751118482976 ] ] ], [ [ [ 14.317019342586145, 53.863403537757883 ], [ 14.317554845111905, 53.863687050343088 ], [ 14.318330247690488, 53.864001105462833 ], [ 14.319175150209473, 53.864180052160478 ], [ 14.319408693408162, 53.864119646833259 ], [ 14.319859375158096, 53.864374278098381 ], [ 14.320020838866107, 53.864061418232424 ], [ 14.319585602357591, 53.863683964588581 ], [ 14.319507372995993, 53.863289330212979 ], [ 14.319403501695687, 53.86308202076399 ], [ 14.318816824563012, 53.862862091747211 ], [ 14.317376473600843, 53.862434250057383 ], [ 14.316553136576921, 53.862180256741368 ], [ 14.315932376899879, 53.861975604851423 ], [ 14.315165499078473, 53.86171311450741 ], [ 14.314435658690559, 53.861448605824073 ], [ 14.313572010291411, 53.861183784623833 ], [ 14.312407562464825, 53.860866352902427 ], [ 14.312375459300819, 53.861082310990533 ], [ 14.312420302283796, 53.861189408358207 ], [ 14.312756704178835, 53.861635707722407 ], [ 14.313845321224026, 53.862211261518148 ], [ 14.314567707728232, 53.862544832724303 ], [ 14.315401569020871, 53.862824255060424 ], [ 14.316173538710752, 53.863120264316358 ], [ 14.317019342586145, 53.863403537757883 ] ] ], [ [ [ 14.306755139349221, 53.85947976091596 ], [ 14.306822629679537, 53.859589170586148 ], [ 14.307312447103966, 53.859942736943609 ], [ 14.307662056682121, 53.86011153238843 ], [ 14.307760679615107, 53.860067895271243 ], [ 14.307506599000913, 53.85985629215012 ], [ 14.306943518240249, 53.85948309684386 ], [ 14.306755139349221, 53.85947976091596 ] ] ], [ [ [ 14.29686766984684, 53.854014233379566 ], [ 14.296819753834811, 53.854042732186642 ], [ 14.29675870001647, 53.854305511294093 ], [ 14.296893686931208, 53.854711805367955 ], [ 14.296994460742761, 53.854868186114487 ], [ 14.297071462311608, 53.855053611171691 ], [ 14.296936059583752, 53.855287829630051 ], [ 14.297032919044979, 53.855396468803605 ], [ 14.297074754279452, 53.855504676396265 ], [ 14.297121363841226, 53.855607236818351 ], [ 14.297074256314552, 53.855665605280826 ], [ 14.297163954412202, 53.855835761198648 ], [ 14.297065368417165, 53.855885865139292 ], [ 14.296984606241971, 53.856098120339389 ], [ 14.297009323662929, 53.856162874441388 ], [ 14.297106952572143, 53.856210121922324 ], [ 14.29725066949568, 53.856236021896876 ], [ 14.297651116927, 53.856268702241962 ], [ 14.298200823178169, 53.856312119885466 ], [ 14.298340458758512, 53.856306996890609 ], [ 14.298403794090058, 53.856296467386592 ], [ 14.298774700883708, 53.856329735726511 ], [ 14.299255541891982, 53.856443523738797 ], [ 14.299530517842348, 53.856547094566253 ], [ 14.299766582683173, 53.856560686836815 ], [ 14.299959305949429, 53.856626169602386 ], [ 14.300082667156691, 53.856663565555181 ], [ 14.300220567305271, 53.856638171551886 ], [ 14.300309436159532, 53.856691602308814 ], [ 14.300654466803399, 53.856732373565372 ], [ 14.300883505980424, 53.856791300221651 ], [ 14.301070468516729, 53.856849458251752 ], [ 14.301263527182128, 53.8569664645741 ], [ 14.301462448572977, 53.857053842055166 ], [ 14.301643989570952, 53.857080498446102 ], [ 14.302044467486008, 53.857223842330448 ], [ 14.302559829075795, 53.857397015080572 ], [ 14.302912114047901, 53.857540171033072 ], [ 14.303186349411103, 53.857636613829349 ], [ 14.303495392383144, 53.857785358067588 ], [ 14.303700037184152, 53.857843010701593 ], [ 14.304254758862834, 53.858109039734479 ], [ 14.304574340668113, 53.858224122167648 ], [ 14.304625546523406, 53.858279220411518 ], [ 14.304943858050024, 53.858414054370805 ], [ 14.305076624003998, 53.858336121629677 ], [ 14.303919052213056, 53.857653732530927 ], [ 14.303611775561686, 53.85741844596329 ], [ 14.302829679444907, 53.856933039302056 ], [ 14.302399267156249, 53.856661710152189 ], [ 14.301877740405493, 53.856395521230468 ], [ 14.301570454192056, 53.856281158658042 ], [ 14.301361538267825, 53.856169549773178 ], [ 14.30098543709888, 53.85595725176924 ], [ 14.300646155646554, 53.855807625747062 ], [ 14.299812312009745, 53.855409789331461 ], [ 14.29908494223687, 53.855029795779657 ], [ 14.298878165644618, 53.854937111424242 ], [ 14.298476184586026, 53.85474445042405 ], [ 14.298138285572691, 53.854557997721237 ], [ 14.297841299583901, 53.8543880214837 ], [ 14.297397182081264, 53.854176872419991 ], [ 14.297034282116295, 53.854026894434789 ], [ 14.29686766984684, 53.854014233379566 ] ] ], [ [ [ 14.304528983243159, 53.859661664084456 ], [ 14.302915476356969, 53.858869839703402 ], [ 14.302301255060202, 53.858660996925956 ], [ 14.301831427833752, 53.858486691114422 ], [ 14.301086187071538, 53.858295660438714 ], [ 14.300263998780588, 53.858208446998674 ], [ 14.29958740012764, 53.858153639124062 ], [ 14.299544138827034, 53.858239608094863 ], [ 14.299859354527444, 53.858511857737064 ], [ 14.300172214835101, 53.858726331740485 ], [ 14.300746136928604, 53.85904351872707 ], [ 14.301495863112287, 53.859469586828723 ], [ 14.301723962558643, 53.859687361360173 ], [ 14.302177685159581, 53.860015051145226 ], [ 14.301612290764032, 53.860377157493026 ], [ 14.301192464030626, 53.860637435171711 ], [ 14.300936859212666, 53.860815725348736 ], [ 14.300925058191101, 53.860911484975709 ], [ 14.301136184304243, 53.861222744041122 ], [ 14.301628580232071, 53.861722224889533 ], [ 14.301976538861304, 53.862025053404551 ], [ 14.302100097184972, 53.862043119893585 ], [ 14.302252973975929, 53.862087740112692 ], [ 14.302360056755692, 53.862175025351149 ], [ 14.302561863249426, 53.862432845139033 ], [ 14.302932744036658, 53.86267046174266 ], [ 14.303449157004437, 53.862965298369645 ], [ 14.304112685155383, 53.863333031684938 ], [ 14.304401415648941, 53.863247458118977 ], [ 14.304800098512493, 53.863306324230209 ], [ 14.305312448067063, 53.863482650123217 ], [ 14.305766467177856, 53.863764205536839 ], [ 14.306365094458295, 53.864193133369675 ], [ 14.306872141653129, 53.864090434030004 ], [ 14.307115421015565, 53.863874364650883 ], [ 14.307216657742105, 53.863731165739047 ], [ 14.307554045466434, 53.863882332674081 ], [ 14.308205887130342, 53.863867216536782 ], [ 14.309011375494565, 53.86371933601054 ], [ 14.309784346120631, 53.863469034290524 ], [ 14.310312256774194, 53.863306462304493 ], [ 14.310858616474199, 53.863178648295666 ], [ 14.311449926180066, 53.86290735833775 ], [ 14.311884174829936, 53.864058941954191 ], [ 14.312522113716415, 53.864620615884448 ], [ 14.312927749028562, 53.865028907932377 ], [ 14.31352277518983, 53.865543850199174 ], [ 14.31410416014327, 53.86597999262753 ], [ 14.314661150026833, 53.866258335491572 ], [ 14.315215260288413, 53.866678937069153 ], [ 14.315532024047448, 53.86705286019469 ], [ 14.316266137468508, 53.867394772063172 ], [ 14.317033556145118, 53.867668195942812 ], [ 14.317463652154968, 53.867888210570634 ], [ 14.317577500813146, 53.868105639836166 ], [ 14.317767360156667, 53.868086513864625 ], [ 14.318084172903372, 53.867771733083778 ], [ 14.318533206111381, 53.867530040051122 ], [ 14.319287194136759, 53.867395864532632 ], [ 14.319362083265455, 53.867105339677565 ], [ 14.31921934080466, 53.866863889590746 ], [ 14.31879442044678, 53.866563079187792 ], [ 14.318470967542309, 53.86624565782904 ], [ 14.318052158327573, 53.865968357335042 ], [ 14.31758107465741, 53.865581096641549 ], [ 14.31716490112901, 53.865357797507805 ], [ 14.317165578926479, 53.86515731726562 ], [ 14.316732633844818, 53.864863512593836 ], [ 14.315901222318432, 53.864450192572193 ], [ 14.31527472755249, 53.864067532566821 ], [ 14.314575095834485, 53.863755786309106 ], [ 14.314573019105284, 53.86370278321052 ], [ 14.313895413936383, 53.863382175252724 ], [ 14.312338256117485, 53.862705216969573 ], [ 14.311403901530763, 53.862238304816138 ], [ 14.31059655354397, 53.861830877346584 ], [ 14.309908129905685, 53.861466574005917 ], [ 14.309275181617828, 53.861067548174866 ], [ 14.308719874153191, 53.860738593615288 ], [ 14.308529990057874, 53.860758603156007 ], [ 14.30892332503597, 53.861170232736619 ], [ 14.309360672338544, 53.861536096637288 ], [ 14.309888137422876, 53.862156626169352 ], [ 14.3104915855398, 53.862816349424769 ], [ 14.310078580308904, 53.863146123772552 ], [ 14.309626392836105, 53.863294929849779 ], [ 14.308841347402307, 53.863527248173327 ], [ 14.308155760340888, 53.863707670829392 ], [ 14.307584573042908, 53.863757684533056 ], [ 14.30712843098638, 53.862797183305133 ], [ 14.306780784845124, 53.862131772058298 ], [ 14.306349158380517, 53.861417178791555 ], [ 14.305984135286469, 53.860944138362612 ], [ 14.305142129942626, 53.86015467656113 ], [ 14.304528983243159, 53.859661664084456 ] ] ] ] } },
{ "type": "Feature", "properties": { "FID_": 0, "Entity": "Group", "Layer": "morska linia brzegowa", "Color": 202, "Linetype": "ACAD_ISO03W100", "Elevation": 0.0, "LineWt": 25, "RefName": null }, "geometry": { "type": "MultiPolygon", "coordinates": [ [ [ [ 14.618943374752742, 53.843804836269975 ], [ 14.618934241728564, 53.843791583579929 ], [ 14.618915550267843, 53.843765207339878 ], [ 14.618943374752742, 53.843804836269975 ] ] ] ] } }
]
}
