{
"type": "FeatureCollection",
"name": "pUXO_25m buffer",
"crs": { "type": "name", "properties": { "name": "urn:ogc:def:crs:OGC:1.3:CRS84" } },
"features": [
{ "type": "Feature", "properties": { "ID": "T_0263", "Easting": 422073.87, "Northing": 772537.44, "ID MAG": 2169, "Estimated_": null, "Depth_of_b": null, "Peak_to_Pe": 5.2, "Instrument": 1.9, "Bottom_Dep": -4.78, "Type _of_g": "pUXO", "Risk_Class": null, "Priority": "2", "Sector": "315", "Comments": null, "EAST": null, "NORTH": null, "ID_MAG": null, "FERR_MASS": null, "DOB": null, "AMPLITUDE": null, "ALTITUDE": null, "DEPTH": null, "TYPE": null, "RISK": null, "COMMENT": null, "layer": "PEJ_GEO_315_343_drone_MTL", "In_Corr": "no" }, "geometry": { "type": "MultiPolygon", "coordinates": [ [ [ [ 17.78751254105245, 54.810340217087372 ], [ 17.787495580697961, 54.810270595486095 ], [ 17.787442201306582, 54.810207408486434 ], [ 17.787357628143024, 54.81015684122989 ], [ 17.787250139825968, 54.810123843537539 ], [ 17.787130257956115, 54.810111645407801 ], [ 17.787009717228539, 54.810121440859149 ], [ 17.786900316826856, 54.810152271058634 ], [ 17.786812765506667, 54.810201118173836 ], [ 17.786755633393, 54.810263200763067 ], [ 17.786734513079907, 54.810332441795573 ], [ 17.786751472148381, 54.810402063496134 ], [ 17.786804850709316, 54.810465250793513 ], [ 17.786889423815204, 54.810515818432499 ], [ 17.786996912869391, 54.810548816445944 ], [ 17.787116795989625, 54.810561014712775 ], [ 17.787237338003216, 54.810551219162157 ], [ 17.787346739235339, 54.810520388664969 ], [ 17.787434290613202, 54.810471541167317 ], [ 17.787491421989731, 54.810409458256991 ], [ 17.78751254105245, 54.810340217087372 ] ] ] ] } },
{ "type": "Feature", "properties": { "ID": "T_0264", "Easting": 422003.14, "Northing": 772523.05, "ID MAG": 2170, "Estimated_": null, "Depth_of_b": null, "Peak_to_Pe": 78.7, "Instrument": 2.02, "Bottom_Dep": -5.06, "Type _of_g": "pUXO", "Risk_Class": null, "Priority": "2", "Sector": "315", "Comments": null, "EAST": null, "NORTH": null, "ID_MAG": null, "FERR_MASS": null, "DOB": null, "AMPLITUDE": null, "ALTITUDE": null, "DEPTH": null, "TYPE": null, "RISK": null, "COMMENT": null, "layer": "PEJ_GEO_315_343_drone_MTL", "In_Corr": "no" }, "geometry": { "type": "MultiPolygon", "coordinates": [ [ [ [ 17.786415819402141, 54.810199888243851 ], [ 17.786398860991053, 54.810130266497403 ], [ 17.786345483500252, 54.810067079023391 ], [ 17.786260912008398, 54.810016511009749 ], [ 17.786153424970554, 54.809983512351629 ], [ 17.786033543862196, 54.809971313142029 ], [ 17.785913003303875, 54.809981107505088 ], [ 17.785803602462632, 54.810011936714403 ], [ 17.78571605013709, 54.810060783034452 ], [ 17.785658916550677, 54.810122865101448 ], [ 17.785637794441612, 54.810192105935698 ], [ 17.785654751566678, 54.810261727781402 ], [ 17.785708128227, 54.810324915553103 ], [ 17.785792699661133, 54.810375483949194 ], [ 17.785900187436063, 54.810408482928409 ], [ 17.786020069794766, 54.810420682275129 ], [ 17.786140611639109, 54.810410887812822 ], [ 17.786250013310827, 54.810380058305789 ], [ 17.786337565694094, 54.810331211603291 ], [ 17.786394698543415, 54.810269129215207 ], [ 17.786415819402141, 54.810199888243851 ] ] ] ] } },
{ "type": "Feature", "properties": { "ID": "T_0266", "Easting": 422017.61, "Northing": 772371.04, "ID MAG": 2172, "Estimated_": null, "Depth_of_b": null, "Peak_to_Pe": 7.92, "Instrument": 1.75, "Bottom_Dep": -4.21, "Type _of_g": "pUXO", "Risk_Class": null, "Priority": "2", "Sector": "315", "Comments": null, "EAST": null, "NORTH": null, "ID_MAG": null, "FERR_MASS": null, "DOB": null, "AMPLITUDE": null, "ALTITUDE": null, "DEPTH": null, "TYPE": null, "RISK": null, "COMMENT": null, "layer": "PEJ_GEO_315_343_drone_MTL", "In_Corr": "no" }, "geometry": { "type": "MultiPolygon", "coordinates": [ [ [ [ 17.786681921317669, 54.808835967000924 ], [ 17.786664962984709, 54.808766345276823 ], [ 17.786611586843193, 54.808703157912774 ], [ 17.786527017839699, 54.808652590085885 ], [ 17.786419534185704, 54.808619591673121 ], [ 17.786299657025459, 54.808607392743383 ], [ 17.786179120593061, 54.80861718739348 ], [ 17.786069723651689, 54.808648016868872 ], [ 17.785982174618237, 54.808696863408024 ], [ 17.785925043393885, 54.80875894562562 ], [ 17.785903922485613, 54.808828186527315 ], [ 17.785920879532664, 54.808897808350665 ], [ 17.785974254843783, 54.808960996012402 ], [ 17.786058823789578, 54.809011564221699 ], [ 17.786166308180601, 54.809044562955556 ], [ 17.786286186591092, 54.809056762022387 ], [ 17.786406724309398, 54.809046967273048 ], [ 17.786516122081164, 54.80901613749996 ], [ 17.786603671172323, 54.808967290578401 ], [ 17.786660801659643, 54.808905208039711 ], [ 17.786681921317669, 54.808835967000924 ] ] ] ] } },
{ "type": "Feature", "properties": { "ID": "T_0268", "Easting": 421668.98, "Northing": 772424.63, "ID MAG": 2174, "Estimated_": null, "Depth_of_b": null, "Peak_to_Pe": 16.29, "Instrument": 2.83, "Bottom_Dep": -3.91, "Type _of_g": "pUXO", "Risk_Class": null, "Priority": "2", "Sector": "315", "Comments": null, "EAST": null, "NORTH": null, "ID_MAG": null, "FERR_MASS": null, "DOB": null, "AMPLITUDE": null, "ALTITUDE": null, "DEPTH": null, "TYPE": null, "RISK": null, "COMMENT": null, "layer": "PEJ_GEO_315_343_drone_MTL", "In_Corr": "no" }, "geometry": { "type": "MultiPolygon", "coordinates": [ [ [ [ 17.781242756755869, 54.809263246130776 ], [ 17.781225807619261, 54.809193623697468 ], [ 17.781172439448881, 54.809130433985359 ], [ 17.781087876411057, 54.809079862401461 ], [ 17.780980396133348, 54.80904685919041 ], [ 17.780860519429542, 54.809034654890858 ], [ 17.780739980489059, 54.809044444125185 ], [ 17.780630578320579, 54.809075268669041 ], [ 17.780543021852626, 54.809124111243534 ], [ 17.780485881714082, 54.809186190851534 ], [ 17.780464751284487, 54.809255430754057 ], [ 17.780481699135084, 54.809325053286514 ], [ 17.780535066474847, 54.809388243296262 ], [ 17.780619629454705, 54.809438815262602 ], [ 17.78072711046925, 54.809471818794776 ], [ 17.780846988423242, 54.809484023231512 ], [ 17.780967528649732, 54.809474233898015 ], [ 17.781076931648833, 54.809443409056527 ], [ 17.781164488174756, 54.809394566099606 ], [ 17.781221627576464, 54.809332486170483 ], [ 17.781242756755869, 54.809263246130776 ] ] ] ] } },
{ "type": "Feature", "properties": { "ID": "T_0269", "Easting": 422088.88, "Northing": 772386.48, "ID MAG": 2175, "Estimated_": null, "Depth_of_b": null, "Peak_to_Pe": 7.0, "Instrument": 2.87, "Bottom_Dep": -4.39, "Type _of_g": "pUXO", "Risk_Class": null, "Priority": "2", "Sector": "315", "Comments": null, "EAST": null, "NORTH": null, "ID_MAG": null, "FERR_MASS": null, "DOB": null, "AMPLITUDE": null, "ALTITUDE": null, "DEPTH": null, "TYPE": null, "RISK": null, "COMMENT": null, "layer": "PEJ_GEO_315_343_drone_MTL", "In_Corr": "no" }, "geometry": { "type": "MultiPolygon", "coordinates": [ [ [ [ 17.787786726941068, 54.808985813977664 ], [ 17.787769766647138, 54.808916192399877 ], [ 17.787716388580158, 54.808853005513697 ], [ 17.78763181787517, 54.808802438449483 ], [ 17.787524332910209, 54.808769441009495 ], [ 17.787404454957834, 54.808757243167484 ], [ 17.787283918329678, 54.8087670389137 ], [ 17.78717452180809, 54.808797869386396 ], [ 17.787086973768872, 54.808846716726357 ], [ 17.78702984401589, 54.808908799469918 ], [ 17.787008724912106, 54.808978040571198 ], [ 17.787025683920128, 54.809047662248247 ], [ 17.787079061156746, 54.80911084943213 ], [ 17.787163631804077, 54.809161416878766 ], [ 17.787271117506126, 54.809194414639812 ], [ 17.787390996708776, 54.809206612618929 ], [ 17.787511534622837, 54.809196816773429 ], [ 17.787620931974786, 54.809165986003045 ], [ 17.787708480071654, 54.809117138280662 ], [ 17.787765609087554, 54.809055055216021 ], [ 17.787786726941068, 54.808985813977664 ] ] ] ] } },
{ "type": "Feature", "properties": { "ID": "T_0273", "Easting": 421647.33, "Northing": 772431.28, "ID MAG": 2179, "Estimated_": null, "Depth_of_b": null, "Peak_to_Pe": 6.38, "Instrument": 3.28, "Bottom_Dep": -4.11, "Type _of_g": "pUXO", "Risk_Class": null, "Priority": "2", "Sector": "315", "Comments": null, "EAST": null, "NORTH": null, "ID_MAG": null, "FERR_MASS": null, "DOB": null, "AMPLITUDE": null, "ALTITUDE": null, "DEPTH": null, "TYPE": null, "RISK": null, "COMMENT": null, "layer": "PEJ_GEO_315_343_drone_MTL", "In_Corr": "no" }, "geometry": { "type": "MultiPolygon", "coordinates": [ [ [ [ 17.780904080790457, 54.809319628674849 ], [ 17.780887132214783, 54.809250006197693 ], [ 17.780833764502201, 54.809186816339498 ], [ 17.780749201774238, 54.809136244521589 ], [ 17.780641721628115, 54.809103241011549 ], [ 17.780521844864733, 54.809091036377268 ], [ 17.780401305679355, 54.809100825273873 ], [ 17.780291903104633, 54.8091316495101 ], [ 17.780204346108842, 54.809180491837168 ], [ 17.78014720537254, 54.809242571282127 ], [ 17.780126074333779, 54.809311811122015 ], [ 17.780143021623431, 54.809381433698327 ], [ 17.780196388505374, 54.809444623854155 ], [ 17.78028095117536, 54.809495196054478 ], [ 17.780388432058313, 54.809528199885662 ], [ 17.780508310071873, 54.809540404657142 ], [ 17.78062885054327, 54.809530615661359 ], [ 17.780738253948634, 54.809499791127507 ], [ 17.780825811002401, 54.809450948418032 ], [ 17.780882951001878, 54.809388868651915 ], [ 17.780904080790457, 54.809319628674849 ] ] ] ] } },
{ "type": "Feature", "properties": { "ID": "T_0274", "Easting": 422094.15, "Northing": 772476.75, "ID MAG": 2180, "Estimated_": null, "Depth_of_b": null, "Peak_to_Pe": 6.76, "Instrument": 2.74, "Bottom_Dep": null, "Type _of_g": "pUXO", "Risk_Class": null, "Priority": "3", "Sector": "315", "Comments": null, "EAST": null, "NORTH": null, "ID_MAG": null, "FERR_MASS": null, "DOB": null, "AMPLITUDE": null, "ALTITUDE": null, "DEPTH": null, "TYPE": null, "RISK": null, "COMMENT": null, "layer": "PEJ_GEO_315_343_drone_MTL", "In_Corr": "no" }, "geometry": { "type": "MultiPolygon", "coordinates": [ [ [ [ 17.787844439678015, 54.80979792469428 ], [ 17.787827478965358, 54.809728303131557 ], [ 17.787774099756174, 54.809665116273287 ], [ 17.787689527297307, 54.809614549247151 ], [ 17.787582040138478, 54.809581551851672 ], [ 17.787462159766996, 54.809569354056201 ], [ 17.787341620731283, 54.809579149846492 ], [ 17.787232222049344, 54.80960998035642 ], [ 17.787144672308447, 54.809658827723176 ], [ 17.787087541479028, 54.809720910480458 ], [ 17.787066422029429, 54.809790151581048 ], [ 17.787083381456114, 54.809859773243069 ], [ 17.787136759834898, 54.809922960399035 ], [ 17.787221332236108, 54.809973527807607 ], [ 17.787328820132061, 54.810006525524159 ], [ 17.787448701753881, 54.810018723456722 ], [ 17.787569242075563, 54.810008927567168 ], [ 17.787678641587902, 54.809978096759522 ], [ 17.787766191386456, 54.809929249010331 ], [ 17.787823321478751, 54.809867165931969 ], [ 17.787844439678015, 54.80979792469428 ] ] ] ] } },
{ "type": "Feature", "properties": { "ID": "T_0280", "Easting": 421669.66, "Northing": 772240.33, "ID MAG": 2186, "Estimated_": null, "Depth_of_b": null, "Peak_to_Pe": 49.82, "Instrument": 2.39, "Bottom_Dep": -3.46, "Type _of_g": "pUXO", "Risk_Class": null, "Priority": "2", "Sector": "315", "Comments": null, "EAST": null, "NORTH": null, "ID_MAG": null, "FERR_MASS": null, "DOB": null, "AMPLITUDE": null, "ALTITUDE": null, "DEPTH": null, "TYPE": null, "RISK": null, "COMMENT": null, "layer": "PEJ_GEO_315_343_drone_MTL", "In_Corr": "no" }, "geometry": { "type": "MultiPolygon", "coordinates": [ [ [ [ 17.781303194037459, 54.807606980194208 ], [ 17.781286245447404, 54.807537357753603 ], [ 17.78123287932657, 54.807474168061567 ], [ 17.781148319640657, 54.807423596523122 ], [ 17.781040843689116, 54.807390593378493 ], [ 17.780920971862262, 54.80737838915983 ], [ 17.780800437872141, 54.807388178481574 ], [ 17.780691040242882, 54.80741900311083 ], [ 17.780603487458688, 54.807467845760364 ], [ 17.780546349787851, 54.807529925425655 ], [ 17.780525220368343, 54.807599165362134 ], [ 17.780542167672522, 54.807668787901896 ], [ 17.78059553296282, 54.807731977891557 ], [ 17.780680092590778, 54.807782549812408 ], [ 17.780787569279081, 54.807815553278132 ], [ 17.780907442356, 54.80782775763398 ], [ 17.781027977631997, 54.807817968213079 ], [ 17.781137376091788, 54.807787143286212 ], [ 17.781224928933938, 54.807738300254272 ], [ 17.781282065868016, 54.807676220267865 ], [ 17.781303194037459, 54.807606980194208 ] ] ] ] } },
{ "type": "Feature", "properties": { "ID": "T_0288", "Easting": 421689.7, "Northing": 772028.8, "ID MAG": 2165, "Estimated_": null, "Depth_of_b": null, "Peak_to_Pe": 77.56, "Instrument": null, "Bottom_Dep": null, "Type _of_g": "pUXO", "Risk_Class": null, "Priority": "2", "Sector": "315", "Comments": null, "EAST": null, "NORTH": null, "ID_MAG": null, "FERR_MASS": null, "DOB": null, "AMPLITUDE": null, "ALTITUDE": null, "DEPTH": null, "TYPE": null, "RISK": null, "COMMENT": null, "layer": "PEJ_GEO_315_343_drone_MTL", "In_Corr": "no" }, "geometry": { "type": "MultiPolygon", "coordinates": [ [ [ [ 17.781672207680202, 54.805709011899879 ], [ 17.781655259200377, 54.80563938949021 ], [ 17.781601894958193, 54.805576199950615 ], [ 17.781517338735433, 54.805525628671255 ], [ 17.781409867492549, 54.805492625866982 ], [ 17.781290001158951, 54.805480422036609 ], [ 17.781169472908985, 54.805490211756613 ], [ 17.781060080704922, 54.805521036755067 ], [ 17.780972532499909, 54.805569879708628 ], [ 17.780915398114018, 54.805631959583003 ], [ 17.78089427036365, 54.805701199613154 ], [ 17.780911217557751, 54.805770822121993 ], [ 17.78096458096951, 54.805834011959185 ], [ 17.781049137134339, 54.805884583620923 ], [ 17.781156609113914, 54.805917586746283 ], [ 17.781276476697435, 54.805929790713819 ], [ 17.781397006233121, 54.805920000894666 ], [ 17.781506399267613, 54.805889175598601 ], [ 17.781593947530553, 54.805840332262655 ], [ 17.781651081179756, 54.805778252067199 ], [ 17.781672207680202, 54.805709011899879 ] ] ] ] } },
{ "type": "Feature", "properties": { "ID": "T_0297", "Easting": 422758.1, "Northing": 772192.4, "ID MAG": 2194, "Estimated_": null, "Depth_of_b": null, "Peak_to_Pe": 37.91, "Instrument": null, "Bottom_Dep": null, "Type _of_g": "pUXO", "Risk_Class": null, "Priority": "3", "Sector": "A4", "Comments": null, "EAST": null, "NORTH": null, "ID_MAG": null, "FERR_MASS": null, "DOB": null, "AMPLITUDE": null, "ALTITUDE": null, "DEPTH": null, "TYPE": null, "RISK": null, "COMMENT": null, "layer": "PEJ_GEO_315_343_drone_MTL", "In_Corr": "no" }, "geometry": { "type": "MultiPolygon", "coordinates": [ [ [ [ 17.798251624776075, 54.807345096760457 ], [ 17.798234647112174, 54.807275476541598 ], [ 17.798181254771645, 54.807212294171727 ], [ 17.798096674286665, 54.807161734339104 ], [ 17.79798918499252, 54.807128746138133 ], [ 17.797869308585501, 54.80711655863815 ], [ 17.797748779225969, 54.807126364817123 ], [ 17.797639394984795, 54.807157204792063 ], [ 17.797551863035761, 54.807206059773648 ], [ 17.797494751607786, 54.807268147550189 ], [ 17.797473651270096, 54.807337390583143 ], [ 17.797490627648358, 54.807407010901407 ], [ 17.797544019158991, 54.807470193569067 ], [ 17.797628599586826, 54.807520753784097 ], [ 17.797736089618393, 54.807553742306048 ], [ 17.79785596727573, 54.807565929942946 ], [ 17.797976497920903, 54.807556123664547 ], [ 17.79808588299197, 54.807525283391804 ], [ 17.798173414998153, 54.807476428027812 ], [ 17.798230525688709, 54.807414339930311 ], [ 17.798251624776075, 54.807345096760457 ] ] ] ] } },
{ "type": "Feature", "properties": { "ID": "T_0298", "Easting": 422754.2, "Northing": 772191.8, "ID MAG": 2195, "Estimated_": null, "Depth_of_b": null, "Peak_to_Pe": 22.48, "Instrument": null, "Bottom_Dep": null, "Type _of_g": "pUXO", "Risk_Class": null, "Priority": "3", "Sector": "A4", "Comments": null, "EAST": null, "NORTH": null, "ID_MAG": null, "FERR_MASS": null, "DOB": null, "AMPLITUDE": null, "ALTITUDE": null, "DEPTH": null, "TYPE": null, "RISK": null, "COMMENT": null, "layer": "PEJ_GEO_315_343_drone_MTL", "In_Corr": "no" }, "geometry": { "type": "MultiPolygon", "coordinates": [ [ [ [ 17.798191102881304, 54.807339103401588 ], [ 17.79817412532395, 54.807269483174728 ], [ 17.798120733086019, 54.807206300778681 ], [ 17.79803615268964, 54.807155740904278 ], [ 17.797928663461434, 54.807122752649974 ], [ 17.797808787091235, 54.807110565090355 ], [ 17.797688257735793, 54.807120371209272 ], [ 17.797578873465593, 54.80715121112955 ], [ 17.797491341457246, 54.807200066067224 ], [ 17.797434229945477, 54.807262153814939 ], [ 17.797413129507724, 54.807331396836922 ], [ 17.797430105779434, 54.807401017163208 ], [ 17.797483497187475, 54.807464199857051 ], [ 17.797568077526702, 54.807514760113868 ], [ 17.797675567492327, 54.807547748689124 ], [ 17.797795445112847, 54.807559936385637 ], [ 17.797915975753931, 54.807550130167321 ], [ 17.798025360854023, 54.807519289949262 ], [ 17.798112892919523, 54.80747043462916 ], [ 17.798170003693869, 54.8074083465605 ], [ 17.798191102881304, 54.807339103401588 ] ] ] ] } },
{ "type": "Feature", "properties": { "ID": "T_0299", "Easting": 422712.8, "Northing": 772183.9, "ID MAG": 2196, "Estimated_": null, "Depth_of_b": null, "Peak_to_Pe": 119.71, "Instrument": null, "Bottom_Dep": null, "Type _of_g": "pUXO", "Risk_Class": null, "Priority": "3", "Sector": "A4", "Comments": null, "EAST": null, "NORTH": null, "ID_MAG": null, "FERR_MASS": null, "DOB": null, "AMPLITUDE": null, "ALTITUDE": null, "DEPTH": null, "TYPE": null, "RISK": null, "COMMENT": null, "layer": "PEJ_GEO_315_343_drone_MTL", "In_Corr": "no" }, "geometry": { "type": "MultiPolygon", "coordinates": [ [ [ [ 17.797549049376784, 54.807261722062592 ], [ 17.797532072955175, 54.807192101750644 ], [ 17.79747868182352, 54.807128919076767 ], [ 17.797394102395675, 54.807078358759021 ], [ 17.797286613903445, 54.807045369939246 ], [ 17.797166737964634, 54.807033181747386 ], [ 17.797046208693768, 54.807042987229124 ], [ 17.796936824153043, 54.80707382656972 ], [ 17.796849291545559, 54.807122681041925 ], [ 17.796792179164679, 54.807184768483957 ], [ 17.796771077672915, 54.807254011389965 ], [ 17.796788052808882, 54.807323631801317 ], [ 17.796841443110623, 54.807386814772954 ], [ 17.796926022481291, 54.807437375473121 ], [ 17.797033511710907, 54.807470364613856 ], [ 17.797153388900021, 54.807482552942638 ], [ 17.797273919456533, 54.807472747361487 ], [ 17.797383304827168, 54.80744190772311 ], [ 17.797470837491836, 54.807393052868491 ], [ 17.797527949135322, 54.807330965105514 ], [ 17.797549049376784, 54.807261722062592 ] ] ] ] } },
{ "type": "Feature", "properties": { "ID": "T_0300", "Easting": 422987.8, "Northing": 772273.2, "ID MAG": 2197, "Estimated_": null, "Depth_of_b": null, "Peak_to_Pe": 26.57, "Instrument": null, "Bottom_Dep": null, "Type _of_g": "pUXO", "Risk_Class": null, "Priority": "3", "Sector": "A4", "Comments": null, "EAST": null, "NORTH": null, "ID_MAG": null, "FERR_MASS": null, "DOB": null, "AMPLITUDE": null, "ALTITUDE": null, "DEPTH": null, "TYPE": null, "RISK": null, "COMMENT": null, "layer": "PEJ_GEO_315_343_drone_MTL", "In_Corr": "no" }, "geometry": { "type": "MultiPolygon", "coordinates": [ [ [ [ 17.801804150804369, 54.80810661990629 ], [ 17.801787166724864, 54.808037000161441 ], [ 17.801733767831251, 54.80797381933013 ], [ 17.801649181297151, 54.807923261950009 ], [ 17.801541687049955, 54.807890276875376 ], [ 17.801421807270771, 54.807878092869601 ], [ 17.801301276450026, 54.807887902568595 ], [ 17.801191892801636, 54.807918745744821 ], [ 17.801104363441357, 54.80796760329558 ], [ 17.801047256344734, 54.808029692757721 ], [ 17.801026161657038, 54.808098936427662 ], [ 17.801043144450883, 54.808168556271994 ], [ 17.801096542514699, 54.808231737401151 ], [ 17.801181128991818, 54.808282295163686 ], [ 17.80128862397661, 54.808315280559249 ], [ 17.801408505006236, 54.808327464701897 ], [ 17.801529037112637, 54.808317654903412 ], [ 17.801638421590823, 54.808286811429355 ], [ 17.801725951008084, 54.808237953496182 ], [ 17.801783057367107, 54.808175863713103 ], [ 17.801804150804369, 54.80810661990629 ] ] ] ] } },
{ "type": "Feature", "properties": { "ID": "T_0301", "Easting": 422949.3, "Northing": 772275.4, "ID MAG": 2198, "Estimated_": null, "Depth_of_b": null, "Peak_to_Pe": 195.08, "Instrument": null, "Bottom_Dep": null, "Type _of_g": "pUXO", "Risk_Class": null, "Priority": "3", "Sector": "A4", "Comments": null, "EAST": null, "NORTH": null, "ID_MAG": null, "FERR_MASS": null, "DOB": null, "AMPLITUDE": null, "ALTITUDE": null, "DEPTH": null, "TYPE": null, "RISK": null, "COMMENT": null, "layer": "PEJ_GEO_315_343_drone_MTL", "In_Corr": "no" }, "geometry": { "type": "MultiPolygon", "coordinates": [ [ [ [ 17.80120451372575, 54.808120476428321 ], [ 17.801187530673058, 54.808050856604751 ], [ 17.801134132701055, 54.807987675514255 ], [ 17.801049546893147, 54.807937117719867 ], [ 17.800942053105658, 54.807904132116427 ], [ 17.800822173474693, 54.807891947519046 ], [ 17.800701642476174, 54.807901756621575 ], [ 17.800592258341414, 54.807932599254848 ], [ 17.800504728233779, 54.807981456369312 ], [ 17.800447620201961, 54.808043545544535 ], [ 17.800426524482777, 54.80811278910501 ], [ 17.80044350624981, 54.808182409028042 ], [ 17.800496903391991, 54.808245590416362 ], [ 17.800581489142889, 54.808296148593186 ], [ 17.800688983667953, 54.808329134517571 ], [ 17.800808864549346, 54.808341319251817 ], [ 17.800929396833531, 54.808331510049804 ], [ 17.801038781798113, 54.808300667118715 ], [ 17.801126311962754, 54.808251809621822 ], [ 17.801183419256997, 54.808189720125675 ], [ 17.80120451372575, 54.808120476428321 ] ] ] ] } },
{ "type": "Feature", "properties": { "ID": "T_0303", "Easting": 423291.00000000006, "Northing": 772267.5, "ID MAG": 2200, "Estimated_": null, "Depth_of_b": null, "Peak_to_Pe": 172.92, "Instrument": null, "Bottom_Dep": null, "Type _of_g": "pUXO", "Risk_Class": null, "Priority": "3", "Sector": "A4", "Comments": null, "EAST": null, "NORTH": null, "ID_MAG": null, "FERR_MASS": null, "DOB": null, "AMPLITUDE": null, "ALTITUDE": null, "DEPTH": null, "TYPE": null, "RISK": null, "COMMENT": null, "layer": "PEJ_GEO_315_343_drone_MTL", "In_Corr": "no" }, "geometry": { "type": "MultiPolygon", "coordinates": [ [ [ [ 17.806523394879907, 54.808101877249733 ], [ 17.806506402678224, 54.808032258125607 ], [ 17.806452996396455, 54.807969079334697 ], [ 17.806368403931394, 54.807918525214944 ], [ 17.806260905790978, 54.807885544301534 ], [ 17.806141024537375, 54.807873364950446 ], [ 17.806020494805331, 54.807883179341999 ], [ 17.805911114702198, 54.807914026789312 ], [ 17.805823590996727, 54.807962887771644 ], [ 17.805766491110958, 54.808024979489907 ], [ 17.805745404484345, 54.808094224019683 ], [ 17.805762395400432, 54.808163843243385 ], [ 17.805815800852582, 54.808227022332169 ], [ 17.805900393260881, 54.808277576834335 ], [ 17.806007892139082, 54.808310558068648 ], [ 17.806127774643201, 54.808322737556537 ], [ 17.806248305660841, 54.808312923065415 ], [ 17.806357686593593, 54.808282075320214 ], [ 17.806445210355822, 54.808233213955461 ], [ 17.806502309503806, 54.808171121916317 ], [ 17.806523394879907, 54.808101877249733 ] ] ] ] } },
{ "type": "Feature", "properties": { "ID": "T_0304", "Easting": 423186.5, "Northing": 772283.4, "ID MAG": 2201, "Estimated_": null, "Depth_of_b": null, "Peak_to_Pe": 19.99, "Instrument": null, "Bottom_Dep": null, "Type _of_g": "pUXO", "Risk_Class": null, "Priority": "3", "Sector": "A4", "Comments": null, "EAST": null, "NORTH": null, "ID_MAG": null, "FERR_MASS": null, "DOB": null, "AMPLITUDE": null, "ALTITUDE": null, "DEPTH": null, "TYPE": null, "RISK": null, "COMMENT": null, "layer": "PEJ_GEO_315_343_drone_MTL", "In_Corr": "no" }, "geometry": { "type": "MultiPolygon", "coordinates": [ [ [ [ 17.804893177523624, 54.808228776742666 ], [ 17.804876188078268, 54.8081591574052 ], [ 17.804822784186285, 54.808095977909872 ], [ 17.804738193510563, 54.808045422663589 ], [ 17.804630696383889, 54.808012440311714 ], [ 17.804510815269207, 54.808000259351132 ], [ 17.804390284787672, 54.808010072119664 ], [ 17.804280903119992, 54.808040918089304 ], [ 17.80419337718806, 54.80808977788395 ], [ 17.804136274631844, 54.808151868820765 ], [ 17.804115185152188, 54.808221113051871 ], [ 17.804132173311924, 54.808290732488835 ], [ 17.804185576374216, 54.80835391228203 ], [ 17.804270166993099, 54.808404467910748 ], [ 17.804377664857501, 54.808437450583533 ], [ 17.804497547222681, 54.808449631680929 ], [ 17.804618078989844, 54.808439818812872 ], [ 17.804727461487214, 54.808408972545337 ], [ 17.804814987475979, 54.808360112368291 ], [ 17.804872089294474, 54.808298021110559 ], [ 17.804893177523624, 54.808228776742666 ] ] ] ] } },
{ "type": "Feature", "properties": { "ID": "T_0305", "Easting": 423172.8, "Northing": 772292.4, "ID MAG": 2202, "Estimated_": null, "Depth_of_b": null, "Peak_to_Pe": 48.37, "Instrument": null, "Bottom_Dep": null, "Type _of_g": "pUXO", "Risk_Class": null, "Priority": "3", "Sector": "A4", "Comments": null, "EAST": null, "NORTH": null, "ID_MAG": null, "FERR_MASS": null, "DOB": null, "AMPLITUDE": null, "ALTITUDE": null, "DEPTH": null, "TYPE": null, "RISK": null, "COMMENT": null, "layer": "PEJ_GEO_315_343_drone_MTL", "In_Corr": "no" }, "geometry": { "type": "MultiPolygon", "coordinates": [ [ [ [ 17.804677619673981, 54.808307564411237 ], [ 17.804660630568634, 54.808237945046137 ], [ 17.804607226912289, 54.80817476545792 ], [ 17.804522636344768, 54.808124210062523 ], [ 17.804415139188258, 54.808091227519995 ], [ 17.804295257908638, 54.808079046345817 ], [ 17.804174727143202, 54.808088858898735 ], [ 17.80406534510044, 54.808119704671853 ], [ 17.803977818738971, 54.808168564308303 ], [ 17.803920715740805, 54.808230655140719 ], [ 17.80389962585004, 54.808299899331466 ], [ 17.803916613669752, 54.80836951879607 ], [ 17.803970016496397, 54.808432698682154 ], [ 17.804054607007075, 54.808483254459972 ], [ 17.804162104901302, 54.808516237323424 ], [ 17.804281987431423, 54.808528418634445 ], [ 17.804402519482498, 54.80851860598198 ], [ 17.804511902354957, 54.808487759910989 ], [ 17.804599428773273, 54.808438899892124 ], [ 17.804656531033718, 54.808376808738778 ], [ 17.804677619673981, 54.808307564411237 ] ] ] ] } },
{ "type": "Feature", "properties": { "ID": "T_0306", "Easting": 423170.2, "Northing": 772308.7, "ID MAG": 2203, "Estimated_": null, "Depth_of_b": null, "Peak_to_Pe": 22.85, "Instrument": null, "Bottom_Dep": null, "Type _of_g": "pUXO", "Risk_Class": null, "Priority": "3", "Sector": "A4", "Comments": null, "EAST": null, "NORTH": null, "ID_MAG": null, "FERR_MASS": null, "DOB": null, "AMPLITUDE": null, "ALTITUDE": null, "DEPTH": null, "TYPE": null, "RISK": null, "COMMENT": null, "layer": "PEJ_GEO_315_343_drone_MTL", "In_Corr": "no" }, "geometry": { "type": "MultiPolygon", "coordinates": [ [ [ [ 17.804632839051266, 54.808453661332706 ], [ 17.804615849965405, 54.808384041963073 ], [ 17.804562446189887, 54.808320862356034 ], [ 17.804477855376195, 54.808270306929415 ], [ 17.804370357870628, 54.808237324346265 ], [ 17.80425047617322, 54.80822514312608 ], [ 17.80412994496216, 54.808234955632095 ], [ 17.804020562489566, 54.808265801362026 ], [ 17.803933035756124, 54.808314660963198 ], [ 17.803875932480253, 54.808376751771753 ], [ 17.803854842433243, 54.808445995952312 ], [ 17.803871830233458, 54.808515615421456 ], [ 17.803925233179271, 54.808578795326362 ], [ 17.804009823936113, 54.808629351135416 ], [ 17.804117322179405, 54.808662334039482 ], [ 17.804237205127325, 54.808674515396483 ], [ 17.804357737624031, 54.808664702790935 ], [ 17.804467120926329, 54.808633856763123 ], [ 17.804554647716625, 54.808584996779544 ], [ 17.804611750254768, 54.808522905650072 ], [ 17.804632839051266, 54.808453661332706 ] ] ] ] } },
{ "type": "Feature", "properties": { "ID": "T_0307", "Easting": 423169.1, "Northing": 772303.0, "ID MAG": 2204, "Estimated_": null, "Depth_of_b": null, "Peak_to_Pe": 38.17, "Instrument": null, "Bottom_Dep": null, "Type _of_g": "pUXO", "Risk_Class": null, "Priority": "3", "Sector": "A4", "Comments": null, "EAST": null, "NORTH": null, "ID_MAG": null, "FERR_MASS": null, "DOB": null, "AMPLITUDE": null, "ALTITUDE": null, "DEPTH": null, "TYPE": null, "RISK": null, "COMMENT": null, "layer": "PEJ_GEO_315_343_drone_MTL", "In_Corr": "no" }, "geometry": { "type": "MultiPolygon", "coordinates": [ [ [ [ 17.804617235548314, 54.808402264301996 ], [ 17.804600246509576, 54.808332644929848 ], [ 17.804546842825115, 54.808269465315867 ], [ 17.804462252137501, 54.808218909878569 ], [ 17.804354754780686, 54.808185927282061 ], [ 17.804234873240148, 54.808173746047132 ], [ 17.804114342178718, 54.808183558538467 ], [ 17.804004959833868, 54.808214404255217 ], [ 17.803917433193778, 54.808263263845994 ], [ 17.803860329967737, 54.808325354647948 ], [ 17.803839239922151, 54.808394598826375 ], [ 17.80385622767524, 54.808464218298063 ], [ 17.803909630529997, 54.808527398209911 ], [ 17.80399422116076, 54.808577954029623 ], [ 17.8041017192553, 54.808610936947055 ], [ 17.804221602046347, 54.808623118318806 ], [ 17.804342134393423, 54.808613305727931 ], [ 17.804451517567976, 54.808582459713321 ], [ 17.804539044264914, 54.808533599740123 ], [ 17.804596146753234, 54.808471508617245 ], [ 17.804617235548314, 54.808402264301996 ] ] ] ] } },
{ "type": "Feature", "properties": { "ID": "T_0308", "Easting": 423164.4, "Northing": 772324.5, "ID MAG": 2205, "Estimated_": null, "Depth_of_b": null, "Peak_to_Pe": 34.36, "Instrument": null, "Bottom_Dep": null, "Type _of_g": "pUXO", "Risk_Class": null, "Priority": "3", "Sector": "A4", "Comments": null, "EAST": null, "NORTH": null, "ID_MAG": null, "FERR_MASS": null, "DOB": null, "AMPLITUDE": null, "ALTITUDE": null, "DEPTH": null, "TYPE": null, "RISK": null, "COMMENT": null, "layer": "PEJ_GEO_315_343_drone_MTL", "In_Corr": "no" }, "geometry": { "type": "MultiPolygon", "coordinates": [ [ [ [ 17.804538398802986, 54.808594774055273 ], [ 17.804521409824066, 54.808525154674527 ], [ 17.804468006013639, 54.808461975027186 ], [ 17.804383415026617, 54.808411419535027 ], [ 17.804275917226253, 54.808378436867535 ], [ 17.80415603514145, 54.808366255552414 ], [ 17.804035503488315, 54.808376067962257 ], [ 17.803926120562235, 54.808406913604124 ], [ 17.80383859340828, 54.808455773134 ], [ 17.803781489786036, 54.808517863895013 ], [ 17.8037603995007, 54.808587108056415 ], [ 17.803777387193968, 54.808656727536679 ], [ 17.803830790174672, 54.808719907481887 ], [ 17.80391538110484, 54.808770463356488 ], [ 17.804022879642929, 54.808803446344889 ], [ 17.804142762978255, 54.808815627796832 ], [ 17.80426329591705, 54.808805815287464 ], [ 17.804372679672849, 54.808774969347731 ], [ 17.804460206883661, 54.808726109435405 ], [ 17.804517309768176, 54.808664018353504 ], [ 17.804538398802986, 54.808594774055273 ] ] ] ] } },
{ "type": "Feature", "properties": { "ID": "T_0316", "Easting": 422142.5, "Northing": 772177.3, "ID MAG": 2213, "Estimated_": null, "Depth_of_b": null, "Peak_to_Pe": 8.03, "Instrument": null, "Bottom_Dep": null, "Type _of_g": "pUXO", "Risk_Class": null, "Priority": "2", "Sector": "315", "Comments": null, "EAST": null, "NORTH": null, "ID_MAG": null, "FERR_MASS": null, "DOB": null, "AMPLITUDE": null, "ALTITUDE": null, "DEPTH": null, "TYPE": null, "RISK": null, "COMMENT": null, "layer": "PEJ_GEO_315_343_drone_MTL", "In_Corr": "no" }, "geometry": { "type": "MultiPolygon", "coordinates": [ [ [ [ 17.788677300632081, 54.807114161442634 ], [ 17.788660339541007, 54.807044539964458 ], [ 17.788606962502225, 54.806981353456145 ], [ 17.788522394550117, 54.806930787011105 ], [ 17.788414913793229, 54.806897790370954 ], [ 17.788295041092226, 54.806885593431147 ], [ 17.788174510244719, 54.806895390093665 ], [ 17.78806511946722, 54.806926221407018 ], [ 17.787977576573279, 54.806975069429711 ], [ 17.787920450863119, 54.807037152631295 ], [ 17.787899334303948, 54.807106393920996 ], [ 17.78791629410928, 54.807176015498456 ], [ 17.787969670317828, 54.807239202304451 ], [ 17.788054238212332, 54.807289769131891 ], [ 17.788161719706249, 54.80732276609308 ], [ 17.788281593657398, 54.807334963169957 ], [ 17.788402125790654, 54.807325166408162 ], [ 17.788511517398387, 54.807294334797128 ], [ 17.788599060349927, 54.807245486392013 ], [ 17.78865618532306, 54.807183402869398 ], [ 17.788677300632081, 54.807114161442634 ] ] ] ] } },
{ "type": "Feature", "properties": { "ID": "T_0317", "Easting": 422135.2, "Northing": 772172.1, "ID MAG": 2214, "Estimated_": null, "Depth_of_b": null, "Peak_to_Pe": 8.41, "Instrument": null, "Bottom_Dep": null, "Type _of_g": "pUXO", "Risk_Class": null, "Priority": "2", "Sector": "315", "Comments": null, "EAST": null, "NORTH": null, "ID_MAG": null, "FERR_MASS": null, "DOB": null, "AMPLITUDE": null, "ALTITUDE": null, "DEPTH": null, "TYPE": null, "RISK": null, "COMMENT": null, "layer": "PEJ_GEO_315_343_drone_MTL", "In_Corr": "no" }, "geometry": { "type": "MultiPolygon", "coordinates": [ [ [ [ 17.788565115738471, 54.807066293237526 ], [ 17.788548154859342, 54.806996671744187 ], [ 17.788494778058347, 54.806933485187237 ], [ 17.788410210346584, 54.806882918664819 ], [ 17.788302729809075, 54.806849921926144 ], [ 17.788182857285012, 54.806837724876303 ], [ 17.788062326554687, 54.806847521428054 ], [ 17.787952935823142, 54.806878352640744 ], [ 17.787865392899423, 54.806927200582763 ], [ 17.787808267086675, 54.806989283731475 ], [ 17.787787150362146, 54.807058525001381 ], [ 17.787804109955527, 54.807128146593975 ], [ 17.787857485926288, 54.807191333448614 ], [ 17.787942053580448, 54.807241900353439 ], [ 17.788049534854977, 54.807274897413158 ], [ 17.78816940862918, 54.807287094600049 ], [ 17.788289940645249, 54.807277297949042 ], [ 17.788399332207035, 54.807246466438649 ], [ 17.788486875188354, 54.807197618114259 ], [ 17.788544000264082, 54.80713553464448 ], [ 17.788565115738471, 54.807066293237526 ] ] ] ] } },
{ "type": "Feature", "properties": { "ID": "T_0318", "Easting": 422102.3, "Northing": 772199.8, "ID MAG": 2215, "Estimated_": null, "Depth_of_b": null, "Peak_to_Pe": 5.09, "Instrument": null, "Bottom_Dep": null, "Type _of_g": "pUXO", "Risk_Class": null, "Priority": "2", "Sector": "315", "Comments": null, "EAST": null, "NORTH": null, "ID_MAG": null, "FERR_MASS": null, "DOB": null, "AMPLITUDE": null, "ALTITUDE": null, "DEPTH": null, "TYPE": null, "RISK": null, "COMMENT": null, "layer": "PEJ_GEO_315_343_drone_MTL", "In_Corr": "no" }, "geometry": { "type": "MultiPolygon", "coordinates": [ [ [ [ 17.788045763111061, 54.807310133109326 ], [ 17.788028803030116, 54.807240511550098 ], [ 17.787975426727204, 54.807177324769661 ], [ 17.78789085916469, 54.807126757888028 ], [ 17.787783378412989, 54.807093760689597 ], [ 17.787663505332247, 54.807081563124441 ], [ 17.787542973757255, 54.807091359155748 ], [ 17.787433581975737, 54.80712218989386 ], [ 17.787346037899507, 54.807171037453543 ], [ 17.787288910944522, 54.807233120349672 ], [ 17.787267793199845, 54.807302361521408 ], [ 17.787284751995021, 54.807371983179898 ], [ 17.787338127467663, 54.807435170258039 ], [ 17.787422694972545, 54.80748573752205 ], [ 17.787530176461264, 54.807518735041548 ], [ 17.787650050792148, 54.807530932743774 ], [ 17.787770583652911, 54.807521136613197 ], [ 17.787879976264701, 54.80749030557741 ], [ 17.78796752039856, 54.807441457635313 ], [ 17.788024646616531, 54.807379374418133 ], [ 17.788045763111061, 54.807310133109326 ] ] ] ] } },
{ "type": "Feature", "properties": { "ID": "T_0319", "Easting": 422081.4, "Northing": 772176.4, "ID MAG": 2216, "Estimated_": null, "Depth_of_b": null, "Peak_to_Pe": 5.35, "Instrument": null, "Bottom_Dep": null, "Type _of_g": "pUXO", "Risk_Class": null, "Priority": "2", "Sector": "315", "Comments": null, "EAST": null, "NORTH": null, "ID_MAG": null, "FERR_MASS": null, "DOB": null, "AMPLITUDE": null, "ALTITUDE": null, "DEPTH": null, "TYPE": null, "RISK": null, "COMMENT": null, "layer": "PEJ_GEO_315_343_drone_MTL", "In_Corr": "no" }, "geometry": { "type": "MultiPolygon", "coordinates": [ [ [ [ 17.787726867995584, 54.807096580201325 ], [ 17.787709908547583, 54.8070269585983 ], [ 17.787656533020936, 54.806963771679285 ], [ 17.787571966302011, 54.806913204577889 ], [ 17.787464486378649, 54.806880207099994 ], [ 17.787344614029919, 54.806868009223074 ], [ 17.787224083018963, 54.80687780494079 ], [ 17.787114691578289, 54.80690863539418 ], [ 17.787027147586354, 54.80695748272592 ], [ 17.786970020450852, 54.807019565473155 ], [ 17.786948902278521, 54.807088806589633 ], [ 17.786965860440763, 54.80715842829192 ], [ 17.787019235137141, 54.80722161550861 ], [ 17.787103801798423, 54.807272182992392 ], [ 17.787211282458781, 54.807305180791332 ], [ 17.787331156057629, 54.807317378805344 ], [ 17.787451688354345, 54.807307582988358 ], [ 17.787561080625288, 54.8072767522373 ], [ 17.787648624674873, 54.80722790452316 ], [ 17.787705751073378, 54.807165821454866 ], [ 17.787726867995584, 54.807096580201325 ] ] ] ] } },
{ "type": "Feature", "properties": { "ID": "T_0321", "Easting": 422251.5, "Northing": 772105.7, "ID MAG": 2218, "Estimated_": null, "Depth_of_b": null, "Peak_to_Pe": 297.15, "Instrument": null, "Bottom_Dep": null, "Type _of_g": "pUXO", "Risk_Class": null, "Priority": "3", "Sector": "A4", "Comments": null, "EAST": null, "NORTH": null, "ID_MAG": null, "FERR_MASS": null, "DOB": null, "AMPLITUDE": null, "ALTITUDE": null, "DEPTH": null, "TYPE": null, "RISK": null, "COMMENT": null, "layer": "PEJ_GEO_315_343_drone_MTL", "In_Corr": "no" }, "geometry": { "type": "MultiPolygon", "coordinates": [ [ [ [ 17.790392491749323, 54.806487579363136 ], [ 17.790375527952037, 54.806417958104284 ], [ 17.790322149036957, 54.80635477233475 ], [ 17.790237580222119, 54.806304207075613 ], [ 17.790130099700505, 54.806271211952478 ], [ 17.790010228309747, 54.806259016712239 ], [ 17.78988969971919, 54.80626881509054 ], [ 17.789780311924449, 54.806299647967947 ], [ 17.789692772447101, 54.806348497249886 ], [ 17.789635650252944, 54.80641058128257 ], [ 17.789614536965026, 54.806479822893948 ], [ 17.789631499476638, 54.806549444252106 ], [ 17.789684877561577, 54.806612630319336 ], [ 17.789769446318896, 54.806663195960859 ], [ 17.789876927577581, 54.806696191405017 ], [ 17.789996800218464, 54.80670838678229 ], [ 17.790117330094692, 54.806698588304684 ], [ 17.790226718719577, 54.806667755129581 ], [ 17.790314258254444, 54.806618905465264 ], [ 17.79037137971153, 54.806556821111542 ], [ 17.790392491749323, 54.806487579363136 ] ] ] ] } },
{ "type": "Feature", "properties": { "ID": "T_0322", "Easting": 422159.6, "Northing": 772190.2, "ID MAG": 2219, "Estimated_": null, "Depth_of_b": null, "Peak_to_Pe": 7.04, "Instrument": null, "Bottom_Dep": null, "Type _of_g": "pUXO", "Risk_Class": null, "Priority": "3", "Sector": "A4", "Comments": null, "EAST": null, "NORTH": null, "ID_MAG": null, "FERR_MASS": null, "DOB": null, "AMPLITUDE": null, "ALTITUDE": null, "DEPTH": null, "TYPE": null, "RISK": null, "COMMENT": null, "layer": "PEJ_GEO_315_343_drone_MTL", "In_Corr": "no" }, "geometry": { "type": "MultiPolygon", "coordinates": [ [ [ [ 17.788939897625706, 54.807232754210276 ], [ 17.788922936035931, 54.807163132767649 ], [ 17.788869558432076, 54.807099946373242 ], [ 17.788784989903832, 54.807049380109284 ], [ 17.788677508616136, 54.807016383699697 ], [ 17.788557635481617, 54.807004187017363 ], [ 17.788437104340307, 54.807013983939044 ], [ 17.788327713437489, 54.807044815487906 ], [ 17.788240170598979, 54.807093663699405 ], [ 17.78818304511957, 54.807155747024559 ], [ 17.788161928943886, 54.807224988360559 ], [ 17.788178889247909, 54.807294609902449 ], [ 17.788232266021534, 54.807357796594552 ], [ 17.788316834492189, 54.807408363240903 ], [ 17.788424316516931, 54.807441359971541 ], [ 17.788544190901611, 54.807453556790925 ], [ 17.788664723328669, 54.807443759769967 ], [ 17.788774115061717, 54.807412927923409 ], [ 17.788861657957824, 54.807364079329524 ], [ 17.788918782700186, 54.807301995683318 ], [ 17.788939897625706, 54.807232754210276 ] ] ] ] } },
{ "type": "Feature", "properties": { "ID": "T_0323", "Easting": 422151.8, "Northing": 772185.9, "ID MAG": 2220, "Estimated_": null, "Depth_of_b": null, "Peak_to_Pe": 5.48, "Instrument": null, "Bottom_Dep": null, "Type _of_g": "pUXO", "Risk_Class": null, "Priority": "3", "Sector": "A4", "Comments": null, "EAST": null, "NORTH": null, "ID_MAG": null, "FERR_MASS": null, "DOB": null, "AMPLITUDE": null, "ALTITUDE": null, "DEPTH": null, "TYPE": null, "RISK": null, "COMMENT": null, "layer": "PEJ_GEO_315_343_drone_MTL", "In_Corr": "no" }, "geometry": { "type": "MultiPolygon", "coordinates": [ [ [ [ 17.788819690464035, 54.807192897261473 ], [ 17.788802729096876, 54.807123275802716 ], [ 17.788749351732999, 54.807060089356213 ], [ 17.78866478343862, 54.80700952300932 ], [ 17.788557302355784, 54.806976526494083 ], [ 17.788437429377055, 54.806964329693706 ], [ 17.788316898327231, 54.806974126496506 ], [ 17.788207507442632, 54.807004957937302 ], [ 17.788119964547285, 54.8070538060621 ], [ 17.788062838941556, 54.807115889330454 ], [ 17.788041722582435, 54.807185130645045 ], [ 17.788058682663848, 54.807254752203086 ], [ 17.788112059197488, 54.807317938947264 ], [ 17.788196627434274, 54.807368505676564 ], [ 17.788304109254153, 54.807401502512846 ], [ 17.788423983483032, 54.807413699450287 ], [ 17.788544515818607, 54.807403902548195 ], [ 17.78865390753344, 54.80737307080971 ], [ 17.788741450486384, 54.807324222302505 ], [ 17.78879857535507, 54.807262138713135 ], [ 17.788819690464035, 54.807192897261473 ] ] ] ] } },
{ "type": "Feature", "properties": { "ID": "T_0337", "Easting": 422670.7, "Northing": 772224.9, "ID MAG": 2234, "Estimated_": null, "Depth_of_b": null, "Peak_to_Pe": -26.33, "Instrument": null, "Bottom_Dep": null, "Type _of_g": "pUXO", "Risk_Class": null, "Priority": "3", "Sector": "A4", "Comments": null, "EAST": null, "NORTH": null, "ID_MAG": null, "FERR_MASS": null, "DOB": null, "AMPLITUDE": null, "ALTITUDE": null, "DEPTH": null, "TYPE": null, "RISK": null, "COMMENT": null, "layer": "PEJ_GEO_315_343_drone_MTL", "In_Corr": "no" }, "geometry": { "type": "MultiPolygon", "coordinates": [ [ [ [ 17.796883048400204, 54.807623714340195 ], [ 17.796866072982535, 54.80755409394407 ], [ 17.796812682425497, 54.807490910983695 ], [ 17.796728103086693, 54.807440350205141 ], [ 17.796620614189216, 54.807407360795352 ], [ 17.796500737390549, 54.807395171942062 ], [ 17.796380206889374, 54.807404976755663 ], [ 17.796270820868322, 54.807435815486819 ], [ 17.796183286675383, 54.807484669467968 ], [ 17.79612617275912, 54.807546756585353 ], [ 17.796105069932324, 54.807615999364934 ], [ 17.796122044064315, 54.807685619860429 ], [ 17.796175433791397, 54.807748803118585 ], [ 17.796260013072992, 54.80779936427956 ], [ 17.796367502707842, 54.807832354010316 ], [ 17.796487380756833, 54.807844543000563 ], [ 17.796607912543688, 54.80783473808755 ], [ 17.796717299394693, 54.807803899058598 ], [ 17.796804833644849, 54.807755044695057 ], [ 17.796861946823732, 54.807692957256698 ], [ 17.796883048400204, 54.807623714340195 ] ] ] ] } },
{ "type": "Feature", "properties": { "ID": "T_0345", "Easting": 422770.1, "Northing": 772225.0, "ID MAG": 2242, "Estimated_": null, "Depth_of_b": null, "Peak_to_Pe": -6.0, "Instrument": null, "Bottom_Dep": null, "Type _of_g": "pUXO", "Risk_Class": null, "Priority": "3", "Sector": "A4", "Comments": null, "EAST": null, "NORTH": null, "ID_MAG": null, "FERR_MASS": null, "DOB": null, "AMPLITUDE": null, "ALTITUDE": null, "DEPTH": null, "TYPE": null, "RISK": null, "COMMENT": null, "layer": "PEJ_GEO_315_343_drone_MTL", "In_Corr": "no" }, "geometry": { "type": "MultiPolygon", "coordinates": [ [ [ [ 17.798429644023248, 54.80763993564581 ], [ 17.798412665936763, 54.807570315453077 ], [ 17.798359272935318, 54.807507133161245 ], [ 17.798274691615781, 54.807456573450985 ], [ 17.798167201395138, 54.807423585404678 ], [ 17.798047324060366, 54.807411398076539 ], [ 17.797926793862626, 54.807421204427726 ], [ 17.797817408954852, 54.807452044558374 ], [ 17.797729876576067, 54.807500899663928 ], [ 17.797672764997259, 54.807562987520583 ], [ 17.797651664802427, 54.807632230581902 ], [ 17.797668641603249, 54.807701850874075 ], [ 17.797722033774797, 54.807765033463689 ], [ 17.797806615037189, 54.80781559355637 ], [ 17.797914105995275, 54.807848581923629 ], [ 17.798033984580396, 54.807860769388682 ], [ 17.798154516063796, 54.807850962938069 ], [ 17.798263901801466, 54.807820122509625 ], [ 17.798351434237397, 54.807771267021664 ], [ 17.798408545078765, 54.807709178844057 ], [ 17.798429644023248, 54.80763993564581 ] ] ] ] } },
{ "type": "Feature", "properties": { "ID": "T_0347", "Easting": 422744.99999999994, "Northing": 772238.2, "ID MAG": 2244, "Estimated_": null, "Depth_of_b": null, "Peak_to_Pe": 5.04, "Instrument": null, "Bottom_Dep": null, "Type _of_g": "pUXO", "Risk_Class": null, "Priority": "3", "Sector": "A4", "Comments": null, "EAST": null, "NORTH": null, "ID_MAG": null, "FERR_MASS": null, "DOB": null, "AMPLITUDE": null, "ALTITUDE": null, "DEPTH": null, "TYPE": null, "RISK": null, "COMMENT": null, "layer": "PEJ_GEO_315_343_drone_MTL", "In_Corr": "no" }, "geometry": { "type": "MultiPolygon", "coordinates": [ [ [ [ 17.798035576768015, 54.807754702352028 ], [ 17.798018599314705, 54.807685082108556 ], [ 17.797965206782042, 54.80762189964684 ], [ 17.79788062572101, 54.807571339664129 ], [ 17.797773135523293, 54.807538351269486 ], [ 17.797653257973625, 54.807526163551238 ], [ 17.797532727344205, 54.807535969508713 ], [ 17.797423341830218, 54.807566809280594 ], [ 17.797335808730022, 54.80761566409744 ], [ 17.797278696385227, 54.807677751763713 ], [ 17.797257595454802, 54.807746994751618 ], [ 17.797274571622438, 54.807816615094481 ], [ 17.797327963325181, 54.807879797854014 ], [ 17.797412544329053, 54.807930358219139 ], [ 17.797520035264199, 54.807963346934748 ], [ 17.797639914064217, 54.807975534789918 ], [ 17.797760445979311, 54.807965728733024 ], [ 17.797869832323219, 54.807934888663333 ], [ 17.797957365480574, 54.807886033464086 ], [ 17.798014477087939, 54.807823945476841 ], [ 17.798035576768015, 54.807754702352028 ] ] ] ] } },
{ "type": "Feature", "properties": { "ID": "T_0348", "Easting": 422719.6, "Northing": 772241.9, "ID MAG": 2245, "Estimated_": null, "Depth_of_b": null, "Peak_to_Pe": 24.72, "Instrument": null, "Bottom_Dep": null, "Type _of_g": "pUXO", "Risk_Class": null, "Priority": "3", "Sector": "A4", "Comments": null, "EAST": null, "NORTH": null, "ID_MAG": null, "FERR_MASS": null, "DOB": null, "AMPLITUDE": null, "ALTITUDE": null, "DEPTH": null, "TYPE": null, "RISK": null, "COMMENT": null, "layer": "PEJ_GEO_315_343_drone_MTL", "In_Corr": "no" }, "geometry": { "type": "MultiPolygon", "coordinates": [ [ [ [ 17.797639374759253, 54.807784040985567 ], [ 17.797622397976443, 54.807714420690317 ], [ 17.797569006026592, 54.807651238057439 ], [ 17.797484425403631, 54.807600677800984 ], [ 17.797376935456363, 54.807567689056782 ], [ 17.797257057945021, 54.807555500947402 ], [ 17.79713652713804, 54.80756530651044 ], [ 17.797027141247991, 54.807596145923199 ], [ 17.796939607610042, 54.807645000451373 ], [ 17.796882494618433, 54.807707087927682 ], [ 17.796861392995453, 54.807776330842941 ], [ 17.796878368492578, 54.80784595123761 ], [ 17.796931759612498, 54.80790913416827 ], [ 17.797016340178278, 54.807959694807153 ], [ 17.797123830862962, 54.807992683872307 ], [ 17.797243709624652, 54.808004872118623 ], [ 17.797364241717315, 54.807995066456165 ], [ 17.797473628437299, 54.807964226745618 ], [ 17.797561162132428, 54.807915371835023 ], [ 17.797618274386618, 54.807853284037748 ], [ 17.797639374759253, 54.807784040985567 ] ] ] ] } },
{ "type": "Feature", "properties": { "ID": "T_0349", "Easting": 422721.6, "Northing": 772186.2, "ID MAG": 2246, "Estimated_": null, "Depth_of_b": null, "Peak_to_Pe": -13.49, "Instrument": null, "Bottom_Dep": null, "Type _of_g": "pUXO", "Risk_Class": null, "Priority": "3", "Sector": "A4", "Comments": null, "EAST": null, "NORTH": null, "ID_MAG": null, "FERR_MASS": null, "DOB": null, "AMPLITUDE": null, "ALTITUDE": null, "DEPTH": null, "TYPE": null, "RISK": null, "COMMENT": null, "layer": "PEJ_GEO_315_343_drone_MTL", "In_Corr": "no" }, "geometry": { "type": "MultiPolygon", "coordinates": [ [ [ [ 17.797685358645921, 54.807283749703927 ], [ 17.79766838198098, 54.807214129410092 ], [ 17.797614990607212, 54.807150946795218 ], [ 17.79753041096215, 54.807100386571584 ], [ 17.797422922298875, 54.807067397871812 ], [ 17.797303046251926, 54.807055209814116 ], [ 17.797182516946418, 54.807065015431029 ], [ 17.797073132447931, 54.807095854894598 ], [ 17.796985599955438, 54.807144709465511 ], [ 17.79692848775105, 54.807206796972338 ], [ 17.79690738647999, 54.807276039902902 ], [ 17.796924361859286, 54.807345660296143 ], [ 17.796977752403148, 54.80740884320879 ], [ 17.797062331991036, 54.807459403814832 ], [ 17.797169821391705, 54.80749239283557 ], [ 17.797289698688964, 54.807504581030194 ], [ 17.797410229280114, 54.80749477531387 ], [ 17.797519614608504, 54.807463935552512 ], [ 17.797607147158175, 54.807415080599192 ], [ 17.797664258625169, 54.807352992771399 ], [ 17.797685358645921, 54.807283749703927 ] ] ] ] } },
{ "type": "Feature", "properties": { "ID": "T_0350", "Easting": 422701.5, "Northing": 772178.2, "ID MAG": 2247, "Estimated_": null, "Depth_of_b": null, "Peak_to_Pe": -7.45, "Instrument": null, "Bottom_Dep": null, "Type _of_g": "pUXO", "Risk_Class": null, "Priority": "3", "Sector": "A4", "Comments": null, "EAST": null, "NORTH": null, "ID_MAG": null, "FERR_MASS": null, "DOB": null, "AMPLITUDE": null, "ALTITUDE": null, "DEPTH": null, "TYPE": null, "RISK": null, "COMMENT": null, "layer": "PEJ_GEO_315_343_drone_MTL", "In_Corr": "no" }, "geometry": { "type": "MultiPolygon", "coordinates": [ [ [ [ 17.797374749260776, 54.807208751566144 ], [ 17.797357773160073, 54.807139131230819 ], [ 17.797304382370154, 54.807075948481419 ], [ 17.79721980327141, 54.807025388043371 ], [ 17.797112315063448, 54.806992399070332 ], [ 17.796992439336233, 54.806980210707238 ], [ 17.79687191018359, 54.806990016016513 ], [ 17.796762525656135, 54.807020855200335 ], [ 17.796674992955669, 54.807069709546788 ], [ 17.796617880384666, 54.807131796906354 ], [ 17.796596778624231, 54.807201039781319 ], [ 17.796613753439292, 54.807270660216055 ], [ 17.796667143399297, 54.807333843263237 ], [ 17.796751722440849, 54.807384404083685 ], [ 17.796859211386195, 54.807417393377676 ], [ 17.796979088363702, 54.807429581877706 ], [ 17.797099618801994, 54.807419776469011 ], [ 17.797209004159363, 54.807388936987415 ], [ 17.797296536917017, 54.807340082258577 ], [ 17.79735364875064, 54.80727799457803 ], [ 17.797374749260776, 54.807208751566144 ] ] ] ] } },
{ "type": "Feature", "properties": { "ID": "T_0351", "Easting": 422697.8, "Northing": 772177.5, "ID MAG": 2248, "Estimated_": null, "Depth_of_b": null, "Peak_to_Pe": -16.25, "Instrument": null, "Bottom_Dep": null, "Type _of_g": "pUXO", "Risk_Class": null, "Priority": "3", "Sector": "A4", "Comments": null, "EAST": null, "NORTH": null, "ID_MAG": null, "FERR_MASS": null, "DOB": null, "AMPLITUDE": null, "ALTITUDE": null, "DEPTH": null, "TYPE": null, "RISK": null, "COMMENT": null, "layer": "PEJ_GEO_315_343_drone_MTL", "In_Corr": "no" }, "geometry": { "type": "MultiPolygon", "coordinates": [ [ [ [ 17.797317366283107, 54.807201889867741 ], [ 17.797300390283887, 54.8071322695248 ], [ 17.797246999592772, 54.807069086750573 ], [ 17.797162420580477, 54.807018526272913 ], [ 17.797054932438151, 54.806985537249346 ], [ 17.796935056749334, 54.806973348829715 ], [ 17.796814527604084, 54.806983154082069 ], [ 17.796705143052311, 54.807013993214063 ], [ 17.796617610298181, 54.807062847518914 ], [ 17.796560497649423, 54.807124934851174 ], [ 17.79653939579476, 54.807194177715758 ], [ 17.796556370508338, 54.807263798158097 ], [ 17.796609760369535, 54.807326981230098 ], [ 17.796694339324635, 54.80737754209018 ], [ 17.796801828204345, 54.807410531434719 ], [ 17.796921705143454, 54.807422719991251 ], [ 17.797042235574345, 54.807412914639499 ], [ 17.79715162095604, 54.80738207520973 ], [ 17.797239153767357, 54.807333220522473 ], [ 17.797296265678739, 54.807271132869253 ], [ 17.797317366283107, 54.807201889867741 ] ] ] ] } },
{ "type": "Feature", "properties": { "ID": "T_0352", "Easting": 422956.5, "Northing": 772247.5, "ID MAG": 2249, "Estimated_": null, "Depth_of_b": null, "Peak_to_Pe": -11.23, "Instrument": null, "Bottom_Dep": null, "Type _of_g": "pUXO", "Risk_Class": null, "Priority": "3", "Sector": "A4", "Comments": null, "EAST": null, "NORTH": null, "ID_MAG": null, "FERR_MASS": null, "DOB": null, "AMPLITUDE": null, "ALTITUDE": null, "DEPTH": null, "TYPE": null, "RISK": null, "COMMENT": null, "layer": "PEJ_GEO_315_343_drone_MTL", "In_Corr": "no" }, "geometry": { "type": "MultiPolygon", "coordinates": [ [ [ [ 17.801323967429084, 54.807870833514045 ], [ 17.801306984269132, 54.807801213703875 ], [ 17.801253586433432, 54.807738032664084 ], [ 17.801169000992058, 54.807687474952736 ], [ 17.801061507765436, 54.807654489456553 ], [ 17.800941628834789, 54.807642304980135 ], [ 17.800821098607472, 54.80765211420551 ], [ 17.800711715239323, 54.807682956951446 ], [ 17.800624185818666, 54.807731814157421 ], [ 17.800567078326942, 54.807793903393993 ], [ 17.800545982948108, 54.807863146979699 ], [ 17.800562964822419, 54.80793276688933 ], [ 17.800616361828311, 54.80799594822696 ], [ 17.800700947212686, 54.808046506320728 ], [ 17.800808441176873, 54.80807949213785 ], [ 17.800928321357937, 54.808091676751133 ], [ 17.801048852870892, 54.808081867426289 ], [ 17.801158237068844, 54.808051024382515 ], [ 17.801245766546508, 54.808002166794118 ], [ 17.80130287330066, 54.807940077236616 ], [ 17.801323967429084, 54.807870833514045 ] ] ] ] } },
{ "type": "Feature", "properties": { "ID": "T_0354", "Easting": 423039.00000000006, "Northing": 772301.7, "ID MAG": 2251, "Estimated_": null, "Depth_of_b": null, "Peak_to_Pe": -5.01, "Instrument": null, "Bottom_Dep": null, "Type _of_g": "pUXO", "Risk_Class": null, "Priority": "3", "Sector": "A4", "Comments": null, "EAST": null, "NORTH": null, "ID_MAG": null, "FERR_MASS": null, "DOB": null, "AMPLITUDE": null, "ALTITUDE": null, "DEPTH": null, "TYPE": null, "RISK": null, "COMMENT": null, "layer": "PEJ_GEO_315_343_drone_MTL", "In_Corr": "no" }, "geometry": { "type": "MultiPolygon", "coordinates": [ [ [ [ 17.80259323721878, 54.808370624670694 ], [ 17.802576251676815, 54.80830100503205 ], [ 17.802522851204692, 54.808237824542864 ], [ 17.802438263130544, 54.808187267707325 ], [ 17.80233076753251, 54.808154283326424 ], [ 17.80221088672392, 54.808142100095601 ], [ 17.802090355295963, 54.808151910574914 ], [ 17.801980971521985, 54.808182754460461 ], [ 17.801893442530051, 54.808231612580116 ], [ 17.80183633625964, 54.808293702415014 ], [ 17.801815242775167, 54.808362946225103 ], [ 17.801832227031461, 54.808432565963244 ], [ 17.801885626673801, 54.808495746750296 ], [ 17.801970214691011, 54.808546303968249 ], [ 17.802077711026683, 54.808579288670082 ], [ 17.802197593085744, 54.808591472037754 ], [ 17.802318125799367, 54.808581661458938 ], [ 17.802427510403124, 54.808550817275552 ], [ 17.802515039452004, 54.808501958773483 ], [ 17.802572144984776, 54.80843986861764 ], [ 17.80259323721878, 54.808370624670694 ] ] ] ] } },
{ "type": "Feature", "properties": { "ID": "T_0355", "Easting": 423260.7, "Northing": 772344.2, "ID MAG": 2252, "Estimated_": null, "Depth_of_b": null, "Peak_to_Pe": 26.06, "Instrument": null, "Bottom_Dep": null, "Type _of_g": "pUXO", "Risk_Class": null, "Priority": "3", "Sector": "A4", "Comments": null, "EAST": null, "NORTH": null, "ID_MAG": null, "FERR_MASS": null, "DOB": null, "AMPLITUDE": null, "ALTITUDE": null, "DEPTH": null, "TYPE": null, "RISK": null, "COMMENT": null, "layer": "PEJ_GEO_315_343_drone_MTL", "In_Corr": "no" }, "geometry": { "type": "MultiPolygon", "coordinates": [ [ [ [ 17.806031605483259, 54.808786577502751 ], [ 17.806014613858132, 54.808716958320232 ], [ 17.805961207459482, 54.808653779319279 ], [ 17.805876614195551, 54.808603224858359 ], [ 17.80576911465247, 54.808570243506026 ], [ 17.805649231529717, 54.808558063661302 ], [ 17.805528699644995, 54.808567877552754 ], [ 17.805419317316364, 54.808598724542513 ], [ 17.805331791530417, 54.808647585154567 ], [ 17.805274689912842, 54.808709676626108 ], [ 17.805253602072611, 54.808778921056863 ], [ 17.805270592412079, 54.808848540338936 ], [ 17.805323997981056, 54.808911719637798 ], [ 17.805408591188208, 54.808962274481139 ], [ 17.80551609146908, 54.808995256154368 ], [ 17.805635975842396, 54.809007436135914 ], [ 17.805756509012774, 54.808997622144886 ], [ 17.805865892171077, 54.808966774857254 ], [ 17.805953418013807, 54.808917913862771 ], [ 17.80601051889359, 54.808855822070313 ], [ 17.806031605483259, 54.808786577502751 ] ] ] ] } },
{ "type": "Feature", "properties": { "ID": "T_0356", "Easting": 423256.5, "Northing": 772308.5, "ID MAG": 2253, "Estimated_": null, "Depth_of_b": null, "Peak_to_Pe": 7.61, "Instrument": null, "Bottom_Dep": null, "Type _of_g": "pUXO", "Risk_Class": null, "Priority": "3", "Sector": "A4", "Comments": null, "EAST": null, "NORTH": null, "ID_MAG": null, "FERR_MASS": null, "DOB": null, "AMPLITUDE": null, "ALTITUDE": null, "DEPTH": null, "TYPE": null, "RISK": null, "COMMENT": null, "layer": "PEJ_GEO_315_343_drone_MTL", "In_Corr": "no" }, "geometry": { "type": "MultiPolygon", "coordinates": [ [ [ [ 17.805975715086483, 54.808465082559508 ], [ 17.805958723684366, 54.808395463366658 ], [ 17.805905317789971, 54.80833228434031 ], [ 17.80582072526218, 54.80828172984144 ], [ 17.805713226615065, 54.808248748442317 ], [ 17.805593344460402, 54.808236568546477 ], [ 17.805472813521135, 54.808246382387587 ], [ 17.80536343202278, 54.808277229332617 ], [ 17.805275906870659, 54.80832608990999 ], [ 17.805218805628414, 54.808388181360279 ], [ 17.805197717868278, 54.808457425785299 ], [ 17.80521470798476, 54.808527045077696 ], [ 17.8052681130495, 54.808590224401925 ], [ 17.805352705520505, 54.808640779283238 ], [ 17.805460204905398, 54.80867376100327 ], [ 17.805580088310595, 54.808685941035904 ], [ 17.805700620535493, 54.808676127095254 ], [ 17.805810002863506, 54.808645279852335 ], [ 17.805897528072414, 54.80859641889252 ], [ 17.805954628576881, 54.808534327121329 ], [ 17.805975715086483, 54.808465082559508 ] ] ] ] } },
{ "type": "Feature", "properties": { "ID": "T_0357", "Easting": 423244.9, "Northing": 772276.7, "ID MAG": 2254, "Estimated_": null, "Depth_of_b": null, "Peak_to_Pe": 6.01, "Instrument": null, "Bottom_Dep": null, "Type _of_g": "pUXO", "Risk_Class": null, "Priority": "3", "Sector": "A4", "Comments": null, "EAST": null, "NORTH": null, "ID_MAG": null, "FERR_MASS": null, "DOB": null, "AMPLITUDE": null, "ALTITUDE": null, "DEPTH": null, "TYPE": null, "RISK": null, "COMMENT": null, "layer": "PEJ_GEO_315_343_drone_MTL", "In_Corr": "no" }, "geometry": { "type": "MultiPolygon", "coordinates": [ [ [ [ 17.805803649065187, 54.808177505699994 ], [ 17.805786658072691, 54.808107886481849 ], [ 17.805733252820609, 54.808044707380013 ], [ 17.805648661104946, 54.807994152762845 ], [ 17.805541163360282, 54.807961171214188 ], [ 17.80542128211005, 54.807948991152266 ], [ 17.805300751988671, 54.807958804826924 ], [ 17.805191371141603, 54.807989651621497 ], [ 17.805103846410418, 54.808038512079101 ], [ 17.805046745317547, 54.808100603452026 ], [ 17.805025657420607, 54.808169847849669 ], [ 17.80504264712749, 54.808239467167354 ], [ 17.805096051549924, 54.808302646567078 ], [ 17.805180643208793, 54.808353201566661 ], [ 17.805288141691221, 54.80838618343622 ], [ 17.805408024191962, 54.808398363634957 ], [ 17.805528555598947, 54.808388549860737 ], [ 17.805637937275666, 54.808357702768291 ], [ 17.805725462063648, 54.808308841928266 ], [ 17.805782562418752, 54.808246750234424 ], [ 17.805803649065187, 54.808177505699994 ] ] ] ] } },
{ "type": "Feature", "properties": { "ID": "T_0358", "Easting": 423240.6, "Northing": 772273.8, "ID MAG": 2255, "Estimated_": null, "Depth_of_b": null, "Peak_to_Pe": 5.17, "Instrument": null, "Bottom_Dep": null, "Type _of_g": "pUXO", "Risk_Class": null, "Priority": "3", "Sector": "A4", "Comments": null, "EAST": null, "NORTH": null, "ID_MAG": null, "FERR_MASS": null, "DOB": null, "AMPLITUDE": null, "ALTITUDE": null, "DEPTH": null, "TYPE": null, "RISK": null, "COMMENT": null, "layer": "PEJ_GEO_315_343_drone_MTL", "In_Corr": "no" }, "geometry": { "type": "MultiPolygon", "coordinates": [ [ [ [ 17.805737510520725, 54.808150783713721 ], [ 17.805720519652631, 54.808081164486637 ], [ 17.805667114538807, 54.808017985356088 ], [ 17.805582522961732, 54.807967430693296 ], [ 17.805475025342425, 54.807934449086524 ], [ 17.805355144192049, 54.807922268959693 ], [ 17.805234614135248, 54.807932082569032 ], [ 17.805125233311159, 54.807962929304232 ], [ 17.805037708559102, 54.808011789714236 ], [ 17.804980607403557, 54.808073881056011 ], [ 17.804959519408268, 54.808143125441958 ], [ 17.804976508990759, 54.808212744768589 ], [ 17.805029913274929, 54.808275924197019 ], [ 17.805114504795206, 54.808326479242254 ], [ 17.80522200315227, 54.808359461169914 ], [ 17.805341885553151, 54.808371641433546 ], [ 17.805462416895558, 54.80836182772466 ], [ 17.805571798549302, 54.808330980691586 ], [ 17.805659323358157, 54.808282119899161 ], [ 17.805716423775944, 54.808220028236477 ], [ 17.805737510520725, 54.808150783713721 ] ] ] ] } },
{ "type": "Feature", "properties": { "ID": "T_0359", "Easting": 423237.5, "Northing": 772265.7, "ID MAG": 2256, "Estimated_": null, "Depth_of_b": null, "Peak_to_Pe": 7.36, "Instrument": null, "Bottom_Dep": null, "Type _of_g": "pUXO", "Risk_Class": null, "Priority": "3", "Sector": "A4", "Comments": null, "EAST": null, "NORTH": null, "ID_MAG": null, "FERR_MASS": null, "DOB": null, "AMPLITUDE": null, "ALTITUDE": null, "DEPTH": null, "TYPE": null, "RISK": null, "COMMENT": null, "layer": "PEJ_GEO_315_343_drone_MTL", "In_Corr": "no" }, "geometry": { "type": "MultiPolygon", "coordinates": [ [ [ [ 17.80569142234344, 54.808077510695618 ], [ 17.805674431583576, 54.808007891461799 ], [ 17.805621026636928, 54.807944712311041 ], [ 17.805536435269609, 54.807894157616545 ], [ 17.805428937882095, 54.807861175969698 ], [ 17.805309056962869, 54.807848995798331 ], [ 17.805188527113948, 54.807858809363033 ], [ 17.805079146454119, 54.80788965605786 ], [ 17.804991621806625, 54.807938516435726 ], [ 17.804934520685713, 54.808000607756711 ], [ 17.80491343265173, 54.808069852135276 ], [ 17.804930422125992, 54.808139471468657 ], [ 17.804983826242989, 54.808202650917266 ], [ 17.80506841755351, 54.808253205994191 ], [ 17.805175915678774, 54.80828618796194 ], [ 17.805295797848498, 54.808298368270115 ], [ 17.805416328983025, 54.808288554605859 ], [ 17.805525710472505, 54.808257707613159 ], [ 17.805613235176793, 54.808208846852878 ], [ 17.805670335559959, 54.808146755211006 ], [ 17.80569142234344, 54.808077510695618 ] ] ] ] } },
{ "type": "Feature", "properties": { "ID": "T_0360", "Easting": 423231.9, "Northing": 772259.0, "ID MAG": 2257, "Estimated_": null, "Depth_of_b": null, "Peak_to_Pe": 8.25, "Instrument": null, "Bottom_Dep": null, "Type _of_g": "pUXO", "Risk_Class": null, "Priority": "3", "Sector": "A4", "Comments": null, "EAST": null, "NORTH": null, "ID_MAG": null, "FERR_MASS": null, "DOB": null, "AMPLITUDE": null, "ALTITUDE": null, "DEPTH": null, "TYPE": null, "RISK": null, "COMMENT": null, "layer": "PEJ_GEO_315_343_drone_MTL", "In_Corr": "no" }, "geometry": { "type": "MultiPolygon", "coordinates": [ [ [ [ 17.805606063749057, 54.80801643726668 ], [ 17.80558907316022, 54.807946818021044 ], [ 17.805535668426465, 54.807883638833168 ], [ 17.805451077293064, 54.80783308407981 ], [ 17.805343580137606, 54.807800102358179 ], [ 17.805223699425849, 54.80778792210338 ], [ 17.8051031697395, 54.807797735584209 ], [ 17.804993789181449, 54.807828582202887 ], [ 17.804906264564956, 54.807877442519818 ], [ 17.804849163401244, 54.807939533801033 ], [ 17.804828075254854, 54.808008778164911 ], [ 17.804845064558091, 54.80807839751008 ], [ 17.804898468462198, 54.808141576995837 ], [ 17.804983059538795, 54.808192132131595 ], [ 17.805090557431999, 54.808225114174128 ], [ 17.805210439394248, 54.808237294565743 ], [ 17.805330970366196, 54.808227480985373 ], [ 17.805440351753901, 54.808196634068814 ], [ 17.805527876427192, 54.80814777336947 ], [ 17.805584976853162, 54.808085681767359 ], [ 17.805606063749057, 54.80801643726668 ] ] ] ] } },
{ "type": "Feature", "properties": { "ID": "T_0361", "Easting": 423226.2, "Northing": 772260.4, "ID MAG": 2258, "Estimated_": null, "Depth_of_b": null, "Peak_to_Pe": -14.08, "Instrument": null, "Bottom_Dep": null, "Type _of_g": "pUXO", "Risk_Class": null, "Priority": "3", "Sector": "A4", "Comments": null, "EAST": null, "NORTH": null, "ID_MAG": null, "FERR_MASS": null, "DOB": null, "AMPLITUDE": null, "ALTITUDE": null, "DEPTH": null, "TYPE": null, "RISK": null, "COMMENT": null, "layer": "PEJ_GEO_315_343_drone_MTL", "In_Corr": "no" }, "geometry": { "type": "MultiPolygon", "coordinates": [ [ [ [ 17.805517001854394, 54.808028146811168 ], [ 17.805500011414253, 54.807958527553929 ], [ 17.805446606804864, 54.807895348327584 ], [ 17.805362015759325, 54.807844793512672 ], [ 17.805254518646624, 54.807811811712419 ], [ 17.805134637928337, 54.807799631369647 ], [ 17.805014108186811, 54.807809444761702 ], [ 17.804904727530324, 54.807840291299591 ], [ 17.804817202781788, 54.807889151551535 ], [ 17.804760101465344, 54.807951242789976 ], [ 17.804739013160475, 54.808020487137469 ], [ 17.804756002315013, 54.808090106494241 ], [ 17.804809406094748, 54.808153286018467 ], [ 17.804893997083479, 54.808203841215786 ], [ 17.805001494933922, 54.808236823336948 ], [ 17.805121376902701, 54.808249003816549 ], [ 17.805241907929833, 54.808239190324926 ], [ 17.805351289415974, 54.80820834348917 ], [ 17.805438814221311, 54.808159482854812 ], [ 17.805495914800019, 54.808097391295455 ], [ 17.805517001854394, 54.808028146811168 ] ] ] ] } },
{ "type": "Feature", "properties": { "ID": "T_0362", "Easting": 423180.1, "Northing": 772322.2, "ID MAG": 2259, "Estimated_": null, "Depth_of_b": null, "Peak_to_Pe": 7.98, "Instrument": null, "Bottom_Dep": null, "Type _of_g": "pUXO", "Risk_Class": null, "Priority": "3", "Sector": "A4", "Comments": null, "EAST": null, "NORTH": null, "ID_MAG": null, "FERR_MASS": null, "DOB": null, "AMPLITUDE": null, "ALTITUDE": null, "DEPTH": null, "TYPE": null, "RISK": null, "COMMENT": null, "layer": "PEJ_GEO_315_343_drone_MTL", "In_Corr": "no" }, "geometry": { "type": "MultiPolygon", "coordinates": [ [ [ [ 17.804783300855796, 54.808576509022295 ], [ 17.804766311462473, 54.808506889673595 ], [ 17.804712907291993, 54.808443710132096 ], [ 17.804628316034496, 54.808393154809153 ], [ 17.804520818079727, 54.808360172357744 ], [ 17.804400935971682, 54.808347991284407 ], [ 17.804280404428752, 54.808357803938044 ], [ 17.804171021735534, 54.808388649801898 ], [ 17.804083494914313, 54.808437509510199 ], [ 17.804026391692101, 54.808499600388572 ], [ 17.804005301834938, 54.808568844594852 ], [ 17.804022289942605, 54.808638464043078 ], [ 17.804075693283377, 54.808701643882472 ], [ 17.804160284484031, 54.808752199587829 ], [ 17.804267783176538, 54.808785182360161 ], [ 17.804387666535106, 54.808797363570314 ], [ 17.804508199363696, 54.808787550817136 ], [ 17.804617582886618, 54.808756704655408 ], [ 17.804705109764683, 54.808707844564687 ], [ 17.804762212249159, 54.808645753365376 ], [ 17.804783300855796, 54.808576509022295 ] ] ] ] } },
{ "type": "Feature", "properties": { "ID": "T_0363", "Easting": 423158.3, "Northing": 772314.9, "ID MAG": 2260, "Estimated_": null, "Depth_of_b": null, "Peak_to_Pe": 11.93, "Instrument": null, "Bottom_Dep": null, "Type _of_g": "pUXO", "Risk_Class": null, "Priority": "3", "Sector": "A4", "Comments": null, "EAST": null, "NORTH": null, "ID_MAG": null, "FERR_MASS": null, "DOB": null, "AMPLITUDE": null, "ALTITUDE": null, "DEPTH": null, "TYPE": null, "RISK": null, "COMMENT": null, "layer": "PEJ_GEO_315_343_drone_MTL", "In_Corr": "no" }, "geometry": { "type": "MultiPolygon", "coordinates": [ [ [ [ 17.804446030490652, 54.808507559589664 ], [ 17.804429041705127, 54.808437940195951 ], [ 17.804375638152461, 54.808374760508357 ], [ 17.804291047462321, 54.808324204952555 ], [ 17.804183549968908, 54.808291222204275 ], [ 17.804063668171075, 54.808279040799157 ], [ 17.803943136756839, 54.808288853118555 ], [ 17.803833753998205, 54.808319698678432 ], [ 17.803746226923856, 54.808368558142767 ], [ 17.803689123285576, 54.808430648861091 ], [ 17.80366803289014, 54.808499893006882 ], [ 17.803685020390013, 54.808569512500107 ], [ 17.803738423112961, 54.808632692485567 ], [ 17.803823013746243, 54.808683248423797 ], [ 17.803930511977374, 54.808716231492994 ], [ 17.804050395025723, 54.808728413034935 ], [ 17.804170927725611, 54.808718600616018 ], [ 17.804280311313963, 54.808687754758267 ], [ 17.804367838445174, 54.808638894911496 ], [ 17.804424941345726, 54.808576803872263 ], [ 17.804446030490652, 54.808507559589664 ] ] ] ] } },
{ "type": "Feature", "properties": { "ID": "T_0364", "Easting": 423149.8, "Northing": 772367.2, "ID MAG": 2261, "Estimated_": null, "Depth_of_b": null, "Peak_to_Pe": -7.03, "Instrument": null, "Bottom_Dep": null, "Type _of_g": "pUXO", "Risk_Class": null, "Priority": "3", "Sector": "A4", "Comments": null, "EAST": null, "NORTH": null, "ID_MAG": null, "FERR_MASS": null, "DOB": null, "AMPLITUDE": null, "ALTITUDE": null, "DEPTH": null, "TYPE": null, "RISK": null, "COMMENT": null, "layer": "PEJ_GEO_315_343_drone_MTL", "In_Corr": "no" }, "geometry": { "type": "MultiPolygon", "coordinates": [ [ [ [ 17.804299889940051, 54.808976300005249 ], [ 17.804282901221285, 54.808906680596671 ], [ 17.804229497290113, 54.808843500847644 ], [ 17.804144905813256, 54.808792945189921 ], [ 17.804037407201928, 54.808759962309182 ], [ 17.803917524064406, 54.808747780754025 ], [ 17.803796991219837, 54.808757592920507 ], [ 17.803687607080239, 54.808788438339569 ], [ 17.803600078809456, 54.808837297688925 ], [ 17.803542974276407, 54.808899388329422 ], [ 17.803521883375435, 54.808968632442109 ], [ 17.803538870808502, 54.809038251950241 ], [ 17.803592273909931, 54.809101431997135 ], [ 17.803676865329919, 54.8091519880373 ], [ 17.803784364678982, 54.809184971238949 ], [ 17.803904249067052, 54.809197152930935 ], [ 17.804024783197313, 54.809187340664913 ], [ 17.804134168166662, 54.809156494948006 ], [ 17.804221696494309, 54.809107635216201 ], [ 17.804278800289623, 54.809045544254779 ], [ 17.804299889940051, 54.808976300005249 ] ] ] ] } },
{ "type": "Feature", "properties": { "ID": "T_0365", "Easting": 423150.0, "Northing": 772326.8, "ID MAG": 2262, "Estimated_": null, "Depth_of_b": null, "Peak_to_Pe": -5.1, "Instrument": null, "Bottom_Dep": null, "Type _of_g": "pUXO", "Risk_Class": null, "Priority": "3", "Sector": "A4", "Comments": null, "EAST": null, "NORTH": null, "ID_MAG": null, "FERR_MASS": null, "DOB": null, "AMPLITUDE": null, "ALTITUDE": null, "DEPTH": null, "TYPE": null, "RISK": null, "COMMENT": null, "layer": "PEJ_GEO_315_343_drone_MTL", "In_Corr": "no" }, "geometry": { "type": "MultiPolygon", "coordinates": [ [ [ [ 17.804313724530463, 54.808613237883229 ], [ 17.804296735931036, 54.808543618473109 ], [ 17.804243332448717, 54.808480438728701 ], [ 17.804158741706289, 54.808429883081281 ], [ 17.804051244043077, 54.808396900215534 ], [ 17.803931361974552, 54.808384718678582 ], [ 17.803810830215223, 54.808394530864717 ], [ 17.803701447070878, 54.808425376302935 ], [ 17.803613919607951, 54.808474235669088 ], [ 17.803556815616272, 54.808536326322375 ], [ 17.803535724937195, 54.808605570442595 ], [ 17.803552712250958, 54.808675189952247 ], [ 17.803606114903552, 54.808738369994529 ], [ 17.803690705589116, 54.808788926024377 ], [ 17.803798203990045, 54.808821909211055 ], [ 17.803918087309093, 54.808834090884815 ], [ 17.804038620354085, 54.808824278599168 ], [ 17.804148004328159, 54.808793432863091 ], [ 17.804235531847947, 54.808744573114488 ], [ 17.804292635101906, 54.808682482140291 ], [ 17.804313724530463, 54.808613237883229 ] ] ] ] } },
{ "type": "Feature", "properties": { "ID": "T_0366", "Easting": 423133.9, "Northing": 772346.6, "ID MAG": 2263, "Estimated_": null, "Depth_of_b": null, "Peak_to_Pe": -7.35, "Instrument": null, "Bottom_Dep": null, "Type _of_g": "pUXO", "Risk_Class": null, "Priority": "3", "Sector": "A4", "Comments": null, "EAST": null, "NORTH": null, "ID_MAG": null, "FERR_MASS": null, "DOB": null, "AMPLITUDE": null, "ALTITUDE": null, "DEPTH": null, "TYPE": null, "RISK": null, "COMMENT": null, "layer": "PEJ_GEO_315_343_drone_MTL", "In_Corr": "no" }, "geometry": { "type": "MultiPolygon", "coordinates": [ [ [ [ 17.804057952433173, 54.808788720911416 ], [ 17.804040964204869, 54.808719101469265 ], [ 17.803987560895891, 54.808655921614935 ], [ 17.803902970112052, 54.808605365790456 ], [ 17.803795472196732, 54.808572382697825 ], [ 17.803675589690076, 54.808560200906385 ], [ 17.803555057349492, 54.808570012835361 ], [ 17.803445673537656, 54.808600858038886 ], [ 17.803358145386333, 54.808649717215815 ], [ 17.803301040752746, 54.80871180774384 ], [ 17.803279949541075, 54.808781051815039 ], [ 17.803296936483694, 54.808850671356716 ], [ 17.803350338962929, 54.808913851508912 ], [ 17.803434929689889, 54.808964407715827 ], [ 17.803542428342926, 54.808997391129381 ], [ 17.803662312100109, 54.809009573057644 ], [ 17.803782845726374, 54.808999761029149 ], [ 17.803892230367957, 54.808968915527771 ], [ 17.803979758576158, 54.8089200559684 ], [ 17.804036862472028, 54.808857965119465 ], [ 17.804057952433173, 54.808788720911416 ] ] ] ] } },
{ "type": "Feature", "properties": { "ID": "T_0367", "Easting": 423401.3, "Northing": 772366.00000000012, "ID MAG": 2264, "Estimated_": null, "Depth_of_b": null, "Peak_to_Pe": -5.03, "Instrument": null, "Bottom_Dep": null, "Type _of_g": "pUXO", "Risk_Class": null, "Priority": "3", "Sector": "A4", "Comments": null, "EAST": null, "NORTH": null, "ID_MAG": null, "FERR_MASS": null, "DOB": null, "AMPLITUDE": null, "ALTITUDE": null, "DEPTH": null, "TYPE": null, "RISK": null, "COMMENT": null, "layer": "PEJ_GEO_315_343_drone_MTL", "In_Corr": "no" }, "geometry": { "type": "MultiPolygon", "coordinates": [ [ [ [ 17.808213585989453, 54.809004007283754 ], [ 17.808196590522261, 54.808934388390412 ], [ 17.808143180422974, 54.808871210333812 ], [ 17.808058583962065, 54.808820657380025 ], [ 17.807951082038606, 54.808787677950058 ], [ 17.807831197585056, 54.808775500254754 ], [ 17.807710665549383, 54.80878531631231 ], [ 17.807601284264425, 54.808816165272795 ], [ 17.807513760614622, 54.808865027467299 ], [ 17.807456662016577, 54.808927119978136 ], [ 17.8074355777837, 54.808996364803285 ], [ 17.807452571965246, 54.809065983796238 ], [ 17.807505981234936, 54.809129162150754 ], [ 17.807590577639161, 54.809179715486962 ], [ 17.807698080300515, 54.809212695237804 ], [ 17.807817966004677, 54.809224873069894 ], [ 17.807938499325992, 54.809215056912741 ], [ 17.808047881440555, 54.809184207654376 ], [ 17.808135405147038, 54.809135345077415 ], [ 17.808192503007195, 54.809073252245682 ], [ 17.808213585989453, 54.809004007283754 ] ] ] ] } },
{ "type": "Feature", "properties": { "ID": "T_0368", "Easting": 423390.5, "Northing": 772367.1, "ID MAG": 2265, "Estimated_": null, "Depth_of_b": null, "Peak_to_Pe": -6.54, "Instrument": null, "Bottom_Dep": null, "Type _of_g": "pUXO", "Risk_Class": null, "Priority": "3", "Sector": "A4", "Comments": null, "EAST": null, "NORTH": null, "ID_MAG": null, "FERR_MASS": null, "DOB": null, "AMPLITUDE": null, "ALTITUDE": null, "DEPTH": null, "TYPE": null, "RISK": null, "COMMENT": null, "layer": "PEJ_GEO_315_343_drone_MTL", "In_Corr": "no" }, "geometry": { "type": "MultiPolygon", "coordinates": [ [ [ [ 17.808045245145017, 54.809012243132877 ], [ 17.808028249964373, 54.808942624217437 ], [ 17.80797484011817, 54.808879446088071 ], [ 17.807890243852111, 54.808828893017953 ], [ 17.807782742046186, 54.808795913439489 ], [ 17.807662857621359, 54.808783735578032 ], [ 17.807542325522785, 54.808793551468071 ], [ 17.807432944089452, 54.808824400276059 ], [ 17.807345420220333, 54.808873262348015 ], [ 17.807288321353489, 54.808935354778257 ], [ 17.80726723682865, 54.809004599572638 ], [ 17.807284230723639, 54.809074218587654 ], [ 17.807337639740236, 54.809137397014936 ], [ 17.807422235949605, 54.809187950467482 ], [ 17.807529738493415, 54.809220930366841 ], [ 17.807649624168853, 54.809233108365063 ], [ 17.807770157553076, 54.809223292375442 ], [ 17.807879539816017, 54.809192443269559 ], [ 17.807967063741827, 54.809143580815146 ], [ 17.808024161870783, 54.809081488064031 ], [ 17.808045245145017, 54.809012243132877 ] ] ] ] } },
{ "type": "Feature", "properties": { "ID": "T_0369", "Easting": 423283.9, "Northing": 772426.2, "ID MAG": 2266, "Estimated_": null, "Depth_of_b": null, "Peak_to_Pe": 5.38, "Instrument": null, "Bottom_Dep": null, "Type _of_g": "pUXO", "Risk_Class": null, "Priority": "3", "Sector": "A4", "Comments": null, "EAST": null, "NORTH": null, "ID_MAG": null, "FERR_MASS": null, "DOB": null, "AMPLITUDE": null, "ALTITUDE": null, "DEPTH": null, "TYPE": null, "RISK": null, "COMMENT": null, "layer": "PEJ_GEO_315_343_drone_MTL", "In_Corr": "no" }, "geometry": { "type": "MultiPolygon", "coordinates": [ [ [ [ 17.806370873012746, 54.809527099410914 ], [ 17.806353880511487, 54.809457480279889 ], [ 17.806300472621427, 54.809394301428419 ], [ 17.806215877396806, 54.80934374720038 ], [ 17.806108375615686, 54.80931076614155 ], [ 17.805988490196601, 54.809298586622155 ], [ 17.805867956182031, 54.809308400838965 ], [ 17.805758572098515, 54.809339248122235 ], [ 17.805671045104415, 54.809388108967248 ], [ 17.805613942943694, 54.809450200588387 ], [ 17.805592855278491, 54.809519445070727 ], [ 17.805609846494036, 54.809589064301321 ], [ 17.8056632535544, 54.809652243450699 ], [ 17.805747848722248, 54.809702798061146 ], [ 17.805855351241217, 54.809735779440899 ], [ 17.805975237910921, 54.809747959097109 ], [ 17.806095773211201, 54.809738144780724 ], [ 17.806205158124417, 54.809707297199559 ], [ 17.806292685175286, 54.809658435972111 ], [ 17.806349786598165, 54.809596344030062 ], [ 17.806370873012746, 54.809527099410914 ] ] ] ] } },
{ "type": "Feature", "properties": { "ID": "T_0370", "Easting": 423306.9, "Northing": 772275.4, "ID MAG": 2267, "Estimated_": null, "Depth_of_b": null, "Peak_to_Pe": 5.31, "Instrument": null, "Bottom_Dep": null, "Type _of_g": "pUXO", "Risk_Class": null, "Priority": "3", "Sector": "A4", "Comments": null, "EAST": null, "NORTH": null, "ID_MAG": null, "FERR_MASS": null, "DOB": null, "AMPLITUDE": null, "ALTITUDE": null, "DEPTH": null, "TYPE": null, "RISK": null, "COMMENT": null, "layer": "PEJ_GEO_315_343_drone_MTL", "In_Corr": "no" }, "geometry": { "type": "MultiPolygon", "coordinates": [ [ [ [ 17.806768703530096, 54.808175310819735 ], [ 17.806751710877162, 54.808105691728564 ], [ 17.806698304115866, 54.808042513044015 ], [ 17.806613711189947, 54.807991959093592 ], [ 17.806506212652447, 54.807958978395916 ], [ 17.806386331104402, 54.807946799285865 ], [ 17.806265801209385, 54.807956613920148 ], [ 17.806156421090691, 54.807987461588127 ], [ 17.806068897518603, 54.808036322747462 ], [ 17.806011797902105, 54.808098414581742 ], [ 17.805990711654285, 54.808167659155174 ], [ 17.806007703021624, 54.808237278345914 ], [ 17.806061108953305, 54.808300457328343 ], [ 17.80614570182248, 54.808351011661181 ], [ 17.806253201097775, 54.808383992679758 ], [ 17.806373083896347, 54.80839617192661 ], [ 17.80649361507696, 54.808386357192759 ], [ 17.806602996025269, 54.808355509226878 ], [ 17.806690519654104, 54.808306647685129 ], [ 17.806747618532807, 54.808244555529974 ], [ 17.806768703530096, 54.808175310819735 ] ] ] ] } },
{ "type": "Feature", "properties": { "ID": "T_0371", "Easting": 423301.6, "Northing": 772277.4, "ID MAG": 2268, "Estimated_": null, "Depth_of_b": null, "Peak_to_Pe": 9.61, "Instrument": null, "Bottom_Dep": null, "Type _of_g": "pUXO", "Risk_Class": null, "Priority": "3", "Sector": "A4", "Comments": null, "EAST": null, "NORTH": null, "ID_MAG": null, "FERR_MASS": null, "DOB": null, "AMPLITUDE": null, "ALTITUDE": null, "DEPTH": null, "TYPE": null, "RISK": null, "COMMENT": null, "layer": "PEJ_GEO_315_343_drone_MTL", "In_Corr": "no" }, "geometry": { "type": "MultiPolygon", "coordinates": [ [ [ [ 17.806685706621245, 54.808192474887136 ], [ 17.806668714104418, 54.808122855785186 ], [ 17.806615307450912, 54.808059677064826 ], [ 17.806530714593926, 54.808009123057033 ], [ 17.80642321607974, 54.80797614228603 ], [ 17.806303334507124, 54.807963963093904 ], [ 17.806182804542047, 54.80797377764538 ], [ 17.806073424314665, 54.808004625237942 ], [ 17.805985900605894, 54.808053486336604 ], [ 17.805928800838103, 54.808115578130909 ], [ 17.805907714439186, 54.808184822689 ], [ 17.805924705670417, 54.808254441890504 ], [ 17.805978111494301, 54.808317620908753 ], [ 17.80606270429454, 54.808368175298973 ], [ 17.806170203546515, 54.808401156390865 ], [ 17.806290086369657, 54.808413335719798 ], [ 17.80641061762034, 54.808403521068747 ], [ 17.806519998677338, 54.808372673178305 ], [ 17.80660752244286, 54.808323811697207 ], [ 17.806664621472859, 54.808261719582013 ], [ 17.806685706621245, 54.808192474887136 ] ] ] ] } },
{ "type": "Feature", "properties": { "ID": "T_0372", "Easting": 423062.9, "Northing": 772383.3, "ID MAG": 2269, "Estimated_": null, "Depth_of_b": null, "Peak_to_Pe": 5.34, "Instrument": null, "Bottom_Dep": null, "Type _of_g": "pUXO", "Risk_Class": null, "Priority": "3", "Sector": "A4", "Comments": null, "EAST": null, "NORTH": null, "ID_MAG": null, "FERR_MASS": null, "DOB": null, "AMPLITUDE": null, "ALTITUDE": null, "DEPTH": null, "TYPE": null, "RISK": null, "COMMENT": null, "layer": "PEJ_GEO_315_343_drone_MTL", "In_Corr": "no" }, "geometry": { "type": "MultiPolygon", "coordinates": [ [ [ [ 17.802943436758454, 54.809107668371382 ], [ 17.802926450323085, 54.809038048785602 ], [ 17.802873048347095, 54.808974868450605 ], [ 17.80278845830583, 54.808924311855485 ], [ 17.802680960469992, 54.808891327777673 ], [ 17.802561077371948, 54.808879144882972 ], [ 17.802440543826986, 54.808888955698556 ], [ 17.802331158315685, 54.808919799887562 ], [ 17.802243628136146, 54.808968658248162 ], [ 17.802186521344115, 54.809030748237944 ], [ 17.802165428055069, 54.809099992101679 ], [ 17.802182413204719, 54.80916961178697 ], [ 17.802235814350905, 54.809232792419827 ], [ 17.802320404335237, 54.809283349397404 ], [ 17.802427902908764, 54.809316333796133 ], [ 17.802547787257343, 54.809328516827684 ], [ 17.802668322088021, 54.809318705912602 ], [ 17.802777708429133, 54.809287861425737 ], [ 17.802865238665603, 54.809239002682688 ], [ 17.802922344719942, 54.809176912371989 ], [ 17.802943436758454, 54.809107668371382 ] ] ] ] } },
{ "type": "Feature", "properties": { "ID": "T_0374", "Easting": 422226.5, "Northing": 772247.8, "ID MAG": 2271, "Estimated_": null, "Depth_of_b": null, "Peak_to_Pe": 7.37, "Instrument": null, "Bottom_Dep": null, "Type _of_g": "pUXO", "Risk_Class": null, "Priority": "3", "Sector": "A4", "Comments": null, "EAST": null, "NORTH": null, "ID_MAG": null, "FERR_MASS": null, "DOB": null, "AMPLITUDE": null, "ALTITUDE": null, "DEPTH": null, "TYPE": null, "RISK": null, "COMMENT": null, "layer": "PEJ_GEO_315_343_drone_MTL", "In_Corr": "no" }, "geometry": { "type": "MultiPolygon", "coordinates": [ [ [ [ 17.789965350171766, 54.807760811346576 ], [ 17.789948386608977, 54.807691190043393 ], [ 17.789895006714339, 54.807628004093992 ], [ 17.789810435801776, 54.807577438537102 ], [ 17.789702952269622, 54.807544443027396 ], [ 17.789583077250192, 54.807532247349691 ], [ 17.789462544768028, 54.807542045282382 ], [ 17.789353153199649, 54.807572877749699 ], [ 17.789265610436029, 54.807621726697171 ], [ 17.789208485764632, 54.807683810503811 ], [ 17.789187371051007, 54.807753052019642 ], [ 17.789204333328019, 54.807822673422123 ], [ 17.789257712392438, 54.80788585966922 ], [ 17.789342283247461, 54.807936425608524 ], [ 17.789449767516722, 54.807969421439267 ], [ 17.789569643786368, 54.807981617254029 ], [ 17.789690177554316, 54.807971819222026 ], [ 17.789799569952912, 54.807940986457012 ], [ 17.789887112774078, 54.807892137127126 ], [ 17.789944236708358, 54.807830052999456 ], [ 17.789965350171766, 54.807760811346576 ] ] ] ] } },
{ "type": "Feature", "properties": { "ID": "T_0375", "Easting": 422092.1, "Northing": 772047.5, "ID MAG": 2272, "Estimated_": null, "Depth_of_b": null, "Peak_to_Pe": 24.83, "Instrument": null, "Bottom_Dep": null, "Type _of_g": "pUXO", "Risk_Class": null, "Priority": "2", "Sector": "315", "Comments": null, "EAST": null, "NORTH": null, "ID_MAG": null, "FERR_MASS": null, "DOB": null, "AMPLITUDE": null, "ALTITUDE": null, "DEPTH": null, "TYPE": null, "RISK": null, "COMMENT": null, "layer": "PEJ_GEO_315_343_drone_MTL", "In_Corr": "no" }, "geometry": { "type": "MultiPolygon", "coordinates": [ [ [ [ 17.787928030238209, 54.805939767968013 ], [ 17.787911070898751, 54.805870146380727 ], [ 17.787857696554795, 54.80580695954437 ], [ 17.787773131976927, 54.805756392584449 ], [ 17.787665654943403, 54.805723395292993 ], [ 17.787545785950432, 54.805711197629222 ], [ 17.787425258432659, 54.805720993565963 ], [ 17.787315870280686, 54.805751824222796 ], [ 17.787228329051061, 54.80580067172248 ], [ 17.78717120388108, 54.805862754585718 ], [ 17.78715008668507, 54.805931995754918 ], [ 17.787167044738862, 54.806001617441453 ], [ 17.787220418252616, 54.806064804575485 ], [ 17.787304982772852, 54.806115371917784 ], [ 17.787412460543326, 54.80614836953027 ], [ 17.787532330786341, 54.806160567331105 ], [ 17.78765285958977, 54.806150771295108 ], [ 17.787762248571948, 54.806119940340615 ], [ 17.787849789859209, 54.806071092458552 ], [ 17.787906914292243, 54.806009009274277 ], [ 17.787928030238209, 54.805939767968013 ] ] ] ] } },
{ "type": "Feature", "properties": { "ID": "T_0376", "Easting": 422308.7, "Northing": 772157.1, "ID MAG": 2273, "Estimated_": null, "Depth_of_b": null, "Peak_to_Pe": 17.44, "Instrument": null, "Bottom_Dep": null, "Type _of_g": "pUXO", "Risk_Class": null, "Priority": "3", "Sector": "A4", "Comments": null, "EAST": null, "NORTH": null, "ID_MAG": null, "FERR_MASS": null, "DOB": null, "AMPLITUDE": null, "ALTITUDE": null, "DEPTH": null, "TYPE": null, "RISK": null, "COMMENT": null, "layer": "PEJ_GEO_315_343_drone_MTL", "In_Corr": "no" }, "geometry": { "type": "MultiPolygon", "coordinates": [ [ [ [ 17.791268682786757, 54.806958399279878 ], [ 17.791251717295943, 54.806888778140362 ], [ 17.79119833639815, 54.80682559275116 ], [ 17.791113765505504, 54.806775028096169 ], [ 17.791006283014376, 54.80674203374177 ], [ 17.790886409955167, 54.806729839359669 ], [ 17.790765880160546, 54.806739638601513 ], [ 17.790656491743977, 54.80677047226331 ], [ 17.790568952287916, 54.806819322173709 ], [ 17.790511830756078, 54.806881406617443 ], [ 17.790490718706685, 54.80695064838217 ], [ 17.790507682911805, 54.80702026962102 ], [ 17.790561062979464, 54.807083455307918 ], [ 17.790645633814631, 54.807134020345316 ], [ 17.790753117042886, 54.807167015020738 ], [ 17.790872991352273, 54.807179209539832 ], [ 17.790993522432593, 54.807169410198689 ], [ 17.791102911679292, 54.807138576239183 ], [ 17.791190451192833, 54.807089725946376 ], [ 17.791247571987544, 54.807027641181641 ], [ 17.791268682786757, 54.806958399279878 ] ] ] ] } },
{ "type": "Feature", "properties": { "ID": "T_0377", "Easting": 422215.6, "Northing": 772261.8, "ID MAG": 2274, "Estimated_": null, "Depth_of_b": null, "Peak_to_Pe": 15.68, "Instrument": null, "Bottom_Dep": null, "Type _of_g": "pUXO", "Risk_Class": null, "Priority": "3", "Sector": "A4", "Comments": null, "EAST": null, "NORTH": null, "ID_MAG": null, "FERR_MASS": null, "DOB": null, "AMPLITUDE": null, "ALTITUDE": null, "DEPTH": null, "TYPE": null, "RISK": null, "COMMENT": null, "layer": "PEJ_GEO_315_343_drone_MTL", "In_Corr": "no" }, "geometry": { "type": "MultiPolygon", "coordinates": [ [ [ [ 17.789791989988576, 54.807884943820227 ], [ 17.789775026675404, 54.807815322495429 ], [ 17.789721646891664, 54.807752136471592 ], [ 17.789637075940437, 54.807701570794706 ], [ 17.78952959222384, 54.807668575131196 ], [ 17.78940971689223, 54.807656379280921 ], [ 17.789289184000715, 54.807666177039188 ], [ 17.789179791965889, 54.807697009347308 ], [ 17.789092248724373, 54.807745858166363 ], [ 17.789035123610418, 54.807807941887958 ], [ 17.789014008532885, 54.807877183370437 ], [ 17.789030970560265, 54.80794680479454 ], [ 17.789084349513772, 54.80800999111608 ], [ 17.789168920407448, 54.808060557175381 ], [ 17.789276404861162, 54.808093553159942 ], [ 17.78939628144299, 54.808105749147266 ], [ 17.789516815620296, 54.808095951289687 ], [ 17.789626208485355, 54.808065118683878 ], [ 17.789713751784426, 54.808016269482394 ], [ 17.789770876161271, 54.807954185439769 ], [ 17.789791989988576, 54.807884943820227 ] ] ] ] } },
{ "type": "Feature", "properties": { "ID": "T_0378", "Easting": 422195.9, "Northing": 772107.4, "ID MAG": 2275, "Estimated_": null, "Depth_of_b": null, "Peak_to_Pe": 20.14, "Instrument": null, "Bottom_Dep": null, "Type _of_g": "pUXO", "Risk_Class": null, "Priority": "3", "Sector": "A4", "Comments": null, "EAST": null, "NORTH": null, "ID_MAG": null, "FERR_MASS": null, "DOB": null, "AMPLITUDE": null, "ALTITUDE": null, "DEPTH": null, "TYPE": null, "RISK": null, "COMMENT": null, "layer": "PEJ_GEO_315_343_drone_MTL", "In_Corr": "no" }, "geometry": { "type": "MultiPolygon", "coordinates": [ [ [ [ 17.789526949317512, 54.806494232438645 ], [ 17.789509987007595, 54.806424611066248 ], [ 17.789456609440183, 54.806361424922748 ], [ 17.789372041701409, 54.806310859065846 ], [ 17.78926456187892, 54.806277863179595 ], [ 17.789144690741917, 54.806265667085647 ], [ 17.789024161934918, 54.806275464603189 ], [ 17.788914773474708, 54.806306296697038 ], [ 17.788827232948012, 54.806355145349308 ], [ 17.788770109423336, 54.806417228967902 ], [ 17.788748994653965, 54.806486470421227 ], [ 17.788765955678198, 54.806556091892908 ], [ 17.788819332415432, 54.806619278334082 ], [ 17.788903900096653, 54.806669844573378 ], [ 17.789011380656177, 54.806702840780659 ], [ 17.789131253043291, 54.806715037011664 ], [ 17.789251783135974, 54.806705239394837 ], [ 17.789361172426357, 54.8066744070033 ], [ 17.789448713010614, 54.806625557968623 ], [ 17.789505835798252, 54.806563474029012 ], [ 17.789526949317512, 54.806494232438645 ] ] ] ] } },
{ "type": "Feature", "properties": { "ID": "T_0006", "Easting": null, "Northing": null, "ID MAG": null, "Estimated_": null, "Depth_of_b": null, "Peak_to_Pe": null, "Instrument": null, "Bottom_Dep": null, "Type _of_g": null, "Risk_Class": null, "Priority": "3", "Sector": "312", "Comments": null, "EAST": 420200.62, "NORTH": 776023.95, "ID_MAG": 2015, "FERR_MASS": 139.62, "DOB": 1.21, "AMPLITUDE": 70.97, "ALTITUDE": 2.67, "DEPTH": -19.36, "TYPE": "pUXO", "RISK": "Medium", "COMMENT": "-", "layer": "pUXO MTL_2026-03-11", "In_Corr": "no" }, "geometry": { "type": "MultiPolygon", "coordinates": [ [ [ [ 17.757402100034259, 54.841379698603518 ], [ 17.757385179364075, 54.841310073345532 ], [ 17.757331806984386, 54.841246873454345 ], [ 17.75724720747392, 54.841196285333368 ], [ 17.75713966203061, 54.841163260845967 ], [ 17.757019697847021, 54.841151032613361 ], [ 17.756899057675422, 54.841160797600587 ], [ 17.756789550433286, 54.84119159995673 ], [ 17.756701895334118, 54.841240424574835 ], [ 17.756644672661334, 54.841302492215483 ], [ 17.756623483873579, 54.84137172731127 ], [ 17.756640403254895, 54.841441352668163 ], [ 17.75669377480143, 54.84150455285711 ], [ 17.756778374252686, 54.841555141360942 ], [ 17.756885920433351, 54.841588166170084 ], [ 17.757005885869212, 54.8416003945404 ], [ 17.757126527329682, 54.841590629454252 ], [ 17.757236035404972, 54.841559826800349 ], [ 17.75732369056335, 54.841511001799383 ], [ 17.757380912498778, 54.841448933837 ], [ 17.757402100034259, 54.841379698603518 ] ] ] ] } },
{ "type": "Feature", "properties": { "ID": "T_0007", "Easting": null, "Northing": null, "ID MAG": null, "Estimated_": null, "Depth_of_b": null, "Peak_to_Pe": null, "Instrument": null, "Bottom_Dep": null, "Type _of_g": null, "Risk_Class": null, "Priority": "3", "Sector": "312", "Comments": null, "EAST": 419918.09, "NORTH": 775873.68, "ID_MAG": 2016, "FERR_MASS": 4.14, "DOB": 0.16, "AMPLITUDE": 8.9, "ALTITUDE": 2.32, "DEPTH": -19.47, "TYPE": "pUXO", "RISK": "Low", "COMMENT": "-", "layer": "pUXO MTL_2026-03-11", "In_Corr": "no" }, "geometry": { "type": "MultiPolygon", "coordinates": [ [ [ [ 17.753044099222944, 54.839984079980994 ], [ 17.753027186612123, 54.83991445414128 ], [ 17.752973822880776, 54.839851252364276 ], [ 17.752889231761081, 54.839800661238016 ], [ 17.752781693629654, 54.839767632920044 ], [ 17.752661734963358, 54.839755400406531 ], [ 17.752541097974412, 54.83976516108158 ], [ 17.752431591268763, 54.839795959516337 ], [ 17.752343934007381, 54.839844780987704 ], [ 17.752286706685314, 54.839906846564297 ], [ 17.752265511216272, 54.83997608088071 ], [ 17.752282422538279, 54.840045706819275 ], [ 17.752335785436383, 54.84010890889396 ], [ 17.752420376496666, 54.840159500403068 ], [ 17.752527915365214, 54.840192529042795 ], [ 17.7526478752836, 54.840204761694068 ], [ 17.752768513561353, 54.840195000920183 ], [ 17.752878021100251, 54.840164202187729 ], [ 17.752965678421045, 54.840115380333529 ], [ 17.753022905005995, 54.840053314435181 ], [ 17.753044099222944, 54.839984079980994 ] ] ] ] } },
{ "type": "Feature", "properties": { "ID": "T_0008", "Easting": null, "Northing": null, "ID MAG": null, "Estimated_": null, "Depth_of_b": null, "Peak_to_Pe": null, "Instrument": null, "Bottom_Dep": null, "Type _of_g": null, "Risk_Class": null, "Priority": "3", "Sector": "312", "Comments": null, "EAST": 419626.53, "NORTH": 776399.59, "ID_MAG": 2017, "FERR_MASS": 8.93, "DOB": 0.97, "AMPLITUDE": 5.91, "ALTITUDE": 2.46, "DEPTH": -20.68, "TYPE": "pUXO", "RISK": "Low", "COMMENT": "-", "layer": "pUXO MTL_2026-03-11", "In_Corr": "no" }, "geometry": { "type": "MultiPolygon", "coordinates": [ [ [ [ 17.748357717231809, 54.844663827790185 ], [ 17.748340810866814, 54.844594201381739 ], [ 17.748287448428446, 54.844530997598753 ], [ 17.748202853522386, 54.84448040322556 ], [ 17.748095306895912, 54.844447370737541 ], [ 17.747975335857443, 54.844435133539029 ], [ 17.747854683830234, 54.84444488947274 ], [ 17.747745160892212, 54.844475683573911 ], [ 17.74765748779323, 54.844524501543667 ], [ 17.7476002465786, 54.844586564793339 ], [ 17.747579040521931, 54.8446557981854 ], [ 17.747595945597684, 54.844725424692612 ], [ 17.747649307202387, 54.844788628773308 ], [ 17.7477339020488, 54.844839223529405 ], [ 17.747841449412416, 54.844872256339301 ], [ 17.747961421703259, 54.84488449367565 ], [ 17.748082075019717, 54.844874737643167 ], [ 17.748191598791401, 54.8448439432443 ], [ 17.748279271950032, 54.84479512489164 ], [ 17.748336512427517, 54.844733061320092 ], [ 17.748357717231809, 54.844663827790185 ] ] ] ] } },
{ "type": "Feature", "properties": { "ID": "T_0009", "Easting": null, "Northing": null, "ID MAG": null, "Estimated_": null, "Depth_of_b": null, "Peak_to_Pe": null, "Instrument": null, "Bottom_Dep": null, "Type _of_g": null, "Risk_Class": null, "Priority": "3", "Sector": "312", "Comments": null, "EAST": 419629.02, "NORTH": 776646.65, "ID_MAG": 2018, "FERR_MASS": 9.02, "DOB": 0.66, "AMPLITUDE": 14.05, "ALTITUDE": 2.1, "DEPTH": -22.25, "TYPE": "pUXO", "RISK": "Medium", "COMMENT": "-", "layer": "pUXO MTL_2026-03-11", "In_Corr": "no" }, "geometry": { "type": "MultiPolygon", "coordinates": [ [ [ [ 17.748327761505852, 54.846884605764558 ], [ 17.74831085432271, 54.846814979372489 ], [ 17.748257489053771, 54.846751775584274 ], [ 17.748172889581788, 54.846701181184763 ], [ 17.748065337101, 54.846668148651929 ], [ 17.747945359492867, 54.846655911394507 ], [ 17.747824700823696, 54.846665667260922 ], [ 17.747715171821561, 54.846696461293043 ], [ 17.747627493829896, 54.846745279198728 ], [ 17.747570249372934, 54.846807342395621 ], [ 17.747549042041687, 54.846876575751338 ], [ 17.747565947935403, 54.846946202242179 ], [ 17.747619312370571, 54.847009406328134 ], [ 17.747703911782889, 54.84706000111057 ], [ 17.747811465000925, 54.847093033965287 ], [ 17.747931443861606, 54.847105271360597 ], [ 17.748052103820196, 54.847095515395374 ], [ 17.74816163365611, 54.847064721065543 ], [ 17.748249311707433, 54.847015902776903 ], [ 17.748306555427149, 54.846953839258127 ], [ 17.748327761505852, 54.846884605764558 ] ] ] ] } },
{ "type": "Feature", "properties": { "ID": "T_0010", "Easting": null, "Northing": null, "ID MAG": null, "Estimated_": null, "Depth_of_b": null, "Peak_to_Pe": null, "Instrument": null, "Bottom_Dep": null, "Type _of_g": null, "Risk_Class": null, "Priority": "3", "Sector": "312", "Comments": null, "EAST": 419798.6, "NORTH": 776335.39, "ID_MAG": 2019, "FERR_MASS": 68.96, "DOB": 0.8, "AMPLITUDE": 73.11, "ALTITUDE": 2.34, "DEPTH": -19.85, "TYPE": "pUXO", "RISK": "Medium", "COMMENT": "-", "layer": "pUXO MTL_2026-03-11", "In_Corr": "no" }, "geometry": { "type": "MultiPolygon", "coordinates": [ [ [ [ 17.751055279899514, 54.844114443602301 ], [ 17.751038369098943, 54.844044817540777 ], [ 17.750985003137732, 54.843981614919905 ], [ 17.750900405966377, 54.843931022410331 ], [ 17.750792858553886, 54.843897992304989 ], [ 17.750672888285603, 54.843885757774999 ], [ 17.750552238509389, 54.843895516401851 ], [ 17.750442719082848, 54.84392631295718 ], [ 17.750355050412114, 54.843975132901861 ], [ 17.750297814109054, 54.844037197453964 ], [ 17.750276612966509, 54.844106431348372 ], [ 17.750293522477914, 54.844176057508747 ], [ 17.750346887605595, 54.844239260427322 ], [ 17.750431484717428, 54.8442898533198 ], [ 17.750539032867149, 54.844322883746969 ], [ 17.750659004387806, 54.844335118414769 ], [ 17.750779655453186, 54.844325359689101 ], [ 17.750889175713269, 54.844294562836048 ], [ 17.750976844443517, 54.844245742508463 ], [ 17.751034080009351, 54.844183677634547 ], [ 17.751055279899514, 54.844114443602301 ] ] ] ] } },
{ "type": "Feature", "properties": { "ID": "T_0011", "Easting": null, "Northing": null, "ID MAG": null, "Estimated_": null, "Depth_of_b": null, "Peak_to_Pe": null, "Instrument": null, "Bottom_Dep": null, "Type _of_g": null, "Risk_Class": null, "Priority": "3", "Sector": "312", "Comments": null, "EAST": 419943.6, "NORTH": 776107.6, "ID_MAG": 2020, "FERR_MASS": 251.29, "DOB": 1.68, "AMPLITUDE": 274.54, "ALTITUDE": 2.39, "DEPTH": -19.97, "TYPE": "pUXO", "RISK": "High", "COMMENT": "-", "layer": "pUXO MTL_2026-03-11", "In_Corr": "no" }, "geometry": { "type": "MultiPolygon", "coordinates": [ [ [ [ 17.753376530501235, 54.842090451280249 ], [ 17.753359616491974, 54.84202082550317 ], [ 17.753306249509706, 54.841957623877001 ], [ 17.753221653604847, 54.841907032975008 ], [ 17.753114109622413, 54.841874004932748 ], [ 17.752994144611996, 54.84186177271944 ], [ 17.752873501406789, 54.841871533689783 ], [ 17.752763989221208, 54.841902332386034 ], [ 17.752676327752628, 54.84195115405948 ], [ 17.752619097907925, 54.842013219758968 ], [ 17.752597901847754, 54.842082454107079 ], [ 17.752614814568037, 54.84215207998303 ], [ 17.752668180716967, 54.842215281906917 ], [ 17.752752776562421, 54.842265873191792 ], [ 17.752860321282082, 54.842298901555829 ], [ 17.752980287544762, 54.842311133906904 ], [ 17.753100932038944, 54.842301372837703 ], [ 17.753210445057867, 54.842270573843741 ], [ 17.753298106585852, 54.842221751787413 ], [ 17.753355335693325, 54.842159685766163 ], [ 17.753376530501235, 54.842090451280249 ] ] ] ] } },
{ "type": "Feature", "properties": { "ID": "T_0012", "Easting": null, "Northing": null, "ID MAG": null, "Estimated_": null, "Depth_of_b": null, "Peak_to_Pe": null, "Instrument": null, "Bottom_Dep": null, "Type _of_g": null, "Risk_Class": null, "Priority": "3", "Sector": "312", "Comments": null, "EAST": 419641.65, "NORTH": 776157.55, "ID_MAG": 2021, "FERR_MASS": 275.65, "DOB": 3.99, "AMPLITUDE": 49.58, "ALTITUDE": 2.32, "DEPTH": -20.2, "TYPE": "pUXO", "RISK": "Medium", "COMMENT": "-", "layer": "pUXO MTL_2026-03-11", "In_Corr": "no" }, "geometry": { "type": "MultiPolygon", "coordinates": [ [ [ [ 17.748660506669999, 54.842490991473824 ], [ 17.748643600633905, 54.842421365085059 ], [ 17.748590240535336, 54.842358161425175 ], [ 17.748505649750918, 54.842307567266509 ], [ 17.748398108624478, 54.842274535063417 ], [ 17.748278143926065, 54.842262298192352 ], [ 17.748157498458337, 54.842272054463997 ], [ 17.748047981657173, 54.842302848880479 ], [ 17.747960313671719, 54.842351667112048 ], [ 17.747903076046736, 54.842413730544486 ], [ 17.74788187170445, 54.842482964022267 ], [ 17.747898776451482, 54.842552590509797 ], [ 17.747952135716513, 54.842615794467363 ], [ 17.748036726441299, 54.842666389008926 ], [ 17.748144268304795, 54.842699421533844 ], [ 17.748264234255423, 54.842711658542726 ], [ 17.748384881012218, 54.84270190217233 ], [ 17.748494398646923, 54.842671107458173 ], [ 17.748582066692009, 54.8426222888437 ], [ 17.748639303579932, 54.84256022508945 ], [ 17.748660506669999, 54.842490991473824 ] ] ] ] } },
{ "type": "Feature", "properties": { "ID": "T_0013", "Easting": null, "Northing": null, "ID MAG": null, "Estimated_": null, "Depth_of_b": null, "Peak_to_Pe": null, "Instrument": null, "Bottom_Dep": null, "Type _of_g": null, "Risk_Class": null, "Priority": "3", "Sector": "312", "Comments": null, "EAST": 419911.95, "NORTH": 776183.72, "ID_MAG": 2022, "FERR_MASS": 31.4, "DOB": 1.23, "AMPLITUDE": 18.77, "ALTITUDE": 2.5, "DEPTH": -19.88, "TYPE": "pUXO", "RISK": "Medium", "COMMENT": "-", "layer": "pUXO MTL_2026-03-11", "In_Corr": "no" }, "geometry": { "type": "MultiPolygon", "coordinates": [ [ [ [ 17.752862560323386, 54.842769497052899 ], [ 17.75284564693407, 54.842699871214926 ], [ 17.752792279878673, 54.842636669369313 ], [ 17.752707683214776, 54.842586078110791 ], [ 17.752600137861705, 54.842553049609833 ], [ 17.752480171003217, 54.842540816880529 ], [ 17.752359525653397, 54.842550577328105 ], [ 17.752250011236583, 54.842581375545976 ], [ 17.752162347668555, 54.842630196832268 ], [ 17.752105116061689, 54.842692262273737 ], [ 17.75208391874914, 54.842761496518186 ], [ 17.752100830849422, 54.842831122455024 ], [ 17.752154197071427, 54.842894324598355 ], [ 17.75223879367589, 54.842944916239773 ], [ 17.752346339766198, 54.842977945062515 ], [ 17.752466307876997, 54.842990177929586 ], [ 17.752586954515852, 54.842980417383174 ], [ 17.752696469766057, 54.842949618867578 ], [ 17.752784133393519, 54.842900797198396 ], [ 17.752841364263144, 54.842838731435158 ], [ 17.752862560323386, 54.842769497052899 ] ] ] ] } },
{ "type": "Feature", "properties": { "ID": "T_0014", "Easting": null, "Northing": null, "ID MAG": null, "Estimated_": null, "Depth_of_b": null, "Peak_to_Pe": null, "Instrument": null, "Bottom_Dep": null, "Type _of_g": null, "Risk_Class": null, "Priority": "3", "Sector": "312", "Comments": null, "EAST": 420003.87, "NORTH": 776071.4, "ID_MAG": 2023, "FERR_MASS": 15.99, "DOB": 0.61, "AMPLITUDE": 14.71, "ALTITUDE": 2.28, "DEPTH": -19.84, "TYPE": "pUXO", "RISK": "Medium", "COMMENT": "-", "layer": "pUXO MTL_2026-03-11", "In_Corr": "no" }, "geometry": { "type": "MultiPolygon", "coordinates": [ [ [ [ 17.754325111730676, 54.841774746765175 ], [ 17.754308196209898, 54.841705121109001 ], [ 17.754254828147804, 54.841641919891117 ], [ 17.754170231700506, 54.841591329644793 ], [ 17.754062687766108, 54.841558302441406 ], [ 17.753942723389496, 54.841546071168061 ], [ 17.753822081341827, 54.841555833087433 ], [ 17.753712570724215, 54.841586632648898 ], [ 17.753624911080554, 54.841635455019059 ], [ 17.753567683139092, 54.841697521178553 ], [ 17.753546488874186, 54.841766755704953 ], [ 17.753563403106028, 54.841836381459977 ], [ 17.753616770334833, 54.841899582975572 ], [ 17.753701366722773, 54.841950173604779 ], [ 17.753808911394422, 54.841983201129935 ], [ 17.753928877023284, 54.841995432541026 ], [ 17.754049520359892, 54.841985670522782 ], [ 17.754159031810797, 54.841954870663585 ], [ 17.754246691513814, 54.841906047910555 ], [ 17.754303918718026, 54.8418439814293 ], [ 17.754325111730676, 54.841774746765175 ] ] ] ] } },
{ "type": "Feature", "properties": { "ID": "T_0015", "Easting": null, "Northing": null, "ID MAG": null, "Estimated_": null, "Depth_of_b": null, "Peak_to_Pe": null, "Instrument": null, "Bottom_Dep": null, "Type _of_g": null, "Risk_Class": null, "Priority": "3", "Sector": "312", "Comments": null, "EAST": 420205.18, "NORTH": 776023.43, "ID_MAG": 2024, "FERR_MASS": 101.92, "DOB": 0.92, "AMPLITUDE": 85.87, "ALTITUDE": 2.46, "DEPTH": -19.32, "TYPE": "pUXO", "RISK": "Medium", "COMMENT": "-", "layer": "pUXO MTL_2026-03-11", "In_Corr": "no" }, "geometry": { "type": "MultiPolygon", "coordinates": [ [ [ [ 17.757473253438562, 54.841375751972137 ], [ 17.757456332647273, 54.841306126723403 ], [ 17.75740296016102, 54.841242926862918 ], [ 17.757318360568966, 54.841192338791082 ], [ 17.757210815077034, 54.841159314366436 ], [ 17.757090850882552, 54.841147086204074 ], [ 17.756970210738839, 54.84115685126217 ], [ 17.756860703560648, 54.841187653682837 ], [ 17.756773048555225, 54.841236478352826 ], [ 17.756715825996814, 54.841298546027637 ], [ 17.75669463733286, 54.841367781136505 ], [ 17.756711556835288, 54.841437406484147 ], [ 17.756764928488387, 54.841500606642377 ], [ 17.756849528021235, 54.841551195097097 ], [ 17.756957074250526, 54.841584219843469 ], [ 17.757077039697286, 54.841596448143527 ], [ 17.757197681129863, 54.841586682986531 ], [ 17.757307189141201, 54.841555880268103 ], [ 17.75739484420583, 54.841507055215246 ], [ 17.757452066026882, 54.841444987218715 ], [ 17.757473253438562, 54.841375751972137 ] ] ] ] } },
{ "type": "Feature", "properties": { "ID": "T_0016", "Easting": null, "Northing": null, "ID MAG": null, "Estimated_": null, "Depth_of_b": null, "Peak_to_Pe": null, "Instrument": null, "Bottom_Dep": null, "Type _of_g": null, "Risk_Class": null, "Priority": "3", "Sector": "312", "Comments": null, "EAST": 419662.43, "NORTH": 776372.08, "ID_MAG": 2025, "FERR_MASS": 17.81, "DOB": 0.73, "AMPLITUDE": 15.63, "ALTITUDE": 2.23, "DEPTH": -20.63, "TYPE": "pUXO", "RISK": "Medium", "COMMENT": "-", "layer": "pUXO MTL_2026-03-11", "In_Corr": "no" }, "geometry": { "type": "MultiPolygon", "coordinates": [ [ [ [ 17.748924457061303, 54.844422351925687 ], [ 17.748907549813772, 54.844352725588962 ], [ 17.748854186798585, 54.844289522049685 ], [ 17.748769591677874, 54.844238928068336 ], [ 17.748662045219927, 54.844205896081931 ], [ 17.748542074716664, 54.844193659445736 ], [ 17.748421423538947, 54.844203415947398 ], [ 17.748311901681557, 54.844234210566555 ], [ 17.748224229788576, 54.844283028953619 ], [ 17.748166989787261, 54.844345092479138 ], [ 17.748145784832456, 54.844414325978491 ], [ 17.748162690790771, 54.844483952414009 ], [ 17.748216052972328, 54.844547156250997 ], [ 17.748300648033418, 54.844597750615243 ], [ 17.748408195228524, 54.844630782923495 ], [ 17.748528166984155, 54.844643019697529 ], [ 17.748648819451088, 54.844633263097087 ], [ 17.748758342142104, 54.844602468180241 ], [ 17.74884601409471, 54.844553649410258 ], [ 17.748903253358868, 54.844491585562913 ], [ 17.748924457061303, 54.844422351925687 ] ] ] ] } },
{ "type": "Feature", "properties": { "ID": "T_0017", "Easting": null, "Northing": null, "ID MAG": null, "Estimated_": null, "Depth_of_b": null, "Peak_to_Pe": null, "Instrument": null, "Bottom_Dep": null, "Type _of_g": null, "Risk_Class": null, "Priority": "3", "Sector": "312", "Comments": null, "EAST": 419927.79, "NORTH": 776415.27, "ID_MAG": 2026, "FERR_MASS": 74.86, "DOB": 0.79, "AMPLITUDE": 89.09, "ALTITUDE": 2.42, "DEPTH": -20.71, "TYPE": "pUXO", "RISK": "Medium", "COMMENT": "-", "layer": "pUXO MTL_2026-03-11", "In_Corr": "no" }, "geometry": { "type": "MultiPolygon", "coordinates": [ [ [ [ 17.75304506250302, 54.844853021715998 ], [ 17.753028147982526, 54.844783395920871 ], [ 17.752974777940668, 54.844720194161305 ], [ 17.75289017672738, 54.844669603023583 ], [ 17.752782625707304, 54.844636574666353 ], [ 17.752662652618913, 54.844624342089666 ], [ 17.752542001086098, 54.844634102683756 ], [ 17.75243248113841, 54.844664901027734 ], [ 17.752344813233009, 54.844713722407377 ], [ 17.752287578906849, 54.844775787900275 ], [ 17.752266380759274, 54.844845022149279 ], [ 17.752283293990573, 54.844914648043257 ], [ 17.752336663198935, 54.84497785010057 ], [ 17.752421264352794, 54.845028441621217 ], [ 17.75252881611021, 54.845061470300237 ], [ 17.752648790451069, 54.845073703014734 ], [ 17.752769443273085, 54.845063942321779 ], [ 17.752878964054268, 54.845033143680048 ], [ 17.752966632019099, 54.844984321917501 ], [ 17.753023865607922, 54.844922256102784 ], [ 17.75304506250302, 54.844853021715998 ] ] ] ] } },
{ "type": "Feature", "properties": { "ID": "T_0018", "Easting": null, "Northing": null, "ID MAG": null, "Estimated_": null, "Depth_of_b": null, "Peak_to_Pe": null, "Instrument": null, "Bottom_Dep": null, "Type _of_g": null, "Risk_Class": null, "Priority": "3", "Sector": "312", "Comments": null, "EAST": 419690.48, "NORTH": 776421.38, "ID_MAG": 2027, "FERR_MASS": 6.23, "DOB": -0.29, "AMPLITUDE": 17.04, "ALTITUDE": 2.18, "DEPTH": -20.54, "TYPE": "pUXO", "RISK": "Medium", "COMMENT": "-", "layer": "pUXO MTL_2026-03-11", "In_Corr": "no" }, "geometry": { "type": "MultiPolygon", "coordinates": [ [ [ [ 17.749347588185987, 54.844869921625993 ], [ 17.749330680033641, 54.844800295348563 ], [ 17.749277315774272, 54.844737091993409 ], [ 17.749192719191818, 54.844686498303034 ], [ 17.749085171197642, 54.844653466685955 ], [ 17.748965199234039, 54.844641230461271 ], [ 17.748844546814809, 54.844650987376369 ], [ 17.748735024056259, 54.844681782370415 ], [ 17.748647351690678, 54.844730601057115 ], [ 17.748590111691595, 54.8447926647777 ], [ 17.748568907213638, 54.844861898348448 ], [ 17.748585814076737, 54.844931524724686 ], [ 17.748639177502465, 54.844994728377536 ], [ 17.748723774025319, 54.845045322450837 ], [ 17.74883132275669, 54.845078354389742 ], [ 17.748951295972706, 54.845090590752271 ], [ 17.749071949681181, 54.845080833738379 ], [ 17.749181473273364, 54.84505003844663 ], [ 17.749269145698548, 54.845001219377004 ], [ 17.749326384960437, 54.844939155334593 ], [ 17.749347588185987, 54.844869921625993 ] ] ] ] } },
{ "type": "Feature", "properties": { "ID": "T_0019", "Easting": null, "Northing": null, "ID MAG": null, "Estimated_": null, "Depth_of_b": null, "Peak_to_Pe": null, "Instrument": null, "Bottom_Dep": null, "Type _of_g": null, "Risk_Class": null, "Priority": "3", "Sector": "312", "Comments": null, "EAST": 419852.99, "NORTH": 775947.81, "ID_MAG": 2028, "FERR_MASS": 55.76, "DOB": 2.56, "AMPLITUDE": -7.2, "ALTITUDE": 2.37, "DEPTH": -19.35, "TYPE": "pUXO", "RISK": "Low", "COMMENT": "-", "layer": "pUXO MTL_2026-03-11", "In_Corr": "no" }, "geometry": { "type": "MultiPolygon", "coordinates": [ [ [ [ 17.752009818649721, 54.840639887019073 ], [ 17.751992907564844, 54.840570261050352 ], [ 17.751939544607204, 54.84050705882931 ], [ 17.751854953433252, 54.840456466987405 ], [ 17.751747414424923, 54.840423437752229 ], [ 17.751627454144923, 54.840411204209758 ], [ 17.75150681496342, 54.840420963844792 ], [ 17.751397305700973, 54.840451761330293 ], [ 17.751309645768828, 54.840500582036064 ], [ 17.751252415923453, 54.840562647105685 ], [ 17.75123121832555, 54.840631881223388 ], [ 17.751248128121549, 54.840701507290916 ], [ 17.751301490245876, 54.840764709809655 ], [ 17.751386081360359, 54.840815302034414 ], [ 17.751493621105794, 54.840848331591367 ], [ 17.751613582637923, 54.840860565271626 ], [ 17.751734223108301, 54.840850805537755 ], [ 17.751843733204066, 54.840820007754573 ], [ 17.751931393195676, 54.840771186665947 ], [ 17.751988622303944, 54.840709121274557 ], [ 17.752009818649721, 54.840639887019073 ] ] ] ] } },
{ "type": "Feature", "properties": { "ID": "T_0020", "Easting": null, "Northing": null, "ID MAG": null, "Estimated_": null, "Depth_of_b": null, "Peak_to_Pe": null, "Instrument": null, "Bottom_Dep": null, "Type _of_g": null, "Risk_Class": null, "Priority": "3", "Sector": "312", "Comments": null, "EAST": 419805.69, "NORTH": 776335.29, "ID_MAG": 2029, "FERR_MASS": 2.04, "DOB": 0.23, "AMPLITUDE": 45.95, "ALTITUDE": 2.51, "DEPTH": -19.8, "TYPE": "pUXO", "RISK": "Medium", "COMMENT": "-", "layer": "pUXO MTL_2026-03-11", "In_Corr": "no" }, "geometry": { "type": "MultiPolygon", "coordinates": [ [ [ [ 17.751165722658492, 54.844114680614339 ], [ 17.75114881166742, 54.844045054567196 ], [ 17.751095445532531, 54.843981851994002 ], [ 17.75101084822132, 54.843931259560669 ], [ 17.75090330071648, 54.8438982295527 ], [ 17.750783330412407, 54.843885995131664 ], [ 17.750662680660454, 54.843895753868402 ], [ 17.75055316131585, 54.843926550523761 ], [ 17.750465492776716, 54.843975370548868 ], [ 17.750408256642029, 54.844037435153879 ], [ 17.750387055688158, 54.844106669068566 ], [ 17.750403965390067, 54.84417629521451 ], [ 17.750457330691425, 54.844239498085436 ], [ 17.750541927943125, 54.844290090901673 ], [ 17.750649476185195, 54.844323121231469 ], [ 17.75076944774165, 54.844335355790307 ], [ 17.750890098782769, 54.844325596954754 ], [ 17.750999618960901, 54.84429480000167 ], [ 17.75108728755955, 54.844245979593659 ], [ 17.751144522957006, 54.844183914666829 ], [ 17.751165722658492, 54.844114680614339 ] ] ] ] } },
{ "type": "Feature", "properties": { "ID": "T_0042", "Easting": null, "Northing": null, "ID MAG": null, "Estimated_": null, "Depth_of_b": null, "Peak_to_Pe": null, "Instrument": null, "Bottom_Dep": null, "Type _of_g": null, "Risk_Class": null, "Priority": "2", "Sector": "313", "Comments": null, "EAST": 420806.76, "NORTH": 774980.11, "ID_MAG": 2000, "FERR_MASS": 5.15, "DOB": 0.66, "AMPLITUDE": 7.13, "ALTITUDE": 1.97, "DEPTH": -17.97, "TYPE": "pUXO", "RISK": "Low", "COMMENT": "-", "layer": "pUXO MTL_2026-03-11", "In_Corr": "no" }, "geometry": { "type": "MultiPolygon", "coordinates": [ [ [ [ 17.76712712691964, 54.832094654404159 ], [ 17.767110193130943, 54.832025030332289 ], [ 17.767056817522864, 54.831961834606652 ], [ 17.76697222499002, 54.831911253222891 ], [ 17.766864696047268, 54.83187823738492 ], [ 17.766744756271986, 54.831866018867331 ], [ 17.766624146027258, 54.831875793684191 ], [ 17.766514671301234, 54.831906605022418 ], [ 17.766427048124637, 54.831955436895839 ], [ 17.766369853656151, 54.832017509354799 ], [ 17.766348686593577, 54.832086746360226 ], [ 17.76636561909427, 54.832156370531131 ], [ 17.766418993870037, 54.832219566554514 ], [ 17.766503586344161, 54.832270148321008 ], [ 17.766611116024233, 54.832303164480514 ], [ 17.766731057051231, 54.832315383135629 ], [ 17.766851668583968, 54.83230560821972 ], [ 17.766961144142304, 54.832274796583761 ], [ 17.767048767377617, 54.832225964327598 ], [ 17.767105961108783, 54.832163891547083 ], [ 17.76712712691964, 54.832094654404159 ] ] ] ] } },
{ "type": "Feature", "properties": { "ID": "T_0043", "Easting": null, "Northing": null, "ID MAG": null, "Estimated_": null, "Depth_of_b": null, "Peak_to_Pe": null, "Instrument": null, "Bottom_Dep": null, "Type _of_g": null, "Risk_Class": null, "Priority": "2", "Sector": "313", "Comments": null, "EAST": 420782.76, "NORTH": 775011.43, "ID_MAG": 2001, "FERR_MASS": 16.94, "DOB": 1.33, "AMPLITUDE": 12.73, "ALTITUDE": 2.16, "DEPTH": -17.98, "TYPE": "pUXO", "RISK": "Medium", "COMMENT": "-", "layer": "pUXO MTL_2026-03-11", "In_Corr": "no" }, "geometry": { "type": "MultiPolygon", "coordinates": [ [ [ [ 17.76674489435754, 54.832372340938115 ], [ 17.766727961118516, 54.832302716818788 ], [ 17.766674585750287, 54.8322395209291 ], [ 17.766589993124004, 54.832188939280762 ], [ 17.766482463763666, 54.832155923103556 ], [ 17.76636252328753, 54.832143704205279 ], [ 17.766241912127281, 54.832153478637302 ], [ 17.766132436360689, 54.832184289624195 ], [ 17.766044812120324, 54.832233121214145 ], [ 17.765987616668998, 54.832295193485265 ], [ 17.765966448800722, 54.832364430416881 ], [ 17.76598338075172, 54.83243405463525 ], [ 17.766036755287601, 54.832497250822691 ], [ 17.766121347855151, 54.832547832853777 ], [ 17.766228877952805, 54.832580849352517 ], [ 17.766348819680676, 54.832593068388306 ], [ 17.766469432128954, 54.832583293857247 ], [ 17.766578908727887, 54.83255248257263 ], [ 17.766666533026985, 54.832503650599925 ], [ 17.766723727740995, 54.832441578007256 ], [ 17.76674489435754, 54.832372340938115 ] ] ] ] } },
{ "type": "Feature", "properties": { "ID": "T_0044", "Easting": null, "Northing": null, "ID MAG": null, "Estimated_": null, "Depth_of_b": null, "Peak_to_Pe": null, "Instrument": null, "Bottom_Dep": null, "Type _of_g": null, "Risk_Class": null, "Priority": "2", "Sector": "313", "Comments": null, "EAST": 420203.68, "NORTH": 775533.41, "ID_MAG": 2002, "FERR_MASS": 5.21, "DOB": 0.91, "AMPLITUDE": 6.21, "ALTITUDE": 1.92, "DEPTH": -18.17, "TYPE": "pUXO", "RISK": "Low", "COMMENT": "-", "layer": "pUXO MTL_2026-03-11", "In_Corr": "no" }, "geometry": { "type": "MultiPolygon", "coordinates": [ [ [ [ 17.757585191868234, 54.836971583840217 ], [ 17.757568272610772, 54.836901958565853 ], [ 17.75751490565559, 54.836838758738182 ], [ 17.757430315050396, 54.836788170754431 ], [ 17.757322781121406, 54.836755146464533 ], [ 17.757202829934119, 54.836742918470385 ], [ 17.757082202968672, 54.836752683713684 ], [ 17.756972707849883, 54.836783486318438 ], [ 17.756885062604574, 54.836832311153387 ], [ 17.756827846551605, 54.836894378957822 ], [ 17.756806660501589, 54.836963614148324 ], [ 17.756823578470534, 54.83703323952161 ], [ 17.756876944592793, 54.837096439646963 ], [ 17.756961535138807, 54.837147028013526 ], [ 17.757069069804956, 54.837180052625094 ], [ 17.75718902224418, 54.837192280756938 ], [ 17.75730965049814, 54.837182515414725 ], [ 17.757419146449852, 54.837151712512274 ], [ 17.757506791754345, 54.837102887294527 ], [ 17.757564007070155, 54.837040819168408 ], [ 17.757585191868234, 54.836971583840217 ] ] ] ] } },
{ "type": "Feature", "properties": { "ID": "T_0045", "Easting": null, "Northing": null, "ID MAG": null, "Estimated_": null, "Depth_of_b": null, "Peak_to_Pe": null, "Instrument": null, "Bottom_Dep": null, "Type _of_g": null, "Risk_Class": null, "Priority": "2", "Sector": "313", "Comments": null, "EAST": 420330.02, "NORTH": 775233.83, "ID_MAG": 2003, "FERR_MASS": 31.07, "DOB": 1.44, "AMPLITUDE": 17.5, "ALTITUDE": 2.37, "DEPTH": -18.14, "TYPE": "pUXO", "RISK": "Medium", "COMMENT": "-", "layer": "pUXO MTL_2026-03-11", "In_Corr": "no" }, "geometry": { "type": "MultiPolygon", "coordinates": [ [ [ [ 17.759634953158997, 54.834299297309443 ], [ 17.759618031416544, 54.834229672278383 ], [ 17.759564664706971, 54.834166473326057 ], [ 17.759480077053922, 54.83411588676401 ], [ 17.759372548494621, 54.834082864302985 ], [ 17.75925260456895, 54.834070638365894 ], [ 17.759131986046246, 54.834080405693072 ], [ 17.759022499724939, 54.834111210204554 ], [ 17.758934862770708, 54.834160036582396 ], [ 17.758877653690845, 54.834222105414909 ], [ 17.758856472613388, 54.834291341018009 ], [ 17.758873393067571, 54.834360966148004 ], [ 17.75892675894443, 54.834424165398012 ], [ 17.759011346538401, 54.834474752342835 ], [ 17.759118875834822, 54.834507775125481 ], [ 17.759238821012261, 54.834520001200211 ], [ 17.759359440823236, 54.834510233774104 ], [ 17.759468927977256, 54.834479428964926 ], [ 17.759556564990561, 54.834430602204321 ], [ 17.759613773333303, 54.834368533050181 ], [ 17.759634953158997, 54.834299297309443 ] ] ] ] } },
{ "type": "Feature", "properties": { "ID": "T_0048", "Easting": null, "Northing": null, "ID MAG": null, "Estimated_": null, "Depth_of_b": null, "Peak_to_Pe": null, "Instrument": null, "Bottom_Dep": null, "Type _of_g": null, "Risk_Class": null, "Priority": "2", "Sector": "313", "Comments": null, "EAST": 420863.63, "NORTH": 774745.62, "ID_MAG": 2006, "FERR_MASS": 73.94, "DOB": 2.58, "AMPLITUDE": 16.85, "ALTITUDE": 2.42, "DEPTH": -17.64, "TYPE": "pUXO", "RISK": "Medium", "COMMENT": "-", "layer": "pUXO MTL_2026-03-11", "In_Corr": "no" }, "geometry": { "type": "MultiPolygon", "coordinates": [ [ [ [ 17.768076701479274, 54.82999621300376 ], [ 17.768059766878011, 54.829926589036859 ], [ 17.768006392499188, 54.829863393713744 ], [ 17.767921803117083, 54.829812812990646 ], [ 17.767814278938118, 54.829779798006804 ], [ 17.767694345073373, 54.829767580453179 ], [ 17.767573741307384, 54.829777356249558 ], [ 17.767464272994147, 54.829808168486913 ], [ 17.767376655536673, 54.829857001091064 ], [ 17.767319465533827, 54.829919074040852 ], [ 17.767298301246274, 54.829988311249132 ], [ 17.76731523455971, 54.830057935315054 ], [ 17.767368608106359, 54.830121130935922 ], [ 17.767453197429802, 54.830171712041725 ], [ 17.76756072234603, 54.830204727347073 ], [ 17.767680657462346, 54.830216945038174 ], [ 17.767801262516159, 54.830207169142767 ], [ 17.767910731661573, 54.83017635660768 ], [ 17.767998349177706, 54.830127523620817 ], [ 17.768055538443292, 54.830065450349508 ], [ 17.768076701479274, 54.82999621300376 ] ] ] ] } },
{ "type": "Feature", "properties": { "ID": "T_0049", "Easting": null, "Northing": null, "ID MAG": null, "Estimated_": null, "Depth_of_b": null, "Peak_to_Pe": null, "Instrument": null, "Bottom_Dep": null, "Type _of_g": null, "Risk_Class": null, "Priority": "2", "Sector": "313", "Comments": null, "EAST": 420267.64, "NORTH": 775691.36, "ID_MAG": 2007, "FERR_MASS": 0.97, "DOB": 2.53, "AMPLITUDE": 7.55, "ALTITUDE": 2.39, "DEPTH": -18.61, "TYPE": "pUXO", "RISK": "Low", "COMMENT": "-", "layer": "pUXO MTL_2026-03-11", "In_Corr": "no" }, "geometry": { "type": "MultiPolygon", "coordinates": [ [ [ [ 17.758537517933316, 54.838401307420256 ], [ 17.758520596473875, 54.838331682283346 ], [ 17.758467226171756, 54.838268482871797 ], [ 17.758382631402299, 54.838217895542023 ], [ 17.758275092899339, 54.838184872079999 ], [ 17.758155137176097, 54.838172645006566 ], [ 17.758034506156697, 54.838182411173307 ], [ 17.757925007862777, 54.838213214613809 ], [ 17.757837360631953, 54.838262040115019 ], [ 17.757780143977449, 54.838324108351038 ], [ 17.757758958768772, 54.83839334369619 ], [ 17.757775878939604, 54.838462968932006 ], [ 17.757829248408758, 54.838526168641309 ], [ 17.757913843119074, 54.838576756353881 ], [ 17.758021382359296, 54.838609780137595 ], [ 17.758141339334603, 54.838622007348718 ], [ 17.758261971642618, 54.838612241083062 ], [ 17.758371470769497, 54.8385814373448 ], [ 17.758459118059463, 54.838532611460785 ], [ 17.758516333976708, 54.838470542903067 ], [ 17.758537517933316, 54.838401307420256 ] ] ] ] } },
{ "type": "Feature", "properties": { "ID": "T_0050", "Easting": null, "Northing": null, "ID MAG": null, "Estimated_": null, "Depth_of_b": null, "Peak_to_Pe": null, "Instrument": null, "Bottom_Dep": null, "Type _of_g": null, "Risk_Class": null, "Priority": "2", "Sector": "313", "Comments": null, "EAST": 420184.39, "NORTH": 775246.3, "ID_MAG": 2008, "FERR_MASS": 23.89, "DOB": 2.04, "AMPLITUDE": 6.51, "ALTITUDE": 2.25, "DEPTH": -18.15, "TYPE": "pUXO", "RISK": "Low", "COMMENT": "-", "layer": "pUXO MTL_2026-03-11", "In_Corr": "no" }, "geometry": { "type": "MultiPolygon", "coordinates": [ [ [ [ 17.757364108956086, 54.834388180925515 ], [ 17.757347191092315, 54.834318555598642 ], [ 17.757293827830782, 54.834255355666464 ], [ 17.757209242857627, 54.834204767536427 ], [ 17.757101715947755, 54.834171743072787 ], [ 17.756981772479609, 54.834159514894445 ], [ 17.756861153177752, 54.834169279961145 ], [ 17.756751664916859, 54.834200082414171 ], [ 17.756664025052473, 54.834248907137095 ], [ 17.756606812376734, 54.834310974880204 ], [ 17.756585627369649, 54.834380210066044 ], [ 17.75660254394511, 54.834449835491803 ], [ 17.75665590637384, 54.834513035721649 ], [ 17.756740491287815, 54.834563624234463 ], [ 17.756848018934718, 54.834596649019765 ], [ 17.756967963654596, 54.834608877335768 ], [ 17.757088584244769, 54.834599112170181 ], [ 17.757198073338454, 54.834568309419474 ], [ 17.757285713262029, 54.834519484313795 ], [ 17.757342925200735, 54.83445741624903 ], [ 17.757364108956086, 54.834388180925515 ] ] ] ] } },
{ "type": "Feature", "properties": { "ID": "T_0051", "Easting": null, "Northing": null, "ID MAG": null, "Estimated_": null, "Depth_of_b": null, "Peak_to_Pe": null, "Instrument": null, "Bottom_Dep": null, "Type _of_g": null, "Risk_Class": null, "Priority": "2", "Sector": "313", "Comments": null, "EAST": 420328.48, "NORTH": 775232.45, "ID_MAG": 2009, "FERR_MASS": 9.26, "DOB": 1.42, "AMPLITUDE": 7.2, "ALTITUDE": 1.85, "DEPTH": -18.14, "TYPE": "pUXO", "RISK": "Low", "COMMENT": "-", "layer": "pUXO MTL_2026-03-11", "In_Corr": "no" }, "geometry": { "type": "MultiPolygon", "coordinates": [ [ [ [ 17.759611356266582, 54.834286649914205 ], [ 17.759594434569753, 54.834217024879933 ], [ 17.759541067913592, 54.834153825917397 ], [ 17.759456480316512, 54.834103239339079 ], [ 17.759348951810253, 54.834070216857363 ], [ 17.759229007929513, 54.834057990897158 ], [ 17.759108389439231, 54.83406775820108 ], [ 17.758998903134653, 54.834098562691423 ], [ 17.758911266179837, 54.834147389052326 ], [ 17.758854057082122, 54.834209457873762 ], [ 17.75883287597129, 54.834278693472704 ], [ 17.758849796379845, 54.834348318605883 ], [ 17.758903162203296, 54.834411517866137 ], [ 17.758987749741301, 54.834462104827232 ], [ 17.759095278984674, 54.834495127630554 ], [ 17.759215224117181, 54.834507353728412 ], [ 17.759335843895737, 54.834497586325554 ], [ 17.759445331033021, 54.834466781537522 ], [ 17.759532968046916, 54.834417954793857 ], [ 17.759590176407514, 54.834355885650794 ], [ 17.759611356266582, 54.834286649914205 ] ] ] ] } },
{ "type": "Feature", "properties": { "ID": "T_0053", "Easting": null, "Northing": null, "ID MAG": null, "Estimated_": null, "Depth_of_b": null, "Peak_to_Pe": null, "Instrument": null, "Bottom_Dep": null, "Type _of_g": null, "Risk_Class": null, "Priority": "2", "Sector": "313", "Comments": null, "EAST": 420155.51, "NORTH": 775675.46, "ID_MAG": 2011, "FERR_MASS": 45.72, "DOB": 1.24, "AMPLITUDE": 41.54, "ALTITUDE": 2.49, "DEPTH": -18.95, "TYPE": "pUXO", "RISK": "Medium", "COMMENT": "-", "layer": "pUXO MTL_2026-03-11", "In_Corr": "no" }, "geometry": { "type": "MultiPolygon", "coordinates": [ [ [ [ 17.756795914169217, 54.838240543864792 ], [ 17.756778995774699, 54.838170918498925 ], [ 17.756725628414056, 54.83810771833506 ], [ 17.756641036174699, 54.838057129803282 ], [ 17.756533499542826, 54.838024104807189 ], [ 17.756413544848492, 54.838011876017752 ], [ 17.756292913915129, 54.838021640454599 ], [ 17.756183414755945, 54.838052442320596 ], [ 17.756095765793241, 54.838101266556826 ], [ 17.756038546709764, 54.838163333961212 ], [ 17.756017358612777, 54.838232568989497 ], [ 17.756034275718672, 54.838302194454243 ], [ 17.756087642246296, 54.838365394915812 ], [ 17.756172234426423, 54.838415983830423 ], [ 17.756279771795487, 54.838449009148228 ], [ 17.75639972774184, 54.838461238075347 ], [ 17.756520359963829, 54.838451473539628 ], [ 17.756629859956032, 54.838420671375907 ], [ 17.75671750897796, 54.83837184675685 ], [ 17.756774727324252, 54.838309779030759 ], [ 17.756795914169217, 54.838240543864792 ] ] ] ] } },
{ "type": "Feature", "properties": { "ID": "T_0054", "Easting": null, "Northing": null, "ID MAG": null, "Estimated_": null, "Depth_of_b": null, "Peak_to_Pe": null, "Instrument": null, "Bottom_Dep": null, "Type _of_g": null, "Risk_Class": null, "Priority": "2", "Sector": "313", "Comments": null, "EAST": 420445.87, "NORTH": 774647.51, "ID_MAG": 2012, "FERR_MASS": 150.03, "DOB": 2.3, "AMPLITUDE": 76.53, "ALTITUDE": 2.38, "DEPTH": -16.81, "TYPE": "pUXO", "RISK": "Medium", "COMMENT": "-", "layer": "pUXO MTL_2026-03-11", "In_Corr": "no" }, "geometry": { "type": "MultiPolygon", "coordinates": [ [ [ [ 17.761600013813634, 54.829048297709456 ], [ 17.761583090743834, 54.828978672887096 ], [ 17.761529727753036, 54.82891547476445 ], [ 17.761445148500815, 54.82886488957184 ], [ 17.761337632202054, 54.828831868885949 ], [ 17.7612177031965, 54.828819644955956 ], [ 17.761097100793073, 54.828829414325753 ], [ 17.760987630212384, 54.828860220715413 ], [ 17.760900007079368, 54.828909048623125 ], [ 17.760842808548418, 54.828971118487466 ], [ 17.760821633714936, 54.829040354523286 ], [ 17.76083855549691, 54.829109979444588 ], [ 17.760891917655336, 54.829173177864888 ], [ 17.760976496848592, 54.829223763440211 ], [ 17.761084013884311, 54.829256784447637 ], [ 17.761203944141254, 54.829269008515197 ], [ 17.761324547832515, 54.829259239046493 ], [ 17.761434019245574, 54.829228432359173 ], [ 17.761521642437554, 54.829179604068763 ], [ 17.761578840231547, 54.829117533882886 ], [ 17.761600013813634, 54.829048297709456 ] ] ] ] } },
{ "type": "Feature", "properties": { "ID": "T_0055", "Easting": null, "Northing": null, "ID MAG": null, "Estimated_": null, "Depth_of_b": null, "Peak_to_Pe": null, "Instrument": null, "Bottom_Dep": null, "Type _of_g": null, "Risk_Class": null, "Priority": "2", "Sector": "313", "Comments": null, "EAST": 420120.46, "NORTH": 775223.84, "ID_MAG": 2013, "FERR_MASS": 38.43, "DOB": 1.94, "AMPLITUDE": 19.3, "ALTITUDE": 2.64, "DEPTH": -18.11, "TYPE": "pUXO", "RISK": "Medium", "COMMENT": "-", "layer": "pUXO MTL_2026-03-11", "In_Corr": "no" }, "geometry": { "type": "MultiPolygon", "coordinates": [ [ [ [ 17.756374948376212, 54.834176134929677 ], [ 17.756358032300248, 54.834106509471688 ], [ 17.756304670865504, 54.834043309111863 ], [ 17.756220087579287, 54.83399272029947 ], [ 17.756112562051403, 54.833959694965564 ], [ 17.755992619525006, 54.833947465814241 ], [ 17.755872000632486, 54.833957229900498 ], [ 17.755762512208445, 54.833988031461587 ], [ 17.755674871624404, 54.834036855468348 ], [ 17.755617657742924, 54.834098922741219 ], [ 17.755596471162047, 54.834168157748778 ], [ 17.755613385949705, 54.834237783305639 ], [ 17.755666746551629, 54.834300983963125 ], [ 17.755751329778608, 54.834351573158287 ], [ 17.755858856043478, 54.834384598813848 ], [ 17.755978799821577, 54.83439682810284 ], [ 17.756099420002407, 54.834387063917724 ], [ 17.756208909259268, 54.834356262058982 ], [ 17.756296549902544, 54.834307437669437 ], [ 17.756353763047034, 54.834245370074903 ], [ 17.756374948376212, 54.834176134929677 ] ] ] ] } },
{ "type": "Feature", "properties": { "ID": "T_0056", "Easting": null, "Northing": null, "ID MAG": null, "Estimated_": null, "Depth_of_b": null, "Peak_to_Pe": null, "Instrument": null, "Bottom_Dep": null, "Type _of_g": null, "Risk_Class": null, "Priority": "2", "Sector": "313", "Comments": null, "EAST": 420405.79, "NORTH": 775727.96, "ID_MAG": 2014, "FERR_MASS": 3.06, "DOB": 0.15, "AMPLITUDE": 5.84, "ALTITUDE": 2.05, "DEPTH": -18.5, "TYPE": "pUXO", "RISK": "Low", "COMMENT": "-", "layer": "pUXO MTL_2026-03-11", "In_Corr": "no" }, "geometry": { "type": "MultiPolygon", "coordinates": [ [ [ [ 17.760678599419819, 54.838752218782311 ], [ 17.760661674132287, 54.838682593928347 ], [ 17.760608300015388, 54.838619395442272 ], [ 17.760523701817871, 54.838568809589944 ], [ 17.760416160609115, 54.838535788012699 ], [ 17.760296203167183, 54.838523563046856 ], [ 17.760175571584444, 54.838533331337722 ], [ 17.760066073937665, 54.838564136710971 ], [ 17.759978428501128, 54.838612963764362 ], [ 17.759921214612433, 54.838675033020046 ], [ 17.759900032870373, 54.838744268752514 ], [ 17.75991695686929, 54.838813893705449 ], [ 17.759970330153283, 54.838877092489291 ], [ 17.760054928291762, 54.838927678724431 ], [ 17.760162470237884, 54.838960700623353 ], [ 17.760282428931937, 54.838972925726843 ], [ 17.760403061803295, 54.838963157337012 ], [ 17.760512560282972, 54.838932351665996 ], [ 17.760600205778552, 54.838883524229793 ], [ 17.760657418929881, 54.838821454652432 ], [ 17.760678599419819, 54.838752218782311 ] ] ] ] } },
{ "type": "Feature", "properties": { "ID": "T_0060", "Easting": null, "Northing": null, "ID MAG": null, "Estimated_": null, "Depth_of_b": null, "Peak_to_Pe": null, "Instrument": null, "Bottom_Dep": null, "Type _of_g": null, "Risk_Class": null, "Priority": "2", "Sector": "323", "Comments": null, "EAST": 422468.6, "NORTH": 776511.3, "ID_MAG": 2057, "FERR_MASS": 21.33, "DOB": 1.68, "AMPLITUDE": 5.92, "ALTITUDE": 2.24, "DEPTH": -18.99, "TYPE": "pUXO", "RISK": "Low", "COMMENT": "-", "layer": "pUXO MTL_2026-03-11", "In_Corr": "no" }, "geometry": { "type": "MultiPolygon", "coordinates": [ [ [ [ 17.792589438737394, 54.846116011881293 ], [ 17.792572455545166, 54.846046391275841 ], [ 17.792519021799666, 54.845983206602689 ], [ 17.79243436808639, 54.845932642775551 ], [ 17.792326780908773, 54.845899649279737 ], [ 17.792206791544405, 54.845887455702808 ], [ 17.792086145210288, 54.845897255617587 ], [ 17.791976651427134, 54.84592808975421 ], [ 17.791889028091138, 54.845976939894953 ], [ 17.79183185237676, 54.846039024302065 ], [ 17.791810721146252, 54.846108265766837 ], [ 17.791827703049687, 54.846177886471786 ], [ 17.791881135963102, 54.846241071443096 ], [ 17.791965789618832, 54.846291635653188 ], [ 17.792073377535413, 54.84632462947048 ], [ 17.792193368153004, 54.846336823184593 ], [ 17.792314015775915, 54.846327023170339 ], [ 17.792423510391156, 54.846296188735536 ], [ 17.7925111337847, 54.846247338211839 ], [ 17.79256830876011, 54.84618525348327 ], [ 17.792589438737394, 54.846116011881293 ] ] ] ] } },
{ "type": "Feature", "properties": { "ID": "T_0061", "Easting": null, "Northing": null, "ID MAG": null, "Estimated_": null, "Depth_of_b": null, "Peak_to_Pe": null, "Instrument": null, "Bottom_Dep": null, "Type _of_g": null, "Risk_Class": null, "Priority": "2", "Sector": "323", "Comments": null, "EAST": 422474.16, "NORTH": 776506.74, "ID_MAG": 2058, "FERR_MASS": 8.54, "DOB": 1.01, "AMPLITUDE": 5.25, "ALTITUDE": 2.36, "DEPTH": -18.98, "TYPE": "pUXO", "RISK": "Low", "COMMENT": "-", "layer": "pUXO MTL_2026-03-11", "In_Corr": "no" }, "geometry": { "type": "MultiPolygon", "coordinates": [ [ [ [ 17.792677255886151, 54.846075890619126 ], [ 17.792660272558358, 54.846006270024837 ], [ 17.792606838727149, 54.8459430853895 ], [ 17.792522184986396, 54.845892521623142 ], [ 17.792414597842239, 54.845859528205096 ], [ 17.792294608568987, 54.845847334715323 ], [ 17.792173962374715, 54.845857134718109 ], [ 17.792064468766455, 54.845887968935003 ], [ 17.791976845623282, 54.845936819140384 ], [ 17.791919670100782, 54.8459989035902 ], [ 17.791898539042421, 54.846068145071563 ], [ 17.791915521081428, 54.846137765765327 ], [ 17.791968954080559, 54.846200950698837 ], [ 17.792053607763766, 54.846251514848149 ], [ 17.792161195646894, 54.846284508587672 ], [ 17.792281186173369, 54.846296702214623 ], [ 17.792401833656427, 54.846286902112354 ], [ 17.792511328096769, 54.846256067597274 ], [ 17.792598951297482, 54.846207217008939 ], [ 17.792656126081017, 54.846145132237673 ], [ 17.792677255886151, 54.846075890619126 ] ] ] ] } },
{ "type": "Feature", "properties": { "ID": "T_0062", "Easting": null, "Northing": null, "ID MAG": null, "Estimated_": null, "Depth_of_b": null, "Peak_to_Pe": null, "Instrument": null, "Bottom_Dep": null, "Type _of_g": null, "Risk_Class": null, "Priority": "2", "Sector": "323", "Comments": null, "EAST": 422476.73, "NORTH": 776517.86, "ID_MAG": 2059, "FERR_MASS": 3.21, "DOB": -0.04, "AMPLITUDE": 5.23, "ALTITUDE": 2.29, "DEPTH": -19.06, "TYPE": "pUXO", "RISK": "Low", "COMMENT": "-", "layer": "pUXO MTL_2026-03-11", "In_Corr": "no" }, "geometry": { "type": "MultiPolygon", "coordinates": [ [ [ [ 17.792714297852683, 54.84617622795205 ], [ 17.792697314421453, 54.846106607363545 ], [ 17.792643880401837, 54.8460434227446 ], [ 17.792559226406166, 54.845992859003616 ], [ 17.792451638965527, 54.845959865617459 ], [ 17.79233164938325, 54.845947672162971 ], [ 17.792211002897655, 54.845957472200972 ], [ 17.792101509044297, 54.845988306449563 ], [ 17.792013885726238, 54.846037156680033 ], [ 17.791956710116182, 54.846099241145851 ], [ 17.791935579066166, 54.846168482632578 ], [ 17.791952561208607, 54.846238103320566 ], [ 17.792005994396135, 54.84630128823769 ], [ 17.792090648334259, 54.846351852361622 ], [ 17.79219823651388, 54.846384846069263 ], [ 17.792318227349387, 54.846397039660928 ], [ 17.792438875123775, 54.846387239523445 ], [ 17.792548369809218, 54.846356404976675 ], [ 17.792635993184824, 54.84630755436325 ], [ 17.792693168055905, 54.846245469575969 ], [ 17.792714297852683, 54.84617622795205 ] ] ] ] } },
{ "type": "Feature", "properties": { "ID": "T_0065", "Easting": null, "Northing": null, "ID MAG": null, "Estimated_": null, "Depth_of_b": null, "Peak_to_Pe": null, "Instrument": null, "Bottom_Dep": null, "Type _of_g": null, "Risk_Class": null, "Priority": "2", "Sector": "323", "Comments": null, "EAST": 422594.26, "NORTH": 776592.28, "ID_MAG": 2062, "FERR_MASS": 10.24, "DOB": 0.68, "AMPLITUDE": 7.56, "ALTITUDE": 2.56, "DEPTH": -19.98, "TYPE": "pUXO", "RISK": "Low", "COMMENT": "-", "layer": "pUXO MTL_2026-03-11", "In_Corr": "no" }, "geometry": { "type": "MultiPolygon", "coordinates": [ [ [ [ 17.794524814629526, 54.846863253526749 ], [ 17.794507827805933, 54.84679363318245 ], [ 17.794454390053136, 54.84673044934889 ], [ 17.79436973234888, 54.846679886857551 ], [ 17.794262141587261, 54.846646895063024 ], [ 17.794142149396677, 54.846634703386314 ], [ 17.794021501270766, 54.846644505214222 ], [ 17.793912006905632, 54.846675341089671 ], [ 17.793824384254439, 54.846724192624698 ], [ 17.793767210424626, 54.846786277945064 ], [ 17.793746082093989, 54.846855519752694 ], [ 17.793763067628756, 54.846925140196504 ], [ 17.793816504549504, 54.846988324328272 ], [ 17.793901162196299, 54.847038887202565 ], [ 17.794008753696996, 54.847071879318563 ], [ 17.794128747140896, 54.847084071132429 ], [ 17.794249396555632, 54.847074269204995 ], [ 17.794358891752822, 54.847043433031352 ], [ 17.794446514461473, 54.846994581113357 ], [ 17.794503687552204, 54.846932495471535 ], [ 17.794524814629526, 54.846863253526749 ] ] ] ] } },
{ "type": "Feature", "properties": { "ID": "T_0068", "Easting": null, "Northing": null, "ID MAG": null, "Estimated_": null, "Depth_of_b": null, "Peak_to_Pe": null, "Instrument": null, "Bottom_Dep": null, "Type _of_g": null, "Risk_Class": null, "Priority": "2", "Sector": "323", "Comments": null, "EAST": 422619.16, "NORTH": 776532.99, "ID_MAG": 2065, "FERR_MASS": 17.51, "DOB": 1.12, "AMPLITUDE": 9.96, "ALTITUDE": 2.64, "DEPTH": -19.74, "TYPE": "pUXO", "RISK": "Low", "COMMENT": "-", "layer": "pUXO MTL_2026-03-11", "In_Corr": "no" }, "geometry": { "type": "MultiPolygon", "coordinates": [ [ [ [ 17.794928505467986, 54.846334242633887 ], [ 17.794911518157207, 54.846264622337763 ], [ 17.79485808045786, 54.846201438676793 ], [ 17.794773423342448, 54.846150876465565 ], [ 17.794665833647429, 54.846117885031212 ], [ 17.794545842896792, 54.846105693759554 ], [ 17.794425196443225, 54.846115495997701 ], [ 17.794315703819141, 54.846146332248424 ], [ 17.794228082807287, 54.846195184087023 ], [ 17.794170910354637, 54.846257269609545 ], [ 17.794149783004169, 54.846326511498141 ], [ 17.79416676902617, 54.846396131893776 ], [ 17.79422020589351, 54.846459315852954 ], [ 17.794304862951481, 54.846509878447129 ], [ 17.794412453385572, 54.846542870202946 ], [ 17.794532445389489, 54.846555061611767 ], [ 17.794653093131839, 54.846545259274087 ], [ 17.794762586587929, 54.846514422725164 ], [ 17.79485020765722, 54.846465570503611 ], [ 17.794907379370802, 54.846403484659625 ], [ 17.794928505467986, 54.846334242633887 ] ] ] ] } },
{ "type": "Feature", "properties": { "ID": "T_0077", "Easting": null, "Northing": null, "ID MAG": null, "Estimated_": null, "Depth_of_b": null, "Peak_to_Pe": null, "Instrument": null, "Bottom_Dep": null, "Type _of_g": null, "Risk_Class": null, "Priority": "2", "Sector": "323", "Comments": null, "EAST": 422538.74, "NORTH": 776345.45, "ID_MAG": 2074, "FERR_MASS": 17.3, "DOB": 2.29, "AMPLITUDE": 5.04, "ALTITUDE": 2.31, "DEPTH": -20.12, "TYPE": "pUXO", "RISK": "Low", "COMMENT": "-", "layer": "pUXO MTL_2026-03-11", "In_Corr": "no" }, "geometry": { "type": "MultiPolygon", "coordinates": [ [ [ [ 17.793726293152556, 54.844636316773695 ], [ 17.793709308584251, 54.844566696303957 ], [ 17.793655874975951, 54.844503512116852 ], [ 17.793571222899708, 54.844452949078473 ], [ 17.793463638698711, 54.844419956596937 ], [ 17.793343653359173, 54.844407764160557 ], [ 17.793223011704129, 54.84441756523043 ], [ 17.793113522796297, 54.844448400423744 ], [ 17.793025904054655, 54.844497251419256 ], [ 17.792968732203946, 54.844559336395541 ], [ 17.792947603728209, 54.844628578088205 ], [ 17.792964587007855, 54.844698198657454 ], [ 17.793018019784189, 54.844761383142725 ], [ 17.793102671802941, 54.844811946564029 ], [ 17.793210256742888, 54.844844939367007 ], [ 17.793330243335554, 54.844857131940572 ], [ 17.793450886279256, 54.844847330771167 ], [ 17.793560376019055, 54.844816495279694 ], [ 17.793647994818187, 54.844767643901264 ], [ 17.79370516592995, 54.844705558603536 ], [ 17.793726293152556, 54.844636316773695 ] ] ] ] } },
{ "type": "Feature", "properties": { "ID": "T_0078", "Easting": null, "Northing": null, "ID MAG": null, "Estimated_": null, "Depth_of_b": null, "Peak_to_Pe": null, "Instrument": null, "Bottom_Dep": null, "Type _of_g": null, "Risk_Class": null, "Priority": "2", "Sector": "323", "Comments": null, "EAST": 422471.61, "NORTH": 776524.53, "ID_MAG": 2075, "FERR_MASS": 94.0, "DOB": 1.33, "AMPLITUDE": 81.74, "ALTITUDE": 2.28, "DEPTH": -19.13, "TYPE": "pUXO", "RISK": "Medium", "COMMENT": "-", "layer": "pUXO MTL_2026-03-11", "In_Corr": "no" }, "geometry": { "type": "MultiPolygon", "coordinates": [ [ [ [ 17.792632766987968, 54.846235380691503 ], [ 17.792615783673956, 54.846165760092823 ], [ 17.792562349705484, 54.846102575438863 ], [ 17.792477695689865, 54.846052011641412 ], [ 17.792370108160146, 54.846019018182872 ], [ 17.79225011842837, 54.846006824647191 ], [ 17.792129471747508, 54.846016624603109 ], [ 17.792019977672204, 54.846047458776781 ], [ 17.791932354127262, 54.846096308946827 ], [ 17.791875178307588, 54.846158393372619 ], [ 17.791854047085742, 54.846227634843672 ], [ 17.791871029110954, 54.84629725554182 ], [ 17.791924462247341, 54.84636044049396 ], [ 17.79200911620541, 54.846411004674358 ], [ 17.792116704474104, 54.846443998454376 ], [ 17.792236695459113, 54.846456192127242 ], [ 17.792357343428783, 54.84644639207184 ], [ 17.792466838336171, 54.84641555759999 ], [ 17.792554461938661, 54.84636670704699 ], [ 17.792611637019359, 54.846304622299726 ], [ 17.792632766987968, 54.846235380691503 ] ] ] ] } },
{ "type": "Feature", "properties": { "ID": "T_0079", "Easting": null, "Northing": null, "ID MAG": null, "Estimated_": null, "Depth_of_b": null, "Peak_to_Pe": null, "Instrument": null, "Bottom_Dep": null, "Type _of_g": null, "Risk_Class": null, "Priority": "2", "Sector": "323", "Comments": null, "EAST": 422462.72, "NORTH": 776391.35, "ID_MAG": 2076, "FERR_MASS": 10.57, "DOB": 0.28, "AMPLITUDE": 13.22, "ALTITUDE": 2.71, "DEPTH": -19.83, "TYPE": "pUXO", "RISK": "Medium", "COMMENT": "-", "layer": "pUXO MTL_2026-03-11", "In_Corr": "no" }, "geometry": { "type": "MultiPolygon", "coordinates": [ [ [ [ 17.792530055238974, 54.845037068388137 ], [ 17.792513072574732, 54.844967447764944 ], [ 17.792459640323216, 54.844904263062126 ], [ 17.792374988923665, 54.844853699196278 ], [ 17.792267404653046, 54.844820705656495 ], [ 17.792147418504392, 54.844808512034675 ], [ 17.792026775379931, 54.844818311908 ], [ 17.791917284486214, 54.844849146010716 ], [ 17.791829663436605, 54.84489799612836 ], [ 17.791772489181753, 54.844960080525453 ], [ 17.791751358441037, 54.845029321994296 ], [ 17.791768339816571, 54.84509894271698 ], [ 17.791821771236055, 54.845162127717948 ], [ 17.791906422578055, 54.845212691966744 ], [ 17.792014007587593, 54.84524568582799 ], [ 17.792133994989385, 54.845257879586981 ], [ 17.792254639402554, 54.84524807961418 ], [ 17.792364131128302, 54.845217245213306 ], [ 17.792451752235461, 54.845168394712715 ], [ 17.792508925751395, 54.845106309994172 ], [ 17.792530055238974, 54.845037068388137 ] ] ] ] } },
{ "type": "Feature", "properties": { "ID": "T_0080", "Easting": null, "Northing": null, "ID MAG": null, "Estimated_": null, "Depth_of_b": null, "Peak_to_Pe": null, "Instrument": null, "Bottom_Dep": null, "Type _of_g": null, "Risk_Class": null, "Priority": "2", "Sector": "323", "Comments": null, "EAST": 422482.98, "NORTH": 776515.09, "ID_MAG": 2077, "FERR_MASS": 15.37, "DOB": 0.54, "AMPLITUDE": 18.9, "ALTITUDE": 2.41, "DEPTH": -19.07, "TYPE": "pUXO", "RISK": "Medium", "COMMENT": "-", "layer": "pUXO MTL_2026-03-11", "In_Corr": "no" }, "geometry": { "type": "MultiPolygon", "coordinates": [ [ [ [ 17.792812381007799, 54.846152300802032 ], [ 17.792795397416914, 54.846082680226189 ], [ 17.792741963274448, 54.846019495649571 ], [ 17.79265730920476, 54.845968931976422 ], [ 17.792549721746173, 54.845935938676959 ], [ 17.792429732203775, 54.845923745319567 ], [ 17.79230908581199, 54.84593354545553 ], [ 17.79219959209718, 54.845964379793372 ], [ 17.792111968948856, 54.84601323009565 ], [ 17.792054793523096, 54.846075314608804 ], [ 17.79203366265391, 54.846144556113785 ], [ 17.792050644956003, 54.846214176789111 ], [ 17.792104078266387, 54.846277361663901 ], [ 17.792188732278539, 54.846327925720018 ], [ 17.792296320476105, 54.846360919340938 ], [ 17.792416311271733, 54.846373112835522 ], [ 17.792536958952311, 54.846363312600083 ], [ 17.792646453499199, 54.846332477964054 ], [ 17.792734076705067, 54.846283627278829 ], [ 17.792791251391844, 54.846221542444205 ], [ 17.792812381007799, 54.846152300802032 ] ] ] ] } },
{ "type": "Feature", "properties": { "ID": "T_0082", "Easting": null, "Northing": null, "ID MAG": null, "Estimated_": null, "Depth_of_b": null, "Peak_to_Pe": null, "Instrument": null, "Bottom_Dep": null, "Type _of_g": null, "Risk_Class": null, "Priority": "2", "Sector": "323", "Comments": null, "EAST": 422489.97, "NORTH": 776518.47, "ID_MAG": 2079, "FERR_MASS": 166.26, "DOB": 1.91, "AMPLITUDE": 73.3, "ALTITUDE": 2.38, "DEPTH": -19.18, "TYPE": "pUXO", "RISK": "Medium", "COMMENT": "-", "layer": "pUXO MTL_2026-03-11", "In_Corr": "no" }, "geometry": { "type": "MultiPolygon", "coordinates": [ [ [ [ 17.792920338981574, 54.846183760361221 ], [ 17.792903355192163, 54.846114139799859 ], [ 17.792849920839444, 54.846050955270023 ], [ 17.792765266568349, 54.846000391671396 ], [ 17.792657678936923, 54.845967398466925 ], [ 17.792537689267164, 54.845955205215645 ], [ 17.792417042805969, 54.845965005458488 ], [ 17.792307549086491, 54.845995839893526 ], [ 17.792219925998698, 54.846044690273764 ], [ 17.79216275069275, 54.846106774838049 ], [ 17.792141619990925, 54.846176016362271 ], [ 17.79215860249154, 54.846245637023145 ], [ 17.792212036012184, 54.846308821851132 ], [ 17.792296690225744, 54.84635938583272 ], [ 17.792404278596159, 54.846392379358669 ], [ 17.792524269519152, 54.846404572747126 ], [ 17.79264491726914, 54.846394772404786 ], [ 17.792754411820692, 54.846363937671576 ], [ 17.792842034966021, 54.846315086908369 ], [ 17.792899209532983, 54.846253002022635 ], [ 17.792920338981574, 54.846183760361221 ] ] ] ] } },
{ "type": "Feature", "properties": { "ID": "T_0087", "Easting": null, "Northing": null, "ID MAG": null, "Estimated_": null, "Depth_of_b": null, "Peak_to_Pe": null, "Instrument": null, "Bottom_Dep": null, "Type _of_g": null, "Risk_Class": null, "Priority": "2", "Sector": "323", "Comments": null, "EAST": 422592.64, "NORTH": 776348.41, "ID_MAG": 2084, "FERR_MASS": 26.82, "DOB": 0.4, "AMPLITUDE": 31.83, "ALTITUDE": 2.38, "DEPTH": -19.76, "TYPE": "pUXO", "RISK": "Medium", "COMMENT": "-", "layer": "pUXO MTL_2026-03-11", "In_Corr": "no" }, "geometry": { "type": "MultiPolygon", "coordinates": [ [ [ [ 17.794564927702503, 54.844671256069311 ], [ 17.794547941674733, 54.844601635710092 ], [ 17.794494506705156, 54.844538451885711 ], [ 17.794409853499072, 54.844487889426787 ], [ 17.794302268510261, 54.844454897684685 ], [ 17.794182282802051, 54.844442706075341 ], [ 17.794061641233561, 54.844452507978936 ], [ 17.793952152859035, 54.844483343930996 ], [ 17.793864535045255, 54.844532195536033 ], [ 17.793807364426144, 54.844594280912943 ], [ 17.793786237365186, 54.844663522758168 ], [ 17.793803222104305, 54.844733143216899 ], [ 17.793856656241946, 54.844796327339452 ], [ 17.793941309390579, 54.84484689018133 ], [ 17.794048895118372, 54.84487988224484 ], [ 17.794168882079724, 54.844892073991353 ], [ 17.794289524936868, 54.844882271988233 ], [ 17.79439901414333, 54.844851435738022 ], [ 17.794486632014561, 54.844802583750038 ], [ 17.794543801894694, 54.844740498051685 ], [ 17.794564927702503, 54.844671256069311 ] ] ] ] } },
{ "type": "Feature", "properties": { "ID": "T_0089", "Easting": null, "Northing": null, "ID MAG": null, "Estimated_": null, "Depth_of_b": null, "Peak_to_Pe": null, "Instrument": null, "Bottom_Dep": null, "Type _of_g": null, "Risk_Class": null, "Priority": "2", "Sector": "323", "Comments": null, "EAST": 422516.77, "NORTH": 776359.14, "ID_MAG": 2086, "FERR_MASS": 75.93, "DOB": 0.72, "AMPLITUDE": 89.57, "ALTITUDE": 2.67, "DEPTH": -20.21, "TYPE": "pUXO", "RISK": "Medium", "COMMENT": "-", "layer": "pUXO MTL_2026-03-11", "In_Corr": "no" }, "geometry": { "type": "MultiPolygon", "coordinates": [ [ [ [ 17.793380465438759, 54.84475595390915 ], [ 17.793363481419416, 54.844686333395067 ], [ 17.793310048198439, 54.844623149058883 ], [ 17.793225396309975, 54.844572585781293 ], [ 17.793117812078826, 54.84453959299379 ], [ 17.792997826494169, 54.844527400214645 ], [ 17.792877184403025, 54.844537200938561 ], [ 17.7927676949108, 54.844568035816515 ], [ 17.792680075493678, 54.844616886558157 ], [ 17.792622902942508, 54.844678971366946 ], [ 17.79260177380991, 54.844748212994858 ], [ 17.792618756540584, 54.844817833608417 ], [ 17.792672188929572, 54.844881018242766 ], [ 17.792756840760529, 54.844931581903317 ], [ 17.792864425730613, 54.844964575012256 ], [ 17.792984412568405, 54.844976767928571 ], [ 17.793105055948221, 54.844966967105165 ], [ 17.793214546272434, 54.844936131929046 ], [ 17.793302165747065, 54.844887280804464 ], [ 17.793359337559295, 54.84482519567424 ], [ 17.793380465438759, 54.84475595390915 ] ] ] ] } },
{ "type": "Feature", "properties": { "ID": "T_0098", "Easting": null, "Northing": null, "ID MAG": null, "Estimated_": null, "Depth_of_b": null, "Peak_to_Pe": null, "Instrument": null, "Bottom_Dep": null, "Type _of_g": null, "Risk_Class": null, "Priority": "2", "Sector": "323", "Comments": null, "EAST": 422533.79, "NORTH": 776237.02, "ID_MAG": 2095, "FERR_MASS": 50.35, "DOB": 1.73, "AMPLITUDE": 19.21, "ALTITUDE": 2.48, "DEPTH": -19.78, "TYPE": "pUXO", "RISK": "Medium", "COMMENT": "-", "layer": "pUXO MTL_2026-03-11", "In_Corr": "no" }, "geometry": { "type": "MultiPolygon", "coordinates": [ [ [ [ 17.793678275464515, 54.843661051703414 ], [ 17.793661291363737, 54.843591431218385 ], [ 17.793607859096927, 54.843528247006894 ], [ 17.793523209104809, 54.843477683937436 ], [ 17.793415627526574, 54.843444691421126 ], [ 17.793295645091707, 54.843432498949724 ], [ 17.79317500633892, 54.843442299987785 ], [ 17.793065520046841, 54.843473135155556 ], [ 17.792977903378421, 54.843521986134284 ], [ 17.79292073285546, 54.843584071104239 ], [ 17.792899604832012, 54.843653312801599 ], [ 17.792916587644214, 54.843722933386132 ], [ 17.792970019079103, 54.843786117895782 ], [ 17.793054669013728, 54.843836681348179 ], [ 17.793162251330862, 54.843869674185896 ], [ 17.793282235018783, 54.84388186679444 ], [ 17.793402875060156, 54.843872065656903 ], [ 17.793512362184149, 54.843841230190989 ], [ 17.793599978910059, 54.843792378829328 ], [ 17.793657148694127, 54.843730293537966 ], [ 17.793678275464515, 54.843661051703414 ] ] ] ] } },
{ "type": "Feature", "properties": { "ID": "T_0099", "Easting": null, "Northing": null, "ID MAG": null, "Estimated_": null, "Depth_of_b": null, "Peak_to_Pe": null, "Instrument": null, "Bottom_Dep": null, "Type _of_g": null, "Risk_Class": null, "Priority": "2", "Sector": "323", "Comments": null, "EAST": 422655.85, "NORTH": 776533.78, "ID_MAG": 2096, "FERR_MASS": 57.56, "DOB": 1.34, "AMPLITUDE": 35.14, "ALTITUDE": 2.52, "DEPTH": -19.76, "TYPE": "pUXO", "RISK": "Medium", "COMMENT": "-", "layer": "pUXO MTL_2026-03-11", "In_Corr": "no" }, "geometry": { "type": "MultiPolygon", "coordinates": [ [ [ [ 17.795499720736309, 54.84634701257977 ], [ 17.795482732435744, 54.846277392358836 ], [ 17.795429293823464, 54.8462142089449 ], [ 17.795344635961339, 54.846163647128385 ], [ 17.795237045758917, 54.846130656197793 ], [ 17.795117054789849, 54.846118465489617 ], [ 17.794996408428208, 54.846128268295793 ], [ 17.794886916197402, 54.846159105063535 ], [ 17.794799295841692, 54.84620795731751 ], [ 17.794742124243818, 54.846270043113094 ], [ 17.794720997863102, 54.846339285105721 ], [ 17.794737984874896, 54.846408905426195 ], [ 17.794791422655187, 54.846472089138345 ], [ 17.7948760804599, 54.8465226513378 ], [ 17.794983671401415, 54.846555642589834 ], [ 17.795103663623774, 54.846567833435188 ], [ 17.79522431127419, 54.846558030529444 ], [ 17.795333804336984, 54.846527193463515 ], [ 17.795421424750106, 54.846478340826586 ], [ 17.795478595608884, 54.846416254709546 ], [ 17.795499720736309, 54.84634701257977 ] ] ] ] } },
{ "type": "Feature", "properties": { "ID": "T_0135", "Easting": null, "Northing": null, "ID MAG": null, "Estimated_": null, "Depth_of_b": null, "Peak_to_Pe": null, "Instrument": null, "Bottom_Dep": null, "Type _of_g": null, "Risk_Class": null, "Priority": "3", "Sector": "321", "Comments": null, "EAST": 422716.36, "NORTH": 777350.03, "ID_MAG": 2112, "FERR_MASS": 8.56, "DOB": 0.16, "AMPLITUDE": 8.35, "ALTITUDE": 2.52, "DEPTH": -21.43, "TYPE": "pUXO", "RISK": "Low", "COMMENT": "-", "layer": "pUXO MTL_2026-03-11", "In_Corr": "no" }, "geometry": { "type": "MultiPolygon", "coordinates": [ [ [ [ 17.796223712888658, 54.853692288220557 ], [ 17.796206720439912, 54.85362266816248 ], [ 17.796153271150931, 54.853559485089015 ], [ 17.796068597128748, 54.853508923757261 ], [ 17.795960986864756, 54.853475933408255 ], [ 17.795840973896333, 54.853463743321541 ], [ 17.795720305750912, 54.853473546728225 ], [ 17.795610794084176, 54.853504384016738 ], [ 17.795523158542849, 54.85355323666078 ], [ 17.795465977496153, 54.853615322677584 ], [ 17.79544484832838, 54.853684564700906 ], [ 17.795461839487778, 54.853754184858566 ], [ 17.795515287944422, 54.853817368230317 ], [ 17.795599961909208, 54.853867929945118 ], [ 17.795707572912654, 54.853900920615651 ], [ 17.795827587134948, 54.853913110839564 ], [ 17.795948256569719, 54.853903307333283 ], [ 17.796057769068796, 54.853872469746477 ], [ 17.796145404667524, 54.853823616719396 ], [ 17.796202584974754, 54.853761530381043 ], [ 17.796223712888658, 54.853692288220557 ] ] ] ] } },
{ "type": "Feature", "properties": { "ID": "T_0136", "Easting": null, "Northing": null, "ID MAG": null, "Estimated_": null, "Depth_of_b": null, "Peak_to_Pe": null, "Instrument": null, "Bottom_Dep": null, "Type _of_g": null, "Risk_Class": null, "Priority": "3", "Sector": "321", "Comments": null, "EAST": 422527.93, "NORTH": 777329.47, "ID_MAG": 2113, "FERR_MASS": 6.32, "DOB": 0.77, "AMPLITUDE": 5.66, "ALTITUDE": 1.92, "DEPTH": -21.53, "TYPE": "pUXO", "RISK": "Low", "COMMENT": "-", "layer": "pUXO MTL_2026-03-11", "In_Corr": "no" }, "geometry": { "type": "MultiPolygon", "coordinates": [ [ [ [ 17.7932940020819, 54.853478375556108 ], [ 17.793277014769657, 54.853408755111005 ], [ 17.793223570357107, 54.853345570769839 ], [ 17.793138900473952, 54.853295007413799 ], [ 17.793031293206464, 54.853262014482041 ], [ 17.792911281798705, 54.853249821506921 ], [ 17.792790613625353, 54.853259622002327 ], [ 17.792681100344822, 54.853290456641609 ], [ 17.792593461761793, 54.853339307157803 ], [ 17.792536276543213, 54.853401391776451 ], [ 17.792515142481726, 54.853470633268152 ], [ 17.7925321285046, 54.853540253812774 ], [ 17.792585572084711, 54.85360343845219 ], [ 17.792670241910326, 54.853654002191298 ], [ 17.792777849917147, 54.853686995444626 ], [ 17.792897862578712, 54.853699188556945 ], [ 17.793018532041433, 54.853689387962014 ], [ 17.793128046154401, 54.853658553024474 ], [ 17.793215684794969, 54.853609702125212 ], [ 17.793272869274219, 54.853547617185022 ], [ 17.7932940020819, 54.853478375556108 ] ] ] ] } },
{ "type": "Feature", "properties": { "ID": "T_0137", "Easting": null, "Northing": null, "ID MAG": null, "Estimated_": null, "Depth_of_b": null, "Peak_to_Pe": null, "Instrument": null, "Bottom_Dep": null, "Type _of_g": null, "Risk_Class": null, "Priority": "3", "Sector": "321", "Comments": null, "EAST": 422575.04, "NORTH": 777788.77, "ID_MAG": 2114, "FERR_MASS": 23.79, "DOB": 2.64, "AMPLITUDE": 6.6, "ALTITUDE": 2.29, "DEPTH": -25.17, "TYPE": "pUXO", "RISK": "Low", "COMMENT": "-", "layer": "pUXO MTL_2026-03-11", "In_Corr": "no" }, "geometry": { "type": "MultiPolygon", "coordinates": [ [ [ [ 17.793904673924224, 54.857613551684594 ], [ 17.793887683926314, 54.857543931357831 ], [ 17.793834233182839, 54.857480747296115 ], [ 17.79374955394324, 54.857430184353255 ], [ 17.793641935209656, 54.857397191927973 ], [ 17.793521911348513, 54.857384999503061 ], [ 17.793401230953453, 54.857394800538515 ], [ 17.793291706879199, 54.857425635654835 ], [ 17.793204059986962, 54.857474486538386 ], [ 17.793146869757066, 54.857536571378709 ], [ 17.793125734472717, 54.857605812924767 ], [ 17.793142723180935, 54.857675433351083 ], [ 17.79319617309179, 54.857738617711114 ], [ 17.79328085227386, 54.857789181037091 ], [ 17.79338847174699, 54.857822173783973 ], [ 17.793508496862273, 54.857834366346104 ], [ 17.793629178547018, 54.857824565211104 ], [ 17.793738703453901, 54.85779372979647 ], [ 17.793826350403659, 54.857744878529807 ], [ 17.793883539894011, 54.857682793367879 ], [ 17.793904673924224, 54.857613551684594 ] ] ] ] } },
{ "type": "Feature", "properties": { "ID": "T_0138", "Easting": null, "Northing": null, "ID MAG": null, "Estimated_": null, "Depth_of_b": null, "Peak_to_Pe": null, "Instrument": null, "Bottom_Dep": null, "Type _of_g": null, "Risk_Class": null, "Priority": "3", "Sector": "321", "Comments": null, "EAST": 422721.34, "NORTH": 777900.37, "ID_MAG": 2115, "FERR_MASS": 7.17, "DOB": 0.24, "AMPLITUDE": 8.52, "ALTITUDE": 2.23, "DEPTH": -25.69, "TYPE": "pUXO", "RISK": "Low", "COMMENT": "-", "layer": "pUXO MTL_2026-03-11", "In_Corr": "no" }, "geometry": { "type": "MultiPolygon", "coordinates": [ [ [ [ 17.796153977025973, 54.858639154290394 ], [ 17.796136982743619, 54.858569534268725 ], [ 17.796083527136265, 54.858506351183571 ], [ 17.795998842929464, 54.858455789793155 ], [ 17.795891219611569, 54.858422799344218 ], [ 17.795771191997719, 54.858410609126089 ], [ 17.795650509048894, 54.858420412382777 ], [ 17.795540983869781, 54.858451249517351 ], [ 17.795453337429755, 54.858500102018603 ], [ 17.795396149164873, 54.858562187917741 ], [ 17.795375017166023, 54.858631429860083 ], [ 17.79539201015864, 54.858701049981342 ], [ 17.795445464933398, 54.858764233364838 ], [ 17.795530149082776, 54.858814795138393 ], [ 17.795637773140353, 54.858847785908907 ], [ 17.79575780200846, 54.858859976264227 ], [ 17.795878486247027, 54.85885017290795 ], [ 17.795988012258736, 54.85881933547504 ], [ 17.796075658756184, 54.858770482590643 ], [ 17.796132846281381, 54.85870839636992 ], [ 17.796153977025973, 54.858639154290394 ] ] ] ] } },
{ "type": "Feature", "properties": { "ID": "T_0139", "Easting": null, "Northing": null, "ID MAG": null, "Estimated_": null, "Depth_of_b": null, "Peak_to_Pe": null, "Instrument": null, "Bottom_Dep": null, "Type _of_g": null, "Risk_Class": null, "Priority": "3", "Sector": "321", "Comments": null, "EAST": 422708.53, "NORTH": 777804.86, "ID_MAG": 2116, "FERR_MASS": 8.3, "DOB": 0.64, "AMPLITUDE": 5.33, "ALTITUDE": 2.7, "DEPTH": -25.18, "TYPE": "pUXO", "RISK": "Low", "COMMENT": "-", "layer": "pUXO MTL_2026-03-11", "In_Corr": "no" }, "geometry": { "type": "MultiPolygon", "coordinates": [ [ [ [ 17.795979980322759, 54.857778794535356 ], [ 17.795962986680351, 54.857709174482885 ], [ 17.795909532464215, 54.857645991319281 ], [ 17.79582485026372, 54.857595429810402 ], [ 17.795717229370819, 54.857562439214654 ], [ 17.79559720436329, 54.857550248835707 ], [ 17.795476523946991, 54.857560051933291 ], [ 17.795367000978722, 54.857590888926076 ], [ 17.795279356211449, 54.857639741316724 ], [ 17.795222168917491, 54.857701827147267 ], [ 17.795201037092685, 54.857771069069734 ], [ 17.795218029445415, 54.857840689221781 ], [ 17.795271482828994, 54.857903872683735 ], [ 17.795356164972063, 54.857954434575717 ], [ 17.7954637866046, 54.857987425493057 ], [ 17.795583812866315, 54.857999616009202 ], [ 17.795704494572288, 54.857989812812022 ], [ 17.795814018373115, 54.857958975520894 ], [ 17.795901663197817, 54.857910122747136 ], [ 17.795958849752136, 54.857848036595009 ], [ 17.795979980322759, 54.857778794535356 ] ] ] ] } },
{ "type": "Feature", "properties": { "ID": "T_0140", "Easting": null, "Northing": null, "ID MAG": null, "Estimated_": null, "Depth_of_b": null, "Peak_to_Pe": null, "Instrument": null, "Bottom_Dep": null, "Type _of_g": null, "Risk_Class": null, "Priority": "3", "Sector": "321", "Comments": null, "EAST": 422592.95, "NORTH": 777578.03, "ID_MAG": 2117, "FERR_MASS": 109.41, "DOB": 2.85, "AMPLITUDE": 27.03, "ALTITUDE": 2.43, "DEPTH": -23.23, "TYPE": "pUXO", "RISK": "Medium", "COMMENT": "-", "layer": "pUXO MTL_2026-03-11", "In_Corr": "no" }, "geometry": { "type": "MultiPolygon", "coordinates": [ [ [ [ 17.794240194889213, 54.855722330342822 ], [ 17.794223205059406, 54.855652710042726 ], [ 17.794169756246479, 54.855589526119068 ], [ 17.794085080510882, 54.855538963412123 ], [ 17.793977466511759, 54.855505971297561 ], [ 17.793857448152096, 54.855493779227722 ], [ 17.793736773487037, 54.855503580627875 ], [ 17.793627254810431, 54.855534416082811 ], [ 17.793539612455156, 54.855583267245741 ], [ 17.793482425457416, 54.855645352278877 ], [ 17.793461291784023, 54.855714593912275 ], [ 17.793478280324294, 54.855784214311903 ], [ 17.793531728304703, 54.855847398533861 ], [ 17.793616403982799, 54.855897961623882 ], [ 17.793724018721395, 54.855930954060028 ], [ 17.793844038335056, 54.855943146267066 ], [ 17.793964714289647, 54.855933344767365 ], [ 17.794074233798771, 54.855902509014143 ], [ 17.79416187621155, 54.855853657468124 ], [ 17.794219062469818, 54.855791572113418 ], [ 17.794240194889213, 54.855722330342822 ] ] ] ] } },
{ "type": "Feature", "properties": { "ID": "T_0141", "Easting": null, "Northing": null, "ID MAG": null, "Estimated_": null, "Depth_of_b": null, "Peak_to_Pe": null, "Instrument": null, "Bottom_Dep": null, "Type _of_g": null, "Risk_Class": null, "Priority": "3", "Sector": "321", "Comments": null, "EAST": 422616.4, "NORTH": 777865.87, "ID_MAG": 2118, "FERR_MASS": 65.45, "DOB": 3.02, "AMPLITUDE": 9.65, "ALTITUDE": 2.59, "DEPTH": -25.62, "TYPE": "pUXO", "RISK": "Low", "COMMENT": "-", "layer": "pUXO MTL_2026-03-11", "In_Corr": "no" }, "geometry": { "type": "MultiPolygon", "coordinates": [ [ [ [ 17.794528345053902, 54.858312873303717 ], [ 17.794511353704191, 54.858243253065375 ], [ 17.794457901072917, 54.858180069275953 ], [ 17.794373219594323, 54.858129506762644 ], [ 17.794265598489705, 54.858096514882114 ], [ 17.794145572357575, 54.858084323063814 ], [ 17.794024890013873, 54.858094124708387 ], [ 17.793915364504048, 54.858124960376685 ], [ 17.793827716829853, 54.858173811701057 ], [ 17.793770526548141, 54.858235896827907 ], [ 17.793749391947202, 54.858305138478116 ], [ 17.793766382007174, 54.858374758816048 ], [ 17.793819833805813, 54.858437942903784 ], [ 17.79390451522691, 54.858488505800217 ], [ 17.794012137071128, 54.858521498002339 ], [ 17.794132164457459, 54.858533689957859 ], [ 17.794252848090903, 54.858523888213725 ], [ 17.794362374433362, 54.858493052247084 ], [ 17.794450022165059, 54.858444200539601 ], [ 17.79450721170717, 54.858382115091153 ], [ 17.794528345053902, 54.858312873303717 ] ] ] ] } },
{ "type": "Feature", "properties": { "ID": "T_0142", "Easting": null, "Northing": null, "ID MAG": null, "Estimated_": null, "Depth_of_b": null, "Peak_to_Pe": null, "Instrument": null, "Bottom_Dep": null, "Type _of_g": null, "Risk_Class": null, "Priority": "3", "Sector": "321", "Comments": null, "EAST": 422667.07, "NORTH": 777794.33, "ID_MAG": 2119, "FERR_MASS": 6.48, "DOB": 0.44, "AMPLITUDE": 5.87, "ALTITUDE": 2.5, "DEPTH": -25.15, "TYPE": "pUXO", "RISK": "Low", "COMMENT": "-", "layer": "pUXO MTL_2026-03-11", "In_Corr": "no" }, "geometry": { "type": "MultiPolygon", "coordinates": [ [ [ [ 17.795336901411179, 54.857677752214315 ], [ 17.795319908917783, 54.857608132076372 ], [ 17.795266455842487, 54.857544948634271 ], [ 17.795181774662982, 54.857494386681154 ], [ 17.795074154571289, 54.857461395518854 ], [ 17.79495413006676, 54.857449204506551 ], [ 17.794833449806021, 54.857459006965946 ], [ 17.794723926630638, 54.857489843378197 ], [ 17.79463628131386, 54.857538695302765 ], [ 17.794579093181781, 54.85760078082734 ], [ 17.794557960312275, 54.857670022633855 ], [ 17.794574951515994, 54.85773964287138 ], [ 17.794628403758715, 54.85780282661181 ], [ 17.794713084880762, 54.857853388948044 ], [ 17.794820705712063, 54.857886380431907 ], [ 17.794940731470756, 54.857898571581423 ], [ 17.795061413021173, 54.857888769022438 ], [ 17.795170937029127, 54.857857932311887 ], [ 17.795258582403367, 54.857809080004195 ], [ 17.795315769795842, 54.857746994158049 ], [ 17.795336901411179, 54.857677752214315 ] ] ] ] } },
{ "type": "Feature", "properties": { "ID": "T_0143", "Easting": null, "Northing": null, "ID MAG": null, "Estimated_": null, "Depth_of_b": null, "Peak_to_Pe": null, "Instrument": null, "Bottom_Dep": null, "Type _of_g": null, "Risk_Class": null, "Priority": "3", "Sector": "321", "Comments": null, "EAST": 422676.51, "NORTH": 777939.39, "ID_MAG": 2120, "FERR_MASS": 37.21, "DOB": 1.57, "AMPLITUDE": 14.37, "ALTITUDE": 2.79, "DEPTH": -25.72, "TYPE": "pUXO", "RISK": "Medium", "COMMENT": "-", "layer": "pUXO MTL_2026-03-11", "In_Corr": "no" }, "geometry": { "type": "MultiPolygon", "coordinates": [ [ [ [ 17.795445109258338, 54.858982914861855 ], [ 17.795428116062808, 54.858913294750174 ], [ 17.795374661121567, 54.858850111359729 ], [ 17.795289977094978, 54.858799549478618 ], [ 17.79518235345375, 54.858766558401648 ], [ 17.795062325044675, 54.858754367479598 ], [ 17.794941640906575, 54.858764170025388 ], [ 17.794832114260547, 54.858795006511663 ], [ 17.794744466219544, 54.858843858490687 ], [ 17.794687276376347, 54.858905944044793 ], [ 17.794666142976329, 54.858975185853041 ], [ 17.794683134882078, 54.859044806064304 ], [ 17.794736588990681, 54.859107989753085 ], [ 17.794821272959812, 54.859158552017348 ], [ 17.794928897340714, 54.859191543415896 ], [ 17.795048927004057, 54.859203734475152 ], [ 17.795169612431938, 54.859193931829779 ], [ 17.795279139910605, 54.859163095045176 ], [ 17.795366788009062, 54.859114242683013 ], [ 17.795423977112588, 54.859052156807316 ], [ 17.795445109258338, 54.858982914861855 ] ] ] ] } },
{ "type": "Feature", "properties": { "ID": "T_0144", "Easting": null, "Northing": null, "ID MAG": null, "Estimated_": null, "Depth_of_b": null, "Peak_to_Pe": null, "Instrument": null, "Bottom_Dep": null, "Type _of_g": null, "Risk_Class": null, "Priority": "3", "Sector": "321", "Comments": null, "EAST": 422605.79, "NORTH": 777405.35, "ID_MAG": 2121, "FERR_MASS": 96.22, "DOB": 3.73, "AMPLITUDE": 15.58, "ALTITUDE": 2.48, "DEPTH": -21.77, "TYPE": "pUXO", "RISK": "Medium", "COMMENT": "-", "layer": "pUXO MTL_2026-03-11", "In_Corr": "no" }, "geometry": { "type": "MultiPolygon", "coordinates": [ [ [ [ 17.794486504571978, 54.854172381697516 ], [ 17.794469514929368, 54.854102761415533 ], [ 17.794416067743455, 54.854039577592609 ], [ 17.794331394915417, 54.853989015059213 ], [ 17.794223784819781, 54.853956023174 ], [ 17.794103770977436, 54.85394383136687 ], [ 17.793983101001373, 54.853953633037371 ], [ 17.793873586726448, 54.853984468743853 ], [ 17.793785948054694, 54.854033320114866 ], [ 17.793728763661743, 54.854095405292284 ], [ 17.793707631259434, 54.854164646992018 ], [ 17.793724619612636, 54.854234267373577 ], [ 17.793778065966123, 54.854297451494773 ], [ 17.793862738736671, 54.854348014411229 ], [ 17.793970349571723, 54.854381006617999 ], [ 17.794090364667944, 54.85439319856232 ], [ 17.794211035933422, 54.854383396792279 ], [ 17.794320551040769, 54.854352560787518 ], [ 17.794408189770014, 54.854303709033424 ], [ 17.794465373423549, 54.85424162353447 ], [ 17.794486504571978, 54.854172381697516 ] ] ] ] } },
{ "type": "Feature", "properties": { "ID": "T_0145", "Easting": null, "Northing": null, "ID MAG": null, "Estimated_": null, "Depth_of_b": null, "Peak_to_Pe": null, "Instrument": null, "Bottom_Dep": null, "Type _of_g": null, "Risk_Class": null, "Priority": "3", "Sector": "321", "Comments": null, "EAST": 422698.63, "NORTH": 777722.33, "ID_MAG": 2122, "FERR_MASS": 133.2, "DOB": 2.25, "AMPLITUDE": 26.74, "ALTITUDE": 2.66, "DEPTH": -24.55, "TYPE": "pUXO", "RISK": "Medium", "COMMENT": "-", "layer": "pUXO MTL_2026-03-11", "In_Corr": "no" }, "geometry": { "type": "MultiPolygon", "coordinates": [ [ [ [ 17.79584784871766, 54.857035539720805 ], [ 17.795830855596716, 54.856965919644125 ], [ 17.795777402553835, 54.856902736420594 ], [ 17.795692722063539, 54.856852174821974 ], [ 17.795585103250374, 54.856819184115423 ], [ 17.795465080488555, 54.856806993615471 ], [ 17.795344402264117, 54.856816796593726 ], [ 17.795234881219304, 54.856847633480491 ], [ 17.795147237918819, 54.856896485788823 ], [ 17.795090051491393, 54.856958571568811 ], [ 17.795068919848038, 54.85702781347743 ], [ 17.795085911679372, 54.857097433653692 ], [ 17.795139363889728, 54.857160617175538 ], [ 17.795224044322591, 54.857211179157282 ], [ 17.795331663875348, 54.857244170185382 ], [ 17.795451687891294, 54.857256360822525 ], [ 17.795572367405356, 54.857246557744688 ], [ 17.79568188928269, 54.857215720559616 ], [ 17.795769532640605, 54.857166867868166 ], [ 17.795826718328435, 54.857104781766616 ], [ 17.79584784871766, 54.857035539720805 ] ] ] ] } },
{ "type": "Feature", "properties": { "ID": "T_0146", "Easting": null, "Northing": null, "ID MAG": null, "Estimated_": null, "Depth_of_b": null, "Peak_to_Pe": null, "Instrument": null, "Bottom_Dep": null, "Type _of_g": null, "Risk_Class": null, "Priority": "3", "Sector": "321", "Comments": null, "EAST": 422672.74, "NORTH": 777765.39, "ID_MAG": 2123, "FERR_MASS": 9.12, "DOB": 0.27, "AMPLITUDE": 12.14, "ALTITUDE": 2.56, "DEPTH": -24.9, "TYPE": "pUXO", "RISK": "Medium", "COMMENT": "-", "layer": "pUXO MTL_2026-03-11", "In_Corr": "no" }, "geometry": { "type": "MultiPolygon", "coordinates": [ [ [ [ 17.795432985327285, 54.857418534719038 ], [ 17.795415992770554, 54.85734891459137 ], [ 17.79536253988126, 54.85728573118984 ], [ 17.795277859118883, 54.857235169303692 ], [ 17.795170239634608, 54.857202178228164 ], [ 17.795050215868336, 54.857189987313959 ], [ 17.794929536404425, 54.857199789873192 ], [ 17.794820014006451, 54.857230626377216 ], [ 17.794732369371559, 54.857279478376512 ], [ 17.7946751817591, 54.857341563951486 ], [ 17.794654049196087, 54.857410805779104 ], [ 17.794671040463161, 54.857480426006383 ], [ 17.794724492519897, 54.857543609706227 ], [ 17.794809173224824, 54.857594171975499 ], [ 17.794916793448692, 54.857627163372591 ], [ 17.795036818469114, 54.857639354424002 ], [ 17.795157499222679, 54.857629551765193 ], [ 17.79526702245321, 54.857598714962855 ], [ 17.79535466714556, 54.857549862580427 ], [ 17.795411854018418, 54.85748777668389 ], [ 17.795432985327285, 54.857418534719038 ] ] ] ] } },
{ "type": "Feature", "properties": { "ID": "T_0148", "Easting": null, "Northing": null, "ID MAG": null, "Estimated_": null, "Depth_of_b": null, "Peak_to_Pe": null, "Instrument": null, "Bottom_Dep": null, "Type _of_g": null, "Risk_Class": null, "Priority": "3", "Sector": "322", "Comments": null, "EAST": 422567.31, "NORTH": 776779.34, "ID_MAG": 2102, "FERR_MASS": 17.45, "DOB": 1.53, "AMPLITUDE": 9.94, "ALTITUDE": 2.6, "DEPTH": -19.84, "TYPE": "pUXO", "RISK": "Low", "COMMENT": "-", "layer": "pUXO MTL_2026-03-11", "In_Corr": "no" }, "geometry": { "type": "MultiPolygon", "coordinates": [ [ [ [ 17.794054933362471, 54.848540259986272 ], [ 17.794037946687169, 54.848470639595668 ], [ 17.793984507494024, 54.848407455565187 ], [ 17.793899846901798, 54.848356892745556 ], [ 17.793792252087279, 54.848323900523482 ], [ 17.793672255075585, 54.848311708361862 ], [ 17.793551601832256, 54.848321509694948 ], [ 17.793442102554309, 54.848352345114087 ], [ 17.793354475675795, 54.848401196275987 ], [ 17.793297298717945, 54.848463281342916 ], [ 17.793276168664764, 54.848532523041669 ], [ 17.793293154051099, 54.848602143531799 ], [ 17.793346592412089, 54.848665327860488 ], [ 17.793431252946828, 54.848715891063108 ], [ 17.793538848500486, 54.84874888360666 ], [ 17.793658846765613, 54.84876107590545 ], [ 17.793779501297909, 54.84875127447286 ], [ 17.793889001408015, 54.848720438755493 ], [ 17.793976628344016, 54.84867158721061 ], [ 17.794033804562723, 54.848609501822189 ], [ 17.794054933362471, 54.848540259986272 ] ] ] ] } },
{ "type": "Feature", "properties": { "ID": "T_0149", "Easting": null, "Northing": null, "ID MAG": null, "Estimated_": null, "Depth_of_b": null, "Peak_to_Pe": null, "Instrument": null, "Bottom_Dep": null, "Type _of_g": null, "Risk_Class": null, "Priority": "3", "Sector": "322", "Comments": null, "EAST": 422500.99999999994, "NORTH": 776730.7, "ID_MAG": 2103, "FERR_MASS": 6.01, "DOB": 0.8, "AMPLITUDE": 9.77, "ALTITUDE": 2.53, "DEPTH": -19.94, "TYPE": "pUXO", "RISK": "Low", "COMMENT": "-", "layer": "pUXO MTL_2026-03-11", "In_Corr": "no" }, "geometry": { "type": "MultiPolygon", "coordinates": [ [ [ [ 17.793035186081529, 54.848092853510025 ], [ 17.793018201340907, 54.848023232981333 ], [ 17.792964764329088, 54.847960048508256 ], [ 17.792880105951305, 54.847909484984889 ], [ 17.792772513167588, 54.847876491866813 ], [ 17.792652517804278, 54.84786429870465 ], [ 17.792531865665563, 54.847874099030534 ], [ 17.792422366840338, 54.847904933534473 ], [ 17.792334739718338, 54.847953783962701 ], [ 17.792277561844617, 54.848015868549354 ], [ 17.792256430292824, 54.848085110068183 ], [ 17.792273413744503, 54.848154730696386 ], [ 17.792326849924152, 54.848217915467664 ], [ 17.792411508244406, 54.848268479374006 ], [ 17.792519101767194, 54.848301472813567 ], [ 17.792639098383894, 54.848313666112936 ], [ 17.792759751811552, 54.848303865687541 ], [ 17.792869251468947, 54.848273030885416 ], [ 17.792956878648482, 54.848224180074197 ], [ 17.793014055783122, 54.848162095166046 ], [ 17.793035186081529, 54.848092853510025 ] ] ] ] } },
{ "type": "Feature", "properties": { "ID": "T_0150", "Easting": null, "Northing": null, "ID MAG": null, "Estimated_": null, "Depth_of_b": null, "Peak_to_Pe": null, "Instrument": null, "Bottom_Dep": null, "Type _of_g": null, "Risk_Class": null, "Priority": "3", "Sector": "322", "Comments": null, "EAST": 422516.67, "NORTH": 776822.34, "ID_MAG": 2104, "FERR_MASS": 9.26, "DOB": 0.87, "AMPLITUDE": 7.28, "ALTITUDE": 2.39, "DEPTH": -19.95, "TYPE": "pUXO", "RISK": "Low", "COMMENT": "-", "layer": "pUXO MTL_2026-03-11", "In_Corr": "no" }, "geometry": { "type": "MultiPolygon", "coordinates": [ [ [ [ 17.793254665379767, 54.84891887999418 ], [ 17.793237679934801, 54.848849259501932 ], [ 17.793184241505884, 54.848786075126824 ], [ 17.793099581136957, 54.848735511753361 ], [ 17.792991985982969, 54.848702518822435 ], [ 17.792871988102267, 54.848690325866343 ], [ 17.79275133354545, 54.848700126397112 ], [ 17.792641832638104, 54.848730961084584 ], [ 17.792554203973772, 54.848779811657131 ], [ 17.792497025248487, 54.848841896334719 ], [ 17.792475893619255, 54.84891113788219 ], [ 17.79249287777521, 54.848980758473964 ], [ 17.792546315371926, 54.849043943147279 ], [ 17.792630975683323, 54.849094506903739 ], [ 17.792738571576432, 54.849127500156158 ], [ 17.792858570710589, 54.849139693249427 ], [ 17.792979226556412, 54.849129892619182 ], [ 17.793088728295963, 54.849099057633474 ], [ 17.793176357017824, 54.849050206677944 ], [ 17.793233535003985, 54.848988121678865 ], [ 17.793254665379767, 54.84891887999418 ] ] ] ] } },
{ "type": "Feature", "properties": { "ID": "T_0151", "Easting": null, "Northing": null, "ID MAG": null, "Estimated_": null, "Depth_of_b": null, "Peak_to_Pe": null, "Instrument": null, "Bottom_Dep": null, "Type _of_g": null, "Risk_Class": null, "Priority": "3", "Sector": "322", "Comments": null, "EAST": 422524.96, "NORTH": 777082.88, "ID_MAG": 2105, "FERR_MASS": 43.19, "DOB": 2.08, "AMPLITUDE": -11.61, "ALTITUDE": 2.62, "DEPTH": -20.47, "TYPE": "pUXO", "RISK": "Medium", "COMMENT": "-", "layer": "pUXO MTL_2026-03-11", "In_Corr": "no" }, "geometry": { "type": "MultiPolygon", "coordinates": [ [ [ [ 17.793313895389467, 54.85126172667384 ], [ 17.793296908917817, 54.851192106210959 ], [ 17.79324346735325, 54.851128921870156 ], [ 17.793158802046673, 54.851078358532604 ], [ 17.793051200636366, 54.851045365635663 ], [ 17.792931195793074, 54.851033172708298 ], [ 17.792810534248911, 54.851042973259709 ], [ 17.792701027013415, 54.851073807957761 ], [ 17.792613393299547, 54.851122658529739 ], [ 17.792556211297629, 54.851184743195702 ], [ 17.792535078485422, 54.851253984721637 ], [ 17.79255206366788, 54.851323605284058 ], [ 17.792605504400125, 54.851386789923069 ], [ 17.79269016964917, 54.851437353643668 ], [ 17.792797771798703, 54.851470346862122 ], [ 17.792917777895635, 54.851482539926678 ], [ 17.793038440728989, 54.851472739275764 ], [ 17.793147948796808, 54.85144190427949 ], [ 17.793235582568208, 54.851393053324479 ], [ 17.793292763830891, 54.851330968336988 ], [ 17.793313895389467, 54.85126172667384 ] ] ] ] } },
{ "type": "Feature", "properties": { "ID": "T_0152", "Easting": null, "Northing": null, "ID MAG": null, "Estimated_": null, "Depth_of_b": null, "Peak_to_Pe": null, "Instrument": null, "Bottom_Dep": null, "Type _of_g": null, "Risk_Class": null, "Priority": "3", "Sector": "322", "Comments": null, "EAST": 422478.11, "NORTH": 776795.18, "ID_MAG": 2106, "FERR_MASS": 143.7, "DOB": 2.98, "AMPLITUDE": 21.61, "ALTITUDE": 2.59, "DEPTH": -19.92, "TYPE": "pUXO", "RISK": "Medium", "COMMENT": "-", "layer": "pUXO MTL_2026-03-11", "In_Corr": "no" }, "geometry": { "type": "MultiPolygon", "coordinates": [ [ [ [ 17.792661366111854, 54.848668813369088 ], [ 17.792644381788481, 54.848599192796598 ], [ 17.792590944615405, 54.848536008164025 ], [ 17.792506285513642, 54.848485444381112 ], [ 17.792398691514109, 54.848452450928797 ], [ 17.792278694562146, 54.848440257390436 ], [ 17.792158040617448, 54.848450057335036 ], [ 17.792048539945679, 54.848480891489857 ], [ 17.791960911117325, 54.848529741635346 ], [ 17.791903731844478, 54.848591826033307 ], [ 17.791882599337722, 54.848661067475959 ], [ 17.7918995823721, 54.848730688147974 ], [ 17.791953018712967, 54.848793873078733 ], [ 17.792037677757168, 54.848844437244637 ], [ 17.792145272495794, 54.848877431018444 ], [ 17.792265270701183, 54.848889624693989 ], [ 17.792385925934873, 54.848879824649906 ], [ 17.792495427438855, 54.848848990196892 ], [ 17.792583056324762, 54.848800139668406 ], [ 17.792640234858524, 54.848738054948953 ], [ 17.792661366111854, 54.848668813369088 ] ] ] ] } },
{ "type": "Feature", "properties": { "ID": "T_0153", "Easting": null, "Northing": null, "ID MAG": null, "Estimated_": null, "Depth_of_b": null, "Peak_to_Pe": null, "Instrument": null, "Bottom_Dep": null, "Type _of_g": null, "Risk_Class": null, "Priority": "3", "Sector": "322", "Comments": null, "EAST": 422477.69, "NORTH": 776803.97, "ID_MAG": 2107, "FERR_MASS": 5.78, "DOB": 0.57, "AMPLITUDE": 6.58, "ALTITUDE": 2.59, "DEPTH": -19.92, "TYPE": "pUXO", "RISK": "Low", "COMMENT": "-", "layer": "pUXO MTL_2026-03-11", "In_Corr": "no" }, "geometry": { "type": "MultiPolygon", "coordinates": [ [ [ [ 17.79265246529652, 54.848747747106877 ], [ 17.792635480957351, 54.84867812653394 ], [ 17.792582043695745, 54.848614941897807 ], [ 17.792497384441383, 54.848564378108577 ], [ 17.792389790240119, 54.848531384647806 ], [ 17.792269793057045, 54.848519191099662 ], [ 17.792149138874471, 54.848528991034108 ], [ 17.79203963798135, 54.848559825179414 ], [ 17.791952008969837, 54.84860867531696 ], [ 17.791894829569941, 54.848670759709321 ], [ 17.7918736970047, 54.848740001149253 ], [ 17.791890680054866, 54.848809621821708 ], [ 17.79194411648426, 54.848872806756034 ], [ 17.792028775681061, 54.848923370928269 ], [ 17.792136370621421, 54.848956364710524 ], [ 17.792256369057924, 54.848968558395867 ], [ 17.792377024529497, 54.848958758361931 ], [ 17.792486526254834, 54.84892792391841 ], [ 17.792574155323905, 54.848879073397882 ], [ 17.792631333984708, 54.848816988684035 ], [ 17.79265246529652, 54.848747747106877 ] ] ] ] } },
{ "type": "Feature", "properties": { "ID": "T_0154", "Easting": null, "Northing": null, "ID MAG": null, "Estimated_": null, "Depth_of_b": null, "Peak_to_Pe": null, "Instrument": null, "Bottom_Dep": null, "Type _of_g": null, "Risk_Class": null, "Priority": "3", "Sector": "322", "Comments": null, "EAST": 422653.26, "NORTH": 776914.93, "ID_MAG": 2108, "FERR_MASS": 3.81, "DOB": 1.11, "AMPLITUDE": 5.43, "ALTITUDE": 2.61, "DEPTH": -19.97, "TYPE": "pUXO", "RISK": "Low", "COMMENT": "-", "layer": "pUXO MTL_2026-03-11", "In_Corr": "no" }, "geometry": { "type": "MultiPolygon", "coordinates": [ [ [ [ 17.795357320781889, 54.849772143668957 ], [ 17.795340331374867, 54.849702523460884 ], [ 17.795286888537927, 54.849639339998127 ], [ 17.795202223746504, 54.849588778075926 ], [ 17.795094624588433, 54.849555786993101 ], [ 17.794974623513991, 54.849543596101029 ], [ 17.794853966886389, 54.849553398709681 ], [ 17.794744465233908, 54.849584235285569 ], [ 17.794656837223037, 54.849633087372183 ], [ 17.794599660485861, 54.849695173041262 ], [ 17.794578531984783, 54.849764414960617 ], [ 17.79459552010276, 54.849834035268259 ], [ 17.794648962107534, 54.849897219029238 ], [ 17.79473362684152, 54.849947781334464 ], [ 17.794841226738839, 54.849980772738768 ], [ 17.794961229066836, 54.84999296376801 ], [ 17.795081886983485, 54.849983161059797 ], [ 17.795191389468137, 54.849952324185672 ], [ 17.795279017536437, 54.849903471716054 ], [ 17.795336193534368, 54.849841385725497 ], [ 17.795357320781889, 54.849772143668957 ] ] ] ] } },
{ "type": "Feature", "properties": { "ID": "T_0155", "Easting": null, "Northing": null, "ID MAG": null, "Estimated_": null, "Depth_of_b": null, "Peak_to_Pe": null, "Instrument": null, "Bottom_Dep": null, "Type _of_g": null, "Risk_Class": null, "Priority": "3", "Sector": "322", "Comments": null, "EAST": 422696.75, "NORTH": 777170.37, "ID_MAG": 2109, "FERR_MASS": 5.89, "DOB": 0.61, "AMPLITUDE": -5.6, "ALTITUDE": 2.71, "DEPTH": -20.63, "TYPE": "pUXO", "RISK": "Low", "COMMENT": "-", "layer": "pUXO MTL_2026-03-11", "In_Corr": "no" }, "geometry": { "type": "MultiPolygon", "coordinates": [ [ [ [ 17.795966337724856, 54.852074592005799 ], [ 17.795949346358718, 54.852004971898978 ], [ 17.795895899575257, 54.851941788708174 ], [ 17.795811229236236, 54.851891227201975 ], [ 17.795703623472523, 54.851858236638499 ], [ 17.795583615380977, 54.851846046318244 ], [ 17.795462952011675, 54.851855849495259 ], [ 17.795353444552795, 54.851886686580372 ], [ 17.795265812239176, 54.851935539067249 ], [ 17.795208633124094, 54.851997624988478 ], [ 17.795187504402744, 54.852066866987187 ], [ 17.795204494479655, 54.852136487193555 ], [ 17.795257940430854, 54.852199670682637 ], [ 17.795342610712463, 54.852250232571862 ], [ 17.795450217215553, 54.852283223456872 ], [ 17.795570226560837, 54.852295413914284 ], [ 17.795690891219365, 54.852285610637701 ], [ 17.795800399510512, 54.852254773254309 ], [ 17.795888031881535, 54.852205920384407 ], [ 17.795945210257244, 54.852143834141671 ], [ 17.795966337724856, 54.852074592005799 ] ] ] ] } },
{ "type": "Feature", "properties": { "ID": "T_0156", "Easting": null, "Northing": null, "ID MAG": null, "Estimated_": null, "Depth_of_b": null, "Peak_to_Pe": null, "Instrument": null, "Bottom_Dep": null, "Type _of_g": null, "Risk_Class": null, "Priority": "3", "Sector": "322", "Comments": null, "EAST": 422514.85, "NORTH": 776793.1, "ID_MAG": 2110, "FERR_MASS": 430.01, "DOB": 2.19, "AMPLITUDE": 331.43, "ALTITUDE": 2.56, "DEPTH": -19.91, "TYPE": "pUXO", "RISK": "High", "COMMENT": "-", "layer": "pUXO MTL_2026-03-11", "In_Corr": "no" }, "geometry": { "type": "MultiPolygon", "coordinates": [ [ [ [ 17.793234162162765, 54.848655808182393 ], [ 17.79321717685696, 54.848586187685029 ], [ 17.793163738801841, 54.84852300330008 ], [ 17.793079079004773, 54.84847243991301 ], [ 17.79297148456472, 54.848439446966061 ], [ 17.792851487470145, 54.848427253993066 ], [ 17.792730833694701, 54.848437054507727 ], [ 17.792621333487489, 54.848467889181485 ], [ 17.792533705373518, 54.848516739744021 ], [ 17.792476526994953, 54.848578824416272 ], [ 17.792455395474857, 54.84864806596363 ], [ 17.792472379491677, 54.848717686560519 ], [ 17.792525816714601, 54.848780871243676 ], [ 17.792610476454144, 54.848831435013729 ], [ 17.792718071633306, 54.848864428282177 ], [ 17.792838069981311, 54.84887662139235 ], [ 17.792958725045739, 54.848866820778191 ], [ 17.793068226085143, 54.848835985806225 ], [ 17.793155854256639, 54.848787134860707 ], [ 17.793213031896094, 54.848725049866964 ], [ 17.793234162162765, 54.848655808182393 ] ] ] ] } },
{ "type": "Feature", "properties": { "ID": "T_0157", "Easting": null, "Northing": null, "ID MAG": null, "Estimated_": null, "Depth_of_b": null, "Peak_to_Pe": null, "Instrument": null, "Bottom_Dep": null, "Type _of_g": null, "Risk_Class": null, "Priority": "3", "Sector": "322", "Comments": null, "EAST": 422500.2, "NORTH": 776786.47, "ID_MAG": 2111, "FERR_MASS": 24.72, "DOB": 1.57, "AMPLITUDE": 14.48, "ALTITUDE": 2.7, "DEPTH": -19.91, "TYPE": "pUXO", "RISK": "Medium", "COMMENT": "-", "layer": "pUXO MTL_2026-03-11", "In_Corr": "no" }, "geometry": { "type": "MultiPolygon", "coordinates": [ [ [ [ 17.79300776240294, 54.848593954108495 ], [ 17.792990777511882, 54.848524333580826 ], [ 17.79293733989239, 54.848461149097737 ], [ 17.792852680509188, 54.848410585554369 ], [ 17.79274508642073, 54.848377592408184 ], [ 17.792625089581065, 54.848365399212589 ], [ 17.792504435938895, 54.848375199503018 ], [ 17.792394935730272, 54.8484060339729 ], [ 17.792307307480346, 54.848454884371833 ], [ 17.792250128844593, 54.848516968936828 ], [ 17.792228996971236, 54.84858621044372 ], [ 17.792245980573313, 54.848655831070914 ], [ 17.792299417360603, 54.84871901585219 ], [ 17.792384076686272, 54.848769579778569 ], [ 17.792491671513826, 54.848802573246239 ], [ 17.792611669606913, 54.848814766579032 ], [ 17.792732324538068, 54.848804966189093 ], [ 17.792841825578886, 54.848774131421017 ], [ 17.792929453886348, 54.848725280639087 ], [ 17.792986631783009, 54.848663195752607 ], [ 17.79300776240294, 54.848593954108495 ] ] ] ] } },
{ "type": "Feature", "properties": { "ID": "T_0230", "Easting": null, "Northing": null, "ID MAG": null, "Estimated_": null, "Depth_of_b": null, "Peak_to_Pe": null, "Instrument": null, "Bottom_Dep": null, "Type _of_g": null, "Risk_Class": null, "Priority": "2", "Sector": "314", "Comments": null, "EAST": 420654.73, "NORTH": 774221.9, "ID_MAG": 2139, "FERR_MASS": 466.98, "DOB": 2.38, "AMPLITUDE": -233.6, "ALTITUDE": 2.62, "DEPTH": -16.28, "TYPE": "linear_pUXO", "RISK": "High", "COMMENT": "linear_object", "layer": "pUXO MTL_2026-03-11", "In_Corr": "no" }, "geometry": { "type": "MultiPolygon", "coordinates": [ [ [ [ 17.764968229343896, 54.825256345020698 ], [ 17.764951301957986, 54.825186720603867 ], [ 17.76489793859481, 54.825123523921768 ], [ 17.764813362950353, 54.825072941063681 ], [ 17.764705853886305, 54.825039923377837 ], [ 17.764585935034244, 54.82502770281971 ], [ 17.76446534470923, 54.825037475603146 ], [ 17.764355886949602, 54.825068285114078 ], [ 17.764268276125328, 54.825117115545176 ], [ 17.764211088185952, 54.82517918708799 ], [ 17.764189921190102, 54.82524842379307 ], [ 17.764206847288527, 54.825318048308873 ], [ 17.76426020981965, 54.825381245288632 ], [ 17.764344785405317, 54.825431828529361 ], [ 17.764452295206286, 54.825464846536676 ], [ 17.764572215309499, 54.825477067232313 ], [ 17.764692806922, 54.825467294349899 ], [ 17.76480226551368, 54.825436484541321 ], [ 17.764889876396747, 54.825387653727574 ], [ 17.764947063599202, 54.825325581863297 ], [ 17.764968229343896, 54.825256345020698 ] ] ] ] } },
{ "type": "Feature", "properties": { "ID": "T_0231", "Easting": null, "Northing": null, "ID MAG": null, "Estimated_": null, "Depth_of_b": null, "Peak_to_Pe": null, "Instrument": null, "Bottom_Dep": null, "Type _of_g": null, "Risk_Class": null, "Priority": "2", "Sector": "314", "Comments": null, "EAST": 421323.94, "NORTH": 774050.69, "ID_MAG": 2140, "FERR_MASS": 9.03, "DOB": 0.41, "AMPLITUDE": -10.25, "ALTITUDE": 2.76, "DEPTH": -15.59, "TYPE": "linear_pUXO", "RISK": "Medium", "COMMENT": "linear_object", "layer": "pUXO MTL_2026-03-11", "In_Corr": "no" }, "geometry": { "type": "MultiPolygon", "coordinates": [ [ [ [ 17.775431864053214, 54.823823164050133 ], [ 17.775414919204202, 54.823753540989301 ], [ 17.77536154128687, 54.823690348820264 ], [ 17.775276955421791, 54.823639773190529 ], [ 17.775169441471053, 54.823606764740759 ], [ 17.775049523544535, 54.82359455452233 ], [ 17.77492893986668, 54.823604337737031 ], [ 17.774819493825198, 54.823635156749702 ], [ 17.774731898643065, 54.823683994822943 ], [ 17.774674728738738, 54.823746071400215 ], [ 17.774653580405491, 54.823815310039294 ], [ 17.774670523967266, 54.823884933199238 ], [ 17.774723901053015, 54.823948125666021 ], [ 17.774808486859808, 54.823998701678399 ], [ 17.774916001547812, 54.824031710449539 ], [ 17.775035920725543, 54.824043920805295 ], [ 17.775156505690639, 54.824034137491466 ], [ 17.775265952563707, 54.824003318181049 ], [ 17.77535354780413, 54.823954479725181 ], [ 17.775410716971191, 54.823892402826544 ], [ 17.775431864053214, 54.823823164050133 ] ] ] ] } },
{ "type": "Feature", "properties": { "ID": "T_0232", "Easting": null, "Northing": null, "ID MAG": null, "Estimated_": null, "Depth_of_b": null, "Peak_to_Pe": null, "Instrument": null, "Bottom_Dep": null, "Type _of_g": null, "Risk_Class": null, "Priority": "2", "Sector": "314", "Comments": null, "EAST": 420729.85, "NORTH": 774304.97, "ID_MAG": 2141, "FERR_MASS": 22.88, "DOB": 0.54, "AMPLITUDE": 23.52, "ALTITUDE": 2.64, "DEPTH": -16.41, "TYPE": "pUXO", "RISK": "Medium", "COMMENT": "-", "layer": "pUXO MTL_2026-03-11", "In_Corr": "no" }, "geometry": { "type": "MultiPolygon", "coordinates": [ [ [ [ 17.766114794490747, 54.82601481091686 ], [ 17.766097864832041, 54.825945186656895 ], [ 17.766044498688192, 54.825881990472489 ], [ 17.76595992002737, 54.825831408404198 ], [ 17.765852408006523, 54.825798391722962 ], [ 17.765732486546653, 54.825786172285888 ], [ 17.765611894218068, 54.825795946197125 ], [ 17.76550243525524, 54.82582675673217 ], [ 17.765414824145903, 54.825875587983482 ], [ 17.765357636867517, 54.825937660062294 ], [ 17.765336471414024, 54.826006896966717 ], [ 17.765353399785194, 54.826076521325682 ], [ 17.765406765097001, 54.826139717807763 ], [ 17.765491343699086, 54.826190300258702 ], [ 17.765598856456929, 54.826223317261416 ], [ 17.765718779168033, 54.826235536835988 ], [ 17.76583937278415, 54.826225762825764 ], [ 17.765948832579021, 54.826194951993038 ], [ 17.766036443747101, 54.82614612035907 ], [ 17.766093630288484, 54.826084047958787 ], [ 17.766114794490747, 54.82601481091686 ] ] ] ] } },
{ "type": "Feature", "properties": { "ID": "T_0234", "Easting": null, "Northing": null, "ID MAG": null, "Estimated_": null, "Depth_of_b": null, "Peak_to_Pe": null, "Instrument": null, "Bottom_Dep": null, "Type _of_g": null, "Risk_Class": null, "Priority": "2", "Sector": "314", "Comments": null, "EAST": 421127.31, "NORTH": 774394.44, "ID_MAG": 2143, "FERR_MASS": 89.81, "DOB": 2.2, "AMPLITUDE": -24.12, "ALTITUDE": 2.19, "DEPTH": -16.64, "TYPE": "linear_pUXO", "RISK": "Medium", "COMMENT": "linear_object", "layer": "pUXO MTL_2026-03-11", "In_Corr": "no" }, "geometry": { "type": "MultiPolygon", "coordinates": [ [ [ [ 17.77227745580716, 54.82688163787914 ], [ 17.772260515191061, 54.826812014433386 ], [ 17.772207138258374, 54.82674882091306 ], [ 17.772122550033327, 54.826698243097965 ], [ 17.772015030609051, 54.826665231842675 ], [ 17.771895104631199, 54.826653018473195 ], [ 17.771774511112309, 54.826662798499726 ], [ 17.771665054403364, 54.826693614599193 ], [ 17.771577448771506, 54.826742450319372 ], [ 17.771520269658058, 54.826804525334055 ], [ 17.771499114257761, 54.826873763353959 ], [ 17.771516053586335, 54.826943386898805 ], [ 17.771569429687165, 54.827006580716862 ], [ 17.771654017853759, 54.827057158914634 ], [ 17.771761538015319, 54.82709017049136 ], [ 17.771881465244572, 54.827102383998231 ], [ 17.772002060050987, 54.827092603872622 ], [ 17.772111517591789, 54.827061787475401 ], [ 17.772199123282096, 54.827012951372566 ], [ 17.772256301658263, 54.826950876036456 ], [ 17.77227745580716, 54.82688163787914 ] ] ] ] } },
{ "type": "Feature", "properties": { "ID": "T_0235", "Easting": null, "Northing": null, "ID MAG": null, "Estimated_": null, "Depth_of_b": null, "Peak_to_Pe": null, "Instrument": null, "Bottom_Dep": null, "Type _of_g": null, "Risk_Class": null, "Priority": "2", "Sector": "314", "Comments": null, "EAST": 420646.7, "NORTH": 774275.88, "ID_MAG": 2144, "FERR_MASS": 9.04, "DOB": 2.22, "AMPLITUDE": 13.72, "ALTITUDE": 2.25, "DEPTH": -16.24, "TYPE": "pUXO", "RISK": "Medium", "COMMENT": "-", "layer": "pUXO MTL_2026-03-11", "In_Corr": "no" }, "geometry": { "type": "MultiPolygon", "coordinates": [ [ [ [ 17.764828424157312, 54.825740207054849 ], [ 17.764811496822482, 54.82567058262417 ], [ 17.764758133051952, 54.825607385883437 ], [ 17.764673556581577, 54.825556802927665 ], [ 17.764566046353899, 54.825523785114648 ], [ 17.764446126114404, 54.825511564412309 ], [ 17.764325534313947, 54.825521337048642 ], [ 17.764216075135291, 54.82555214642391 ], [ 17.76412846308731, 54.825600976744106 ], [ 17.764071274239328, 54.825663048211624 ], [ 17.764050106738917, 54.82573228488441 ], [ 17.764067032786219, 54.825801909414068 ], [ 17.764120395724671, 54.825865106452447 ], [ 17.764204972136245, 54.825915689790882 ], [ 17.764312483100859, 54.825948707925349 ], [ 17.764432404591542, 54.825960928765198 ], [ 17.76455299767953, 54.825951156029937 ], [ 17.76466245769026, 54.825920346357002 ], [ 17.764750069797042, 54.82587151565415 ], [ 17.764807257908089, 54.825809443865154 ], [ 17.764828424157312, 54.825740207054849 ] ] ] ] } },
{ "type": "Feature", "properties": { "ID": "T_0236", "Easting": null, "Northing": null, "ID MAG": null, "Estimated_": null, "Depth_of_b": null, "Peak_to_Pe": null, "Instrument": null, "Bottom_Dep": null, "Type _of_g": null, "Risk_Class": null, "Priority": "2", "Sector": "314", "Comments": null, "EAST": 420641.05, "NORTH": 774275.93, "ID_MAG": 2145, "FERR_MASS": 43.88, "DOB": 1.49, "AMPLITUDE": 19.79, "ALTITUDE": 2.59, "DEPTH": -16.21, "TYPE": "pUXO", "RISK": "Medium", "COMMENT": "-", "layer": "pUXO MTL_2026-03-11", "In_Corr": "no" }, "geometry": { "type": "MultiPolygon", "coordinates": [ [ [ [ 17.764740460551781, 54.825739761464 ], [ 17.76472353336867, 54.825670137021838 ], [ 17.764670169736689, 54.825606940243119 ], [ 17.764585593378129, 54.825556357226624 ], [ 17.764478083224592, 54.825523339336058 ], [ 17.7643581630143, 54.825511118546977 ], [ 17.76423757119526, 54.825520891095792 ], [ 17.764128111952044, 54.825551700391422 ], [ 17.764040499799851, 54.825600530647613 ], [ 17.763983310818201, 54.82566260207301 ], [ 17.763962143167756, 54.825731838729702 ], [ 17.763979069063339, 54.825801463270857 ], [ 17.764032431863239, 54.825864660347222 ], [ 17.764117008162994, 54.825915243746365 ], [ 17.764224519053464, 54.825948261958409 ], [ 17.76434444051494, 54.825960482885009 ], [ 17.764465033621516, 54.82595071023723 ], [ 17.764574493696806, 54.825919900643939 ], [ 17.764662105907806, 54.825871070005107 ], [ 17.76471929415252, 54.825808998258225 ], [ 17.764740460551781, 54.825739761464 ] ] ] ] } },
{ "type": "Feature", "properties": { "ID": "T_0242", "Easting": null, "Northing": null, "ID MAG": null, "Estimated_": null, "Depth_of_b": null, "Peak_to_Pe": null, "Instrument": null, "Bottom_Dep": null, "Type _of_g": null, "Risk_Class": null, "Priority": "2", "Sector": "314", "Comments": null, "EAST": 421482.16, "NORTH": 773742.53, "ID_MAG": 2151, "FERR_MASS": 23.69, "DOB": 1.04, "AMPLITUDE": 15.41, "ALTITUDE": 2.23, "DEPTH": -13.96, "TYPE": "pUXO", "RISK": "Medium", "COMMENT": "-", "layer": "pUXO MTL_2026-03-11", "In_Corr": "no" }, "geometry": { "type": "MultiPolygon", "coordinates": [ [ [ [ 17.777978301987542, 54.82107844652527 ], [ 17.777961353830555, 54.821008823772772 ], [ 17.77790797547593, 54.820945632693643 ], [ 17.777823392087008, 54.820895058828675 ], [ 17.777715883283484, 54.820862052645801 ], [ 17.777595972671385, 54.820849844974532 ], [ 17.777475397759193, 54.820859630767295 ], [ 17.777365961076612, 54.820890452136581 ], [ 17.777278374930539, 54.820939292114318 ], [ 17.777221212854933, 54.82100136995755 ], [ 17.777200070376747, 54.821070609100069 ], [ 17.777217017246745, 54.821140231951709 ], [ 17.777270394770021, 54.821203423328598 ], [ 17.777354978100785, 54.82125399757615 ], [ 17.777462487641557, 54.821287004080325 ], [ 17.777582399504702, 54.821299211888899 ], [ 17.777702975703882, 54.821289425996973 ], [ 17.777812413217813, 54.821258604329941 ], [ 17.777899999422043, 54.82120976396962 ], [ 17.777957160760405, 54.82114768580508 ], [ 17.777978301987542, 54.82107844652527 ] ] ] ] } },
{ "type": "Feature", "properties": { "ID": "T_0243", "Easting": null, "Northing": null, "ID MAG": null, "Estimated_": null, "Depth_of_b": null, "Peak_to_Pe": null, "Instrument": null, "Bottom_Dep": null, "Type _of_g": null, "Risk_Class": null, "Priority": "2", "Sector": "314", "Comments": null, "EAST": 420859.75, "NORTH": 773844.48, "ID_MAG": 2152, "FERR_MASS": 58.87, "DOB": 1.57, "AMPLITUDE": 18.42, "ALTITUDE": 1.9, "DEPTH": -16.65, "TYPE": "linear_pUXO", "RISK": "Medium", "COMMENT": "linear_object", "layer": "pUXO MTL_2026-03-11", "In_Corr": "no" }, "geometry": { "type": "MultiPolygon", "coordinates": [ [ [ [ 17.768262859274035, 54.821896785156184 ], [ 17.768245927530455, 54.821827161139424 ], [ 17.768192563350865, 54.821763965867703 ], [ 17.768107990511112, 54.821713385292291 ], [ 17.768000487598332, 54.821680370537969 ], [ 17.767880577641971, 54.821668153273237 ], [ 17.767759998086344, 54.821677929389608 ], [ 17.767650551915654, 54.821708741946729 ], [ 17.767562952365502, 54.821757574839125 ], [ 17.767505774281872, 54.821819648017382 ], [ 17.767484614758633, 54.82188888537199 ], [ 17.767501545215037, 54.821958509487757 ], [ 17.767554908562872, 54.822021705057111 ], [ 17.767639481344002, 54.822072286015121 ], [ 17.767746984993678, 54.822105301090872 ], [ 17.767866896200985, 54.82211751849303 ], [ 17.767987477043793, 54.822107742277659 ], [ 17.768096924046237, 54.822076929422877 ], [ 17.768184523655012, 54.822028096147882 ], [ 17.768241701001745, 54.821966022648212 ], [ 17.768262859274035, 54.821896785156184 ] ] ] ] } },
{ "type": "Feature", "properties": { "ID": "T_0245", "Easting": null, "Northing": null, "ID MAG": null, "Estimated_": null, "Depth_of_b": null, "Peak_to_Pe": null, "Instrument": null, "Bottom_Dep": null, "Type _of_g": null, "Risk_Class": null, "Priority": "2", "Sector": "314", "Comments": null, "EAST": 421248.05, "NORTH": 773344.62, "ID_MAG": 2154, "FERR_MASS": 17.53, "DOB": 1.85, "AMPLITUDE": 5.19, "ALTITUDE": 2.37, "DEPTH": -11.91, "TYPE": "pUXO", "RISK": "Low", "COMMENT": "-", "layer": "pUXO MTL_2026-03-11", "In_Corr": "no" }, "geometry": { "type": "MultiPolygon", "coordinates": [ [ [ [ 17.774442762638955, 54.817465558547767 ], [ 17.774425821990345, 54.817395935299075 ], [ 17.774372453858746, 54.817332742679902 ], [ 17.774287882406789, 54.81728216638183 ], [ 17.774180386085721, 54.81724915711095 ], [ 17.774060487279741, 54.817236945999056 ], [ 17.773939922341718, 54.817246728335355 ], [ 17.773830492825041, 54.817277546570701 ], [ 17.773742910335173, 54.817326384043739 ], [ 17.773685748048152, 54.817388460256701 ], [ 17.773664601511584, 54.817457698802983 ], [ 17.773681540873447, 54.817527322150752 ], [ 17.773734908173751, 54.817590515067593 ], [ 17.77381947956739, 54.8176410917482 ], [ 17.7739269766254, 54.81767410134038 ], [ 17.774046876682089, 54.817686312589601 ], [ 17.774167442906858, 54.817676530154202 ], [ 17.774276873254831, 54.817645711621211 ], [ 17.774364455803017, 54.817596873765631 ], [ 17.774421617353095, 54.817534797231367 ], [ 17.774442762638955, 54.817465558547767 ] ] ] ] } }
]
}
